{
"type": "FeatureCollection",
"name": "munis09",
"crs": { "type": "name", "properties": { "name": "urn:ogc:def:crs:EPSG::6372" } },
"features": [
{ "type": "Feature", "properties": { "CVEGEO": "09012", "CVE_ENT": "09", "CVE_MUN": "012", "NOMGEO": "Tlalpan" }, "geometry": { "type": "MultiPolygon", "coordinates": [ [ [ [ 2791349.818700001575053, 815583.058899997267872 ], [ 2791369.938100005500019, 815548.358500001486391 ], [ 2791396.143799999728799, 815508.521699999342673 ], [ 2791420.684199991635978, 815475.750900004408322 ], [ 2791440.87160000577569, 815448.916299997130409 ], [ 2791454.952400001697242, 815431.628699994995259 ], [ 2791524.063600004650652, 815339.555599998915568 ], [ 2791564.593200000934303, 815289.272199995582923 ], [ 2791570.92539999447763, 815281.41620000184048 ], [ 2791634.7829, 815218.576499995077029 ], [ 2791671.080700000748038, 815188.819800003664568 ], [ 2791702.772200001403689, 815165.188700005062856 ], [ 2791718.353400002233684, 815154.283400001237169 ], [ 2791770.301200004294515, 815122.788100001518615 ], [ 2791826.206699998117983, 815095.160299998475239 ], [ 2791883.590899994596839, 815072.911799996625632 ], [ 2791934.714899997226894, 815056.225899998098612 ], [ 2791995.603899997659028, 815043.575499997008592 ], [ 2792046.519399996846914, 815032.997100001433864 ], [ 2792233.429300000891089, 815002.44399999617599 ], [ 2792390.937600003555417, 814975.85130000137724 ], [ 2792465.966099997982383, 814963.598200004198588 ], [ 2792554.16960000153631, 814948.264199994155206 ], [ 2792840.779899997636676, 814900.78610000142362 ], [ 2792849.293899999000132, 814899.343299998319708 ], [ 2792914.910400000400841, 814888.23059999581892 ], [ 2792962.986300002783537, 814879.858999999123625 ], [ 2792988.064799999818206, 814875.798899996443652 ], [ 2793068.114500004798174, 814862.15169999783393 ], [ 2793108.8868000023067, 814854.712400004500523 ], [ 2793159.580700006335974, 814842.355899997171946 ], [ 2793211.482200000435114, 814828.386599995661527 ], [ 2793312.580099996179342, 814794.851199999917299 ], [ 2793427.457299999892712, 814745.691699997405522 ], [ 2793456.678000001236796, 814730.570699998177588 ], [ 2793499.329100001603365, 814708.496500001754612 ], [ 2793543.711999997496605, 814684.546200002776459 ], [ 2793585.193999994546175, 814658.362000000663102 ], [ 2793610.223200001753867, 814642.155700000817887 ], [ 2793647.450000000186265, 814620.388900001998991 ], [ 2793684.288400003686547, 814600.694300001603551 ], [ 2793748.11429999768734, 814573.716599996900186 ], [ 2793795.252699997276068, 814557.6069999987958 ], [ 2793840.056999993510544, 814544.482799995341338 ], [ 2793875.074000002816319, 814536.422799996449612 ], [ 2793926.269699999131262, 814527.42310000222642 ], [ 2793929.786600003950298, 814526.804900004644878 ], [ 2793933.745900000445545, 814526.343899995787069 ], [ 2793946.417699997313321, 814524.868599995737895 ], [ 2793951.576200000941753, 814524.267999997013249 ], [ 2793962.715200001373887, 814522.971099997404963 ], [ 2793968.044699995778501, 814522.350600002333522 ], [ 2793969.760799994692206, 814522.154699999489821 ], [ 2793969.899999998509884, 814522.145000001299195 ], [ 2793972.085200000554323, 814521.991899998742156 ], [ 2793992.619599993340671, 814520.553600002778694 ], [ 2794031.166399997659028, 814518.923900002380833 ], [ 2794077.985799998044968, 814519.892900003003888 ], [ 2794137.628099999390543, 814524.936599997454323 ], [ 2794191.672200004570186, 814532.29229999834206 ], [ 2794332.796599997207522, 814551.496900000376627 ], [ 2794544.046700002625585, 814580.302299995324574 ], [ 2794677.958000000566244, 814598.924099999363534 ], [ 2794699.222999998368323, 814601.962200002977625 ], [ 2794890.844400000758469, 814627.030299999634735 ], [ 2794918.6042, 814630.464499996858649 ], [ 2794941.688299994915724, 814633.539799997583032 ], [ 2795106.03730000089854, 814656.749399999389425 ], [ 2795162.578899998217821, 814664.41600000532344 ], [ 2795208.553799998015165, 814670.571299997973256 ], [ 2795248.748699998483062, 814676.341500001726672 ], [ 2795298.354699997231364, 814683.628400002955459 ], [ 2795394.470499998889863, 814694.971800002735108 ], [ 2795412.126699996180832, 814696.376600001938641 ], [ 2795474.961200002580881, 814701.576699995901436 ], [ 2795505.705000002868474, 814703.798699999810196 ], [ 2795556.374500002712011, 814706.146500000264496 ], [ 2795606.338500004261732, 814707.427300000446849 ], [ 2795618.817699994891882, 814707.683800004306249 ], [ 2795695.569799994118512, 814706.414599996292964 ], [ 2795817.230499994009733, 814700.116999995545484 ], [ 2795824.8142, 814699.724400000530295 ], [ 2795844.904299997724593, 814698.362400001613423 ], [ 2795844.937100001610816, 814698.35870000126306 ], [ 2795846.694700003601611, 814698.161099997232668 ], [ 2795879.954199998639524, 814694.325399996014312 ], [ 2795882.586799999698997, 814693.915299998596311 ], [ 2795906.202399995177984, 814690.236900000134483 ], [ 2795975.668699998408556, 814682.381000002962537 ], [ 2796038.7668999992311, 814674.089700001641177 ], [ 2796104.947100000455976, 814666.48879999993369 ], [ 2796168.70660000666976, 814658.212200003908947 ], [ 2796235.438699995167553, 814650.327899995958433 ], [ 2796293.034200001507998, 814642.590599996154197 ], [ 2796360.441800001077354, 814634.059899999061599 ], [ 2796417.94329999666661, 814626.846699999296106 ], [ 2796419.798600000329316, 814626.640399996656924 ], [ 2796437.535899999551475, 814624.672399997478351 ], [ 2796437.557600001804531, 814624.670000003650784 ], [ 2796437.564000003039837, 814624.669300002162345 ], [ 2796437.583199998363853, 814624.667199997697026 ], [ 2796438.876999993808568, 814624.523499995237216 ], [ 2796439.391299998387694, 814624.466299996594898 ], [ 2796439.409500002861023, 814624.464299997314811 ], [ 2796439.415500000119209, 814624.463599995826371 ], [ 2796439.439700002782047, 814624.460700002149679 ], [ 2796494.759800002910197, 814617.928099998505786 ], [ 2796557.085600007325411, 814610.235599998384714 ], [ 2796557.508400002494454, 814610.183399997884408 ], [ 2796558.721900002099574, 814610.033600001246668 ], [ 2796573.961200000718236, 814607.731100000091828 ], [ 2796573.987200000323355, 814607.727199997985736 ], [ 2796575.726500000804663, 814607.538199996226467 ], [ 2796609.75379999820143, 814603.912499997997656 ], [ 2796611.31279999576509, 814603.746699998271652 ], [ 2796611.609199997037649, 814603.706200004089624 ], [ 2796613.263700004667044, 814603.482899998896755 ], [ 2796615.637500004842877, 814603.162500005913898 ], [ 2796616.534999995492399, 814603.041499997023493 ], [ 2796628.232500004582107, 814601.462799995671958 ], [ 2796686.446000006049871, 814594.198500000406057 ], [ 2796697.807699997909367, 814592.756700005847961 ], [ 2796753.563400004059076, 814585.73449999850709 ], [ 2796787.923600006848574, 814581.663100001751445 ], [ 2796811.698700006119907, 814578.984799997881055 ], [ 2796849.670400001108646, 814574.53759999840986 ], [ 2796850.56150000076741, 814574.434899998595938 ], [ 2796851.527900005690753, 814574.331499997409992 ], [ 2796879.750699995085597, 814571.352499995264225 ], [ 2796881.077499995939434, 814571.211899996967986 ], [ 2796881.608300004154444, 814571.146299997810274 ], [ 2796947.121699994429946, 814562.961700003710575 ], [ 2796961.632099998183548, 814561.33269999595359 ], [ 2797015.759900001809001, 814554.639299999573268 ], [ 2797023.129699993878603, 814553.730500005302019 ], [ 2797061.018100003711879, 814549.047100001713261 ], [ 2797070.029899998567998, 814547.9101000004448 ], [ 2797130.250699992291629, 814540.309699998586439 ], [ 2797195.820699993520975, 814532.041099999565631 ], [ 2797248.381099998019636, 814525.471000000834465 ], [ 2797298.294299992732704, 814519.234000000869855 ], [ 2797311.123499997891486, 814517.649399998132139 ], [ 2797345.323399999178946, 814513.42700000340119 ], [ 2797360.166700000874698, 814511.140400000032969 ], [ 2797376.300200002267957, 814508.655099996598437 ], [ 2797407.542000005953014, 814504.161200003465638 ], [ 2797435.272600005380809, 814498.681499999947846 ], [ 2797477.723999997600913, 814488.263000002712943 ], [ 2797482.538300001062453, 814486.970399999758229 ], [ 2797509.421800003387034, 814478.743600001558661 ], [ 2797564.600400001741946, 814457.654100001789629 ], [ 2797620.631800006143749, 814429.832299998728558 ], [ 2797649.362000000663102, 814413.799699999159202 ], [ 2797676.765400001779199, 814395.265399998635985 ], [ 2797710.780599998310208, 814369.803499996894971 ], [ 2797747.976499995216727, 814341.96009999641683 ], [ 2797766.643000002019107, 814324.978600002941675 ], [ 2797790.255199995823205, 814301.194299996597692 ], [ 2797815.11179999820888, 814275.451800003298558 ], [ 2797869.931100006215274, 814205.326500001945533 ], [ 2797916.053300003521144, 814140.411599997780286 ], [ 2797931.823199999518692, 814119.43439999956172 ], [ 2797988.907600000500679, 814045.203899997868575 ], [ 2797997.909199997782707, 814033.498699999065138 ], [ 2798003.4545, 814026.278300000121817 ], [ 2798003.915099997073412, 814025.677999999606982 ], [ 2798005.312100000679493, 814026.071100003202446 ], [ 2798029.019399999640882, 814032.740900002769195 ], [ 2798077.875300001353025, 814044.501500002690591 ], [ 2798149.875800002366304, 814062.166899997973815 ], [ 2798155.111100003123283, 814063.390400003059767 ], [ 2798217.8149000024423, 814078.086000003386289 ], [ 2798299.212800005450845, 814097.430300000705756 ], [ 2798475.81430000346154, 814144.426999997347593 ], [ 2798496.684199998155236, 814150.948399994405918 ], [ 2798512.599799996241927, 814156.775200000498444 ], [ 2798529.889500003308058, 814165.253800002508797 ], [ 2798537.441399996168911, 814171.76359999855049 ], [ 2798554.850599994882941, 814186.627600003033876 ], [ 2798583.598700002767146, 814207.925399995874614 ], [ 2798621.696300000883639, 814235.790799997164868 ], [ 2798631.961300000548363, 814243.883699996513315 ], [ 2798687.500199998728931, 814287.667399996658787 ], [ 2798737.461400003172457, 814329.092399996705353 ], [ 2798822.331799996085465, 814401.411599998013116 ], [ 2798868.984499993734062, 814442.119100003154017 ], [ 2798884.249399997293949, 814455.438799997325987 ], [ 2798918.162700000219047, 814484.638300004182383 ], [ 2798940.210000002756715, 814507.090800002450123 ], [ 2798962.464000002481043, 814534.212600004160777 ], [ 2798963.141699996776879, 814535.038499998627231 ], [ 2798963.958499997854233, 814536.035300004994497 ], [ 2798964.99720000103116, 814534.832599999383092 ], [ 2798993.999099995009601, 814501.311900000087917 ], [ 2798994.227600000798702, 814501.047100001014769 ], [ 2798995.854500003159046, 814501.104799999506213 ], [ 2799005.204299999400973, 814501.436399998958223 ], [ 2799014.923699998296797, 814501.781199995311908 ], [ 2799048.87049999833107, 814498.145099997404031 ], [ 2799050.684900003485382, 814497.947099998826161 ], [ 2799102.0855, 814488.083299995749258 ], [ 2799105.670100007206202, 814487.37769999995362 ], [ 2799122.739499999210238, 814484.017599998740479 ], [ 2799150.024499996565282, 814478.646499996306375 ], [ 2799192.276800001971424, 814467.139100003172643 ], [ 2799212.163099996745586, 814459.523399999830872 ], [ 2799250.071299998089671, 814444.902200002339669 ], [ 2799257.960900002159178, 814441.859499995131046 ], [ 2799269.81939999666065, 814437.442800002172589 ], [ 2799313.644699995405972, 814420.494999998365529 ], [ 2799350.19679999910295, 814406.60440000530798 ], [ 2799388.062499998137355, 814392.181300002848729 ], [ 2799468.490500004962087, 814361.193199996952899 ], [ 2799470.00350000243634, 814360.609499995596707 ], [ 2799470.346000000834465, 814360.98729999770876 ], [ 2799495.778599997982383, 814388.918400003341958 ], [ 2799525.565300004556775, 814422.350899997749366 ], [ 2799557.068499996326864, 814457.705699997139163 ], [ 2799609.461900000460446, 814519.750799996545538 ], [ 2799642.97930000256747, 814559.744600003352389 ], [ 2799647.090799998492002, 814564.635099998791702 ], [ 2799669.143299992196262, 814590.869300000253133 ], [ 2799685.384400004521012, 814610.188500001328066 ], [ 2799721.465000002644956, 814656.835200001718476 ], [ 2799721.594299998134375, 814656.98919999867212 ], [ 2799724.873899993486702, 814660.894600002793595 ], [ 2799770.730099998414516, 814717.661199997761287 ], [ 2799773.399800000712276, 814720.783900002366863 ], [ 2799802.164700001478195, 814754.451600001193583 ], [ 2799803.195100001059473, 814755.714300002669916 ], [ 2799804.649399999529123, 814757.493399996426888 ], [ 2799837.299700003117323, 814797.437099998584017 ], [ 2799845.647200003266335, 814807.423699999344535 ], [ 2799860.863500001840293, 814826.032299997517839 ], [ 2799871.023899998515844, 814838.457900002715178 ], [ 2799876.689000000245869, 814845.597600002656691 ], [ 2799896.648899999447167, 814870.168399996589869 ], [ 2799915.693599994294345, 814890.803499999223277 ], [ 2799927.390499997884035, 814904.145099997753277 ], [ 2799953.134799998253584, 814934.65229999856092 ], [ 2799971.424199995584786, 814957.403399999486282 ], [ 2800033.100299997255206, 815034.129900002502836 ], [ 2800106.513400001451373, 815114.48059999558609 ], [ 2800136.438199997879565, 815149.520100005553104 ], [ 2800190.979599997401237, 815215.308599997311831 ], [ 2800277.473299997858703, 815335.482900004368275 ], [ 2800277.8100999975577, 815335.947900002938695 ], [ 2800279.330799993127584, 815335.277199998032302 ], [ 2800336.749300002120435, 815309.959999998332933 ], [ 2800481.519599995575845, 815246.051500002387911 ], [ 2800513.265900000929832, 815233.715100001893006 ], [ 2800576.658100001513958, 815206.676299996557645 ], [ 2800618.143500000238419, 815188.981400003074668 ], [ 2800675.35090000089258, 815164.371200002264231 ], [ 2800729.2702999971807, 815141.216799999820068 ], [ 2800775.680399999022484, 815121.287700005224906 ], [ 2800780.407999997027218, 815119.252500002272427 ], [ 2800833.1387, 815096.535099999746308 ], [ 2800888.485699994489551, 815072.47140000318177 ], [ 2800957.326800001785159, 815043.051500002271496 ], [ 2801008.523299996741116, 815021.170700000831857 ], [ 2801029.283099999651313, 815012.299699996830896 ], [ 2801061.00100000295788, 814999.026500003412366 ], [ 2801085.866300004534423, 814988.622500000870787 ], [ 2801111.736100003123283, 814977.797099998104386 ], [ 2801191.519000001251698, 814943.470999996876344 ], [ 2801306.795700001530349, 814894.769199997303076 ], [ 2801324.470799994654953, 814887.301800000015646 ], [ 2801342.378400000743568, 814881.001900001778267 ], [ 2801347.241899996995926, 814879.156100004096515 ], [ 2801397.657300005666912, 814858.408499998273328 ], [ 2801520.180499999783933, 814807.986100001260638 ], [ 2801576.825900002382696, 814787.139499996206723 ], [ 2801620.211299998685718, 814771.30809999583289 ], [ 2801734.959299995563924, 814736.020299998461269 ], [ 2801849.881899995729327, 814701.103499998571351 ], [ 2802067.318899996578693, 814641.890099995071068 ], [ 2802106.455700006335974, 814631.255600005621091 ], [ 2802170.487200001254678, 814614.939699996262789 ], [ 2802238.105100002139807, 814599.041899998905137 ], [ 2802289.545599996112287, 814586.88650000304915 ], [ 2802301.572599999606609, 814584.043499995605089 ], [ 2802435.2292, 814553.298399998340756 ], [ 2802502.858, 814539.599200000986457 ], [ 2802575.276999998837709, 814525.678699997602962 ], [ 2802629.017300002276897, 814513.300199998309836 ], [ 2802681.235299995169044, 814500.729100001975894 ], [ 2802736.761900000274181, 814487.116100001498125 ], [ 2802855.95820000115782, 814459.560400004032999 ], [ 2802895.104799996130168, 814450.48050000180956 ], [ 2802948.363399996422231, 814437.636399998911656 ], [ 2802970.218399999663234, 814432.269199998583645 ], [ 2802970.937900003045797, 814432.091600004932843 ], [ 2802972.076000000350177, 814432.061599998152815 ], [ 2803012.858800003305078, 814431.005600002710707 ], [ 2803052.301099998876452, 814434.610899996012449 ], [ 2803074.792100000195205, 814436.854299995582551 ], [ 2803162.135099999606609, 814444.149799998966046 ], [ 2803175.5345000019297, 814444.795499995350838 ], [ 2803194.056299998424947, 814446.467600001487881 ], [ 2803246.521500000730157, 814450.311799999675713 ], [ 2803265.97420000564307, 814451.779800004092976 ], [ 2803297.942400004714727, 814454.31729999918025 ], [ 2803352.064999999478459, 814458.835799997439608 ], [ 2803367.496099997311831, 814459.892599999671802 ], [ 2803409.663800002075732, 814462.939900001743808 ], [ 2803416.677699997089803, 814463.484499994316138 ], [ 2803438.00800000410527, 814465.075699999928474 ], [ 2803463.476299998350441, 814466.975499995634891 ], [ 2803512.318400006741285, 814470.605099995969795 ], [ 2803540.507799996994436, 814472.908999999985099 ], [ 2803628.489099999889731, 814479.636400001589209 ], [ 2803712.757200001738966, 814486.079899997101165 ], [ 2803795.654600005596876, 814491.933299998869188 ], [ 2803827.389300000853837, 814493.672399998293258 ], [ 2803835.654299995861948, 814493.98739999847021 ], [ 2803837.417900004424155, 814493.989000003202818 ], [ 2803837.523199999704957, 814493.989099999656901 ], [ 2803837.517399994656444, 814493.895500001846813 ], [ 2803814.354500004090369, 814118.920699999318458 ], [ 2803811.512699997983873, 814080.282499998924322 ], [ 2803808.190800001844764, 814035.115000000805594 ], [ 2803802.743700001388788, 813961.053799997433089 ], [ 2803717.684900002554059, 813918.156499996199273 ], [ 2803659.4682, 813888.796300001908094 ], [ 2803644.091700005345047, 813881.164099995745346 ], [ 2803554.210299999453127, 813835.680899995844811 ], [ 2803532.866600002162158, 813824.502199999755248 ], [ 2803482.923600002191961, 813798.343499997165054 ], [ 2803464.821800003759563, 813788.8611000002129 ], [ 2803423.122299997135997, 813767.567299997084774 ], [ 2803354.28489999845624, 813739.949999999022111 ], [ 2803349.251499999314547, 813737.774800002807751 ], [ 2803302.974600003100932, 813718.863299996592104 ], [ 2803099.427599999122322, 813624.564199998043478 ], [ 2802979.289499998092651, 813567.532199998968281 ], [ 2802875.551299993880093, 813519.414100000634789 ], [ 2802868.400500001385808, 813516.170700002810918 ], [ 2802739.2195999994874, 813454.592600001371466 ], [ 2802610.952799996361136, 813394.426299996674061 ], [ 2802435.177999999374151, 813311.140499997884035 ], [ 2802396.361399998888373, 813292.747299995389767 ], [ 2802312.581400001421571, 813253.130199994542636 ], [ 2802082.163399999029934, 813144.400899999658577 ], [ 2801696.460799998603761, 812961.507799998275004 ], [ 2801636.639000001363456, 812933.246800002991222 ], [ 2801461.314400001429021, 812850.515699998475611 ], [ 2801416.825400003232062, 812834.376299995463341 ], [ 2801355.661500003188848, 812812.187600005301647 ], [ 2801347.972299999557436, 812809.777699995669536 ], [ 2801326.976400006562471, 812803.486000005039386 ], [ 2801301.77649999782443, 812795.872300000977702 ], [ 2801271.02690000180155, 812785.917100001126528 ], [ 2801078.590000004507601, 812724.959100000094622 ], [ 2801005.11739999614656, 812701.881599999614991 ], [ 2800917.134000005200505, 812673.827899997937493 ], [ 2800876.748300005681813, 812661.00849999662023 ], [ 2800788.091000000946224, 812632.86149999522604 ], [ 2800744.644800001755357, 812619.064799998071976 ], [ 2800740.262299997732043, 812617.673099999316037 ], [ 2800679.382600001990795, 812598.329399998416193 ], [ 2800624.663500003516674, 812581.168199997977354 ], [ 2800619.147900001145899, 812579.438400002196431 ], [ 2800568.107999999076128, 812563.429899999289773 ], [ 2800408.799500004388392, 812512.753499997546896 ], [ 2800294.70790000166744, 812484.030399997485802 ], [ 2800208.867899995297194, 812468.381399996113032 ], [ 2800152.017499997280538, 812460.736000001779757 ], [ 2800097.624700001440942, 812455.080899996683002 ], [ 2800048.78029999602586, 812451.42490000242833 ], [ 2800004.08179999422282, 812450.07229999487754 ], [ 2799934.042600002139807, 812451.091600001906045 ], [ 2799897.228499997407198, 812451.998899996746331 ], [ 2799859.111300001852214, 812453.692899998393841 ], [ 2799814.589499999769032, 812458.402899997658096 ], [ 2799757.660499998368323, 812464.889500000397675 ], [ 2799687.64570000115782, 812476.051899995421991 ], [ 2799671.086099999025464, 812478.998900000355206 ], [ 2799669.097300000488758, 812452.914500004379079 ], [ 2799659.386300001293421, 812331.008299997076392 ], [ 2799659.73450000025332, 812318.166299998643808 ], [ 2799645.933499997481704, 812206.974700000835583 ], [ 2799636.147299998439848, 812105.814899997902103 ], [ 2799637.202299994416535, 812096.122699999483302 ], [ 2799639.71129999961704, 812073.092499997816049 ], [ 2799633.470299991779029, 812021.079399995040148 ], [ 2799630.583200003951788, 811973.563200001954101 ], [ 2799629.450999999418855, 811927.790000001667067 ], [ 2799621.431599999777973, 811878.316400002106093 ], [ 2799613.400399997830391, 811825.116000000503846 ], [ 2799611.036999997682869, 811722.377899999730289 ], [ 2799597.479900006204844, 811659.445600003586151 ], [ 2799591.595299996435642, 811623.795499998494051 ], [ 2799589.242100003175437, 811610.287699996959418 ], [ 2799581.8125, 811529.416900002397597 ], [ 2799681.775900001637638, 811507.720700000878423 ], [ 2799677.022100002504885, 811486.035300002549775 ], [ 2799654.832099996507168, 811402.028900004574098 ], [ 2799633.28589999396354, 811348.195500003756024 ], [ 2799620.704499994404614, 811303.640300001832657 ], [ 2799610.271700004115701, 811255.170499997213483 ], [ 2799592.807499999180436, 811188.695299997576512 ], [ 2799583.581900004297495, 811170.414099998539314 ], [ 2799576.135499998927116, 811167.760300003341399 ], [ 2799557.543299998156726, 811169.976899996865541 ], [ 2799543.936100002378225, 811167.92590000142809 ], [ 2799534.401299995370209, 811161.840699997497723 ], [ 2799515.156300003640354, 811148.149900000542402 ], [ 2799504.994699995964766, 811133.459700001752935 ], [ 2799494.374899994581938, 811119.203100000624545 ], [ 2799487.263099996373057, 811103.487299998872913 ], [ 2799478.0477, 811069.680700002936646 ], [ 2799457.509700002148747, 811032.924699999392033 ], [ 2799433.93850000295788, 811036.894900004612282 ], [ 2799415.947300004772842, 811036.521100001176819 ], [ 2799396.724499998614192, 811039.446299998206086 ], [ 2799354.99549999460578, 810961.736699994304217 ], [ 2799335.614299998618662, 810919.528300001984462 ], [ 2799322.691100001335144, 810893.443300000973977 ], [ 2799317.610700001008809, 810882.118299997993745 ], [ 2799309.8311, 810853.326899998006411 ], [ 2799300.084299999289215, 810818.786699998774566 ], [ 2799299.10670000500977, 810806.322099999058992 ], [ 2799382.617099997587502, 810796.617700003320351 ], [ 2799411.231299999170005, 810793.06449999648612 ], [ 2799434.990099997259676, 810789.698500002617948 ], [ 2799454.756300003267825, 810788.044100000639446 ], [ 2799477.563499997369945, 810786.179699995554984 ], [ 2799467.840400006622076, 810707.563499998417683 ], [ 2799555.880600000731647, 810728.160200002603233 ], [ 2799564.872999999672174, 810720.859799997531809 ], [ 2799565.096699999645352, 810559.610100000863895 ], [ 2799563.250200000591576, 810529.400800001109019 ], [ 2799559.777700001373887, 810472.54740000423044 ], [ 2799563.110299995169044, 810467.064200002001598 ], [ 2799570.183799999766052, 810457.08979999856092 ], [ 2799573.342000000178814, 810448.891299997107126 ], [ 2799568.870200004428625, 810426.18439999956172 ], [ 2799567.707299999892712, 810405.135499999159947 ], [ 2799568.71760000102222, 810386.586800000281073 ], [ 2799569.735699998214841, 810368.909400000586174 ], [ 2799572.971600007265806, 810359.709900001296774 ], [ 2799576.984200000762939, 810353.153799997409806 ], [ 2799581.416300000622869, 810346.330000000772998 ], [ 2799585.10119999665767, 810323.965499997022562 ], [ 2799589.489799994975328, 810271.075799998943694 ], [ 2799606.09010000154376, 810194.116599999251775 ], [ 2799605.748499996960163, 810186.315400001592934 ], [ 2799604.610100001096725, 810180.511299997800961 ], [ 2799602.698500002734363, 810175.56290000223089 ], [ 2799595.425599996931851, 810156.652500000782311 ], [ 2799590.695799997076392, 810144.466400005621836 ], [ 2799587.154900002293289, 810135.243300000904128 ], [ 2799582.341000001877546, 810122.228600001661107 ], [ 2799576.077300000935793, 810106.086599994334392 ], [ 2799574.070299997925758, 810095.137299997732043 ], [ 2799578.746099999174476, 810057.931400004192255 ], [ 2799578.861399999819696, 810041.465999996173196 ], [ 2799580.69749999884516, 810028.050399997970089 ], [ 2799582.750300001353025, 810015.60200000286568 ], [ 2799594.583199999295175, 809989.075800001737662 ], [ 2799599.853200006298721, 809979.732399998232722 ], [ 2799612.036100001074374, 809974.267699998104945 ], [ 2799619.837200002744794, 809966.677399997832254 ], [ 2799631.601599998772144, 809942.384699996327981 ], [ 2799645.385300001129508, 809913.168000002740882 ], [ 2799652.65529999602586, 809905.398100000689737 ], [ 2799661.578299999237061, 809900.60390000382904 ], [ 2799675.686999997124076, 809890.02000000141561 ], [ 2799684.764899999834597, 809882.982900004717521 ], [ 2799694.416499999351799, 809877.411499997484498 ], [ 2799709.216200002469122, 809870.830799997318536 ], [ 2799722.798100000247359, 809863.737799999769777 ], [ 2799735.066499998793006, 809857.150899999891408 ], [ 2799744.527200002223253, 809846.908300004084595 ], [ 2799755.491899996064603, 809832.231500003836118 ], [ 2799774.790399994701147, 809816.127599996747449 ], [ 2799787.500099998898804, 809804.820299998042174 ], [ 2799800.5751, 809788.025899994885549 ], [ 2799808.85950000025332, 809774.933199997525662 ], [ 2799814.150500000454485, 809764.912300002179109 ], [ 2799817.929200004786253, 809758.374700000393204 ], [ 2799819.044599999673665, 809754.025500000570901 ], [ 2799819.429999995976686, 809748.635899996035732 ], [ 2799818.132900003343821, 809740.693100000382401 ], [ 2799817.011200003325939, 809733.468099997960962 ], [ 2799815.057400000281632, 809725.378600000985898 ], [ 2799810.667300003580749, 809715.51460000500083 ], [ 2799803.810199994593859, 809707.20030000328552 ], [ 2799789.699800003319979, 809696.772599998861551 ], [ 2799770.663599996827543, 809684.090200000675395 ], [ 2799754.630800004117191, 809669.778400000068359 ], [ 2799754.007800001651049, 809661.838999997940846 ], [ 2799756.151400003582239, 809655.624400002183393 ], [ 2799759.950000003911555, 809646.879900005180389 ], [ 2799777.18779999949038, 809615.594300001510419 ], [ 2799782.768799999728799, 809610.073200000682846 ], [ 2799788.229900005273521, 809606.567000003065914 ], [ 2799798.229900004342198, 809601.258700002566911 ], [ 2799816.079699997790158, 809594.506000003078952 ], [ 2799826.739899997599423, 809590.589999997522682 ], [ 2799834.873700003139675, 809584.051000001491047 ], [ 2799838.695799995213747, 809578.758699995116331 ], [ 2799844.944799999706447, 809567.506900002597831 ], [ 2799859.436700001358986, 809541.674300001468509 ], [ 2799868.742499995976686, 809523.226799994125031 ], [ 2799884.641699995845556, 809494.34819999767933 ], [ 2799899.415899999439716, 809436.652299998211674 ], [ 2799906.483999993652105, 809410.210000005201437 ], [ 2799905.765900002792478, 809400.368500001146458 ], [ 2799898.442100002430379, 809371.287199997226708 ], [ 2799897.089899998158216, 809359.167200000956655 ], [ 2799892.74970000423491, 809343.538100004661828 ], [ 2799889.047100003808737, 809323.383499995106831 ], [ 2799885.729399999603629, 809309.698300001444295 ], [ 2799883.682800006121397, 809297.11059999698773 ], [ 2799879.9994, 809285.24999999825377 ], [ 2799878.038500003516674, 809270.625699996598996 ], [ 2799878.211699995212257, 809262.363200000720099 ], [ 2799871.337800002656877, 809258.356999999727122 ], [ 2799867.193999993614852, 809258.271000004489906 ], [ 2799862.957400002516806, 809255.845699996920303 ], [ 2799859.018500002101064, 809249.434600002015941 ], [ 2799852.415399997495115, 809232.424300003331155 ], [ 2799851.507999996654689, 809222.922299999278039 ], [ 2799843.8503, 809215.513999994727783 ], [ 2799838.22999999858439, 809206.698699998669326 ], [ 2799836.467899998649955, 809201.823899999260902 ], [ 2799832.128200003877282, 809194.415499998256564 ], [ 2799827.767099996097386, 809176.779699997510761 ], [ 2799826.759100000374019, 809168.851399996550754 ], [ 2799827.3426, 809162.887200001510791 ], [ 2799829.536399994976819, 809156.738599999458529 ], [ 2799830.185500002466142, 809150.113200004794635 ], [ 2799833.457100001163781, 809139.509800000698306 ], [ 2799834.561800006777048, 809134.282499997178093 ], [ 2799834.960800003260374, 809128.843499998329207 ], [ 2799834.013600001111627, 809121.543600001838058 ], [ 2799832.387999995611608, 809113.296000004163943 ], [ 2799832.216100001707673, 809111.132800003630109 ], [ 2799832.700999996624887, 809105.326700000558048 ], [ 2799832.804100000299513, 809100.423999998951331 ], [ 2799827.060799999162555, 809093.774799997103401 ], [ 2799814.29109999909997, 809087.605000001029111 ], [ 2799805.575399998575449, 809069.563299994333647 ], [ 2799801.941099997609854, 809060.016799997654743 ], [ 2799799.346699994057417, 809050.232799999183044 ], [ 2799796.324400000274181, 809044.654900003108196 ], [ 2799795.738100003451109, 809041.871699998504482 ], [ 2799797.787800000980496, 809039.477800000691786 ], [ 2799799.799100000411272, 809031.749999997555278 ], [ 2799792.716500002890825, 809028.26300000352785 ], [ 2799781.644100001081824, 809024.852299997815862 ], [ 2799778.365699998103082, 809024.277900000219233 ], [ 2799775.623300003819168, 809015.448199997073971 ], [ 2799770.081600004807115, 809004.575199997401796 ], [ 2799767.453599998727441, 808997.103700005100109 ], [ 2799761.517099996097386, 808995.353300002752803 ], [ 2799754.996499996632338, 808994.448200000100769 ], [ 2799751.524099993519485, 808993.504500006092712 ], [ 2799747.944299999624491, 808989.433699996792711 ], [ 2799743.061700005084276, 808984.739599995315075 ], [ 2799738.949900002218783, 808980.100700001930818 ], [ 2799735.152000002563, 808972.082500003743917 ], [ 2799720.409999998286366, 808959.787200002465397 ], [ 2799719.599899996072054, 808955.918499995488673 ], [ 2799718.534299999475479, 808949.502900002291426 ], [ 2799715.096199999563396, 808941.001700003165752 ], [ 2799710.628600004129112, 808931.592099995701574 ], [ 2799702.960400002077222, 808917.019599999883212 ], [ 2799697.505300004035234, 808902.323499999707565 ], [ 2799689.344999998807907, 808887.660599998082034 ], [ 2799685.800200001336634, 808880.614699997589923 ], [ 2799682.646099995821714, 808871.910500001744367 ], [ 2799676.630699999630451, 808859.916100000380538 ], [ 2799675.982000004500151, 808853.207299997331575 ], [ 2799675.774299998767674, 808842.216499998117797 ], [ 2799675.246200000867248, 808837.879800002556294 ], [ 2799673.777000003494322, 808834.141499995836057 ], [ 2799674.742600001394749, 808824.893300003721379 ], [ 2799675.365099996328354, 808817.182999994140118 ], [ 2799679.151600004173815, 808795.367800000589341 ], [ 2799678.012200000695884, 808786.237800002563745 ], [ 2799674.672799993306398, 808776.412399997934699 ], [ 2799681.065500000491738, 808761.484100000932813 ], [ 2799692.372000001370907, 808743.165699996054173 ], [ 2799712.002400005236268, 808731.840399994980544 ], [ 2799740.715599996969104, 808717.156200002762489 ], [ 2799756.511000001803041, 808706.298899999237619 ], [ 2799772.045100006274879, 808698.287400000379421 ], [ 2799792.340099995024502, 808681.245799997122958 ], [ 2799803.391500003635883, 808675.200999999651685 ], [ 2799819.671199997887015, 808667.353500002878718 ], [ 2799826.460799996741116, 808648.629299997352064 ], [ 2799834.695299993269145, 808623.497499995515682 ], [ 2799860.3481, 808598.380800002370961 ], [ 2799878.962599999271333, 808570.120299998205155 ], [ 2799887.530500002205372, 808554.571900000912137 ], [ 2799901.42499999795109, 808530.032200000830926 ], [ 2799924.701499996706843, 808490.566599997808225 ], [ 2799937.545900006778538, 808477.190399997751229 ], [ 2799962.56600000243634, 808456.154500001459382 ], [ 2799975.300899999216199, 808447.962499997578561 ], [ 2799907.691100001335144, 808325.766700002015568 ], [ 2799865.7398999966681, 808249.945500003290363 ], [ 2799846.943300005048513, 808211.861100002774037 ], [ 2799843.400699999183416, 808206.491499999770895 ], [ 2799837.305100004188716, 808192.087100001168437 ], [ 2799832.632299994118512, 808186.907900003134273 ], [ 2799827.194100001826882, 808183.134699996793643 ], [ 2799757.708099995739758, 808180.987299997592345 ], [ 2799752.593500005081296, 808181.394299999577925 ], [ 2799747.560900003649294, 808182.530699995812029 ], [ 2799697.122699996456504, 808198.200900000054389 ], [ 2799693.819899998605251, 808197.37310000276193 ], [ 2799688.131099995225668, 808189.760100000188686 ], [ 2799688.405899999663234, 808186.91549999685958 ], [ 2799693.870700005441904, 808178.98589999822434 ], [ 2799687.701300003565848, 808180.330499999923632 ], [ 2799657.112099997699261, 808185.222899998072535 ], [ 2799651.350100001320243, 808189.27650000306312 ], [ 2799635.979299997910857, 808205.760899995453656 ], [ 2799632.422300002537668, 808209.575299997348338 ], [ 2799621.800700003281236, 808241.351300002774224 ], [ 2799517.941499998793006, 808274.855900002643466 ], [ 2799515.545300004072487, 808275.789899998344481 ], [ 2799480.90749999973923, 808289.293099996400997 ], [ 2799418.827900003641844, 808301.48710000095889 ], [ 2799425.844899993389845, 808283.908900002250448 ], [ 2799420.8909000037238, 808243.373500001616776 ], [ 2799420.519699995405972, 808240.334899998269975 ], [ 2799420.527700001373887, 808239.474700000369921 ], [ 2799420.713300000876188, 808219.867100003641099 ], [ 2799421.620099996216595, 808182.342299998970702 ], [ 2799423.055100004188716, 808171.105900004389696 ], [ 2799427.242500002495944, 808141.86229999945499 ], [ 2799428.927900002337992, 808130.093099997495301 ], [ 2799431.887100004591048, 808109.426699999137782 ], [ 2799431.899899997748435, 808109.3371 ], [ 2799433.688299995847046, 808096.836300002760254 ], [ 2799436.553300003521144, 808076.811100002494641 ], [ 2799437.87049999460578, 808067.622899997397326 ], [ 2799438.030699999071658, 808066.505099999718368 ], [ 2799440.364299994893372, 808060.868299995083362 ], [ 2799440.750699998810887, 808057.017700004507788 ], [ 2799441.096699996851385, 808053.56989999813959 ], [ 2799442.327100002206862, 808041.307900000596419 ], [ 2799442.963699997402728, 808033.808299995609559 ], [ 2799443.92790000140667, 808022.452300003846176 ], [ 2799445.522299998439848, 808003.670899999677204 ], [ 2799448.956699997186661, 807966.61830000160262 ], [ 2799452.172099996358156, 807940.296299998532049 ], [ 2799452.619899999350309, 807933.530700000119396 ], [ 2799456.084999998100102, 807881.161699999822304 ], [ 2799456.475299995392561, 807875.26390000176616 ], [ 2799456.874099998734891, 807868.135300003108568 ], [ 2799457.670899998396635, 807856.232099996879697 ], [ 2799458.686100001446903, 807841.067900002701208 ], [ 2799461.051700002513826, 807805.730700002168305 ], [ 2799461.444099996238947, 807799.86850000533741 ], [ 2799461.1963, 807797.52770000230521 ], [ 2799461.096300000324845, 807796.583299998077564 ], [ 2799455.511899998411536, 807743.959300002199598 ], [ 2799438.168500000610948, 807742.030499999294989 ], [ 2799415.096699999645352, 807736.580699997255579 ], [ 2799337.145499998703599, 807718.167899996740744 ], [ 2799316.398699999786913, 807708.182499997317791 ], [ 2799289.265299997292459, 807700.963099998072721 ], [ 2799241.450700003653765, 807700.38129999965895 ], [ 2799235.207300001755357, 807700.317799996235408 ], [ 2799227.23999999742955, 807711.484100002096966 ], [ 2799224.83810000307858, 807714.850400002906099 ], [ 2799222.562299993820488, 807724.782299995305948 ], [ 2799214.318599998019636, 807760.75920000334736 ], [ 2799205.624199996702373, 807774.538899997831322 ], [ 2799203.281500000506639, 807778.251899997820146 ], [ 2799201.768299992196262, 807780.650100001133978 ], [ 2799194.108299998566508, 807790.025899996398948 ], [ 2799184.630099992267787, 807801.626899996073917 ], [ 2799173.982699995860457, 807810.381100000115111 ], [ 2799151.459299993701279, 807818.004700004123151 ], [ 2799138.719700004905462, 807819.899899996235035 ], [ 2799126.24970000423491, 807818.680100000347011 ], [ 2799102.950099999085069, 807812.124899999587797 ], [ 2799086.44269999768585, 807800.075299998978153 ], [ 2799105.803900001570582, 807766.62889999744948 ], [ 2799124.974700000137091, 807727.622100002132356 ], [ 2799141.380299995653331, 807695.186900005210191 ], [ 2799215.652900005690753, 807552.411499995738268 ], [ 2799233.774300002492964, 807517.573299998999573 ], [ 2799235.21890000347048, 807514.7642999967793 ], [ 2799258.90510000474751, 807470.029700003564358 ], [ 2799356.849900002591312, 807285.048900000634603 ], [ 2799378.740099995397031, 807246.85069999913685 ], [ 2799420.613700005225837, 807173.534499998437241 ], [ 2799395.694500002078712, 807170.633300001500174 ], [ 2799386.153100000694394, 807167.897099997499026 ], [ 2799383.889699999243021, 807164.744700001901947 ], [ 2799379.850500001572073, 807157.210899998783134 ], [ 2799372.031900006346405, 807152.236499995109625 ], [ 2799357.130900006741285, 807151.617299997946247 ], [ 2799340.441500000655651, 807154.840700002969243 ], [ 2799328.590100000612438, 807162.145500001148321 ], [ 2799321.616499998606741, 807163.982100000372157 ], [ 2799311.217300000600517, 807159.772299997508526 ], [ 2799305.071699998341501, 807154.209500001277775 ], [ 2799296.904700002633035, 807148.717899998533539 ], [ 2799281.794699999503791, 807148.423899999586865 ], [ 2799271.926500002853572, 807147.6664999978384 ], [ 2799267.037700000219047, 807143.676899996120483 ], [ 2799258.992099999450147, 807136.394500002148561 ], [ 2799249.577899997122586, 807135.757899998920038 ], [ 2799236.91429999936372, 807136.810899995500222 ], [ 2799224.388300000689924, 807133.896099998150021 ], [ 2799221.01970000192523, 807134.118500000215136 ], [ 2799218.679300002753735, 807134.272999997017905 ], [ 2799212.423300000838935, 807134.686100002145395 ], [ 2799204.798800002783537, 807136.614200003445148 ], [ 2799197.422700005583465, 807138.479699995717965 ], [ 2799195.92030000127852, 807139.309900004416704 ], [ 2799183.237499999813735, 807146.317899997695349 ], [ 2799172.563900001347065, 807149.775799996801652 ], [ 2799169.018900002352893, 807150.924300002749078 ], [ 2799166.778500001877546, 807151.650199998286553 ], [ 2799165.768900001421571, 807151.977299999329261 ], [ 2799164.961599997244775, 807152.033999998122454 ], [ 2799110.25730000063777, 807155.872699998319149 ], [ 2799100.108900006860495, 807158.56249999802094 ], [ 2799097.490800000727177, 807159.256399996229447 ], [ 2799095.5899, 807159.760300001828 ], [ 2799093.733599997125566, 807160.25229999946896 ], [ 2799093.016900000162423, 807160.44230000092648 ], [ 2799091.468300002627075, 807161.167699996614829 ], [ 2799075.668899999000132, 807168.568899998557754 ], [ 2799061.542699998244643, 807169.965100004454143 ], [ 2799052.047700000926852, 807178.668500002357177 ], [ 2799037.658499998040497, 807187.807900000480004 ], [ 2799029.040299997664988, 807195.444299998111092 ], [ 2799017.683099995367229, 807202.780100002652034 ], [ 2799011.928099997341633, 807206.497300002956763 ], [ 2799005.500499999150634, 807215.271499999798834 ], [ 2799004.136900004930794, 807225.994899995625019 ], [ 2799003.349699998274446, 807232.186099996324629 ], [ 2799006.218300001695752, 807255.067099997540936 ], [ 2799010.773900000378489, 807265.905100001138635 ], [ 2799018.7631, 807276.286699999473058 ], [ 2799028.880899999290705, 807288.157100001699291 ], [ 2799032.561300005763769, 807295.547299998812377 ], [ 2799033.981299992650747, 807298.398499996284954 ], [ 2799038.518200005404651, 807313.633900001528673 ], [ 2799039.691500000655651, 807317.574100000085309 ], [ 2799043.862200003117323, 807328.95680000144057 ], [ 2799044.382100002840161, 807330.375700000906363 ], [ 2799048.783099999651313, 807335.2119000001112 ], [ 2799049.948099999688566, 807336.49210000410676 ], [ 2799049.073100000619888, 807341.937300002435222 ], [ 2799048.789599997922778, 807342.796200002543628 ], [ 2799047.879100002348423, 807345.554100000415929 ], [ 2799046.279499996453524, 807347.50649999990128 ], [ 2799043.338299996219575, 807350.420499999308959 ], [ 2799038.307899994775653, 807353.701499997521751 ], [ 2799034.451899994164705, 807356.262899996247143 ], [ 2799032.714899999089539, 807356.940300000482239 ], [ 2799030.435300001874566, 807357.82930000370834 ], [ 2799026.846500002779067, 807359.476600003079511 ], [ 2799023.815500002354383, 807360.867899998323992 ], [ 2799020.230400003492832, 807362.513600001693703 ], [ 2799017.280500004068017, 807355.316700003109872 ], [ 2799016.623199998401105, 807353.713199994992465 ], [ 2799015.909100005403161, 807351.971099996706471 ], [ 2799013.840499993413687, 807346.924299998092465 ], [ 2799006.555299993604422, 807328.366900000604801 ], [ 2799007.037100002169609, 807309.784899998106994 ], [ 2799005.072699997574091, 807303.344699999666773 ], [ 2799000.254699993878603, 807297.162500004516914 ], [ 2798990.592500002123415, 807292.485099998652004 ], [ 2798981.811299999244511, 807291.186299996217713 ], [ 2798972.056100006215274, 807290.502099996199831 ], [ 2798963.608099997974932, 807281.20890000264626 ], [ 2798958.624499996192753, 807274.544300002860837 ], [ 2798953.345500000752509, 807256.883500002440996 ], [ 2798948.559899996966124, 807237.88089999742806 ], [ 2798941.443699997849762, 807229.432500003953464 ], [ 2798932.608899999409914, 807220.072000001440756 ], [ 2798925.420299996621907, 807211.468699998920783 ], [ 2798921.869299999438226, 807203.687500002793968 ], [ 2798913.523299998603761, 807198.707100001280196 ], [ 2798899.8761, 807193.631499997223727 ], [ 2798891.545100002549589, 807187.301100001321174 ], [ 2798886.726899996399879, 807180.170300001627766 ], [ 2798883.928300002589822, 807173.964299999177456 ], [ 2798883.782300002872944, 807166.058499998995103 ], [ 2798887.699699994176626, 807158.829999997746199 ], [ 2798898.321899998001754, 807151.459500004071742 ], [ 2798908.079499994404614, 807143.483500001137145 ], [ 2798912.260899995453656, 807135.108300000429153 ], [ 2798912.020900002680719, 807124.862100000493228 ], [ 2798904.2195999994874, 807114.99760000477545 ], [ 2798896.172899994067848, 807108.665100004174747 ], [ 2798892.932699996978045, 807108.70400000247173 ], [ 2798887.720500002615154, 807108.766499997349456 ], [ 2798882.386500000953674, 807113.916499995510094 ], [ 2798880.483399999327958, 807115.366699999431148 ], [ 2798875.296899996697903, 807119.318700000760145 ], [ 2798862.717500004917383, 807122.255499998806044 ], [ 2798837.045899998396635, 807124.013300002086908 ], [ 2798825.708100001327693, 807122.582100000116043 ], [ 2798813.458499994128942, 807123.181299995747395 ], [ 2798807.312700007110834, 807124.79829999897629 ], [ 2798799.078499998897314, 807129.003900001640432 ], [ 2798793.136900001205504, 807135.605099994456396 ], [ 2798790.57389999832958, 807148.728499999968335 ], [ 2798788.872500004246831, 807162.453100000391714 ], [ 2798788.584399998188019, 807168.530799998319708 ], [ 2798788.401199991814792, 807172.394799996400252 ], [ 2798787.931000002659857, 807174.075199997751042 ], [ 2798787.403899994678795, 807175.958700001123361 ], [ 2798787.089400002732873, 807177.082600001944229 ], [ 2798785.543400000780821, 807177.474699996993877 ], [ 2798776.616399998776615, 807179.738799999700859 ], [ 2798767.476700003258884, 807178.694599998183548 ], [ 2798767.031300002709031, 807178.643700004322454 ], [ 2798767.022499999031425, 807178.642700004624203 ], [ 2798766.116400005295873, 807176.191700004623272 ], [ 2798765.333499995060265, 807174.074100001598708 ], [ 2798761.890500002540648, 807164.761300001177005 ], [ 2798760.910099994391203, 807162.109400000073947 ], [ 2798759.958099995739758, 807152.030599995865487 ], [ 2798759.190899999812245, 807143.908900000038557 ], [ 2798761.155699998140335, 807132.577399999368936 ], [ 2798761.161500003188848, 807132.543799997540191 ], [ 2798761.180299994535744, 807132.435899997944944 ], [ 2798762.429500000551343, 807125.230300000752322 ], [ 2798766.190500001423061, 807109.777700002072379 ], [ 2798771.304700004868209, 807100.218499999493361 ], [ 2798781.908699996769428, 807075.818700005067512 ], [ 2798785.811300003901124, 807066.745500002289191 ], [ 2798789.70030000153929, 807051.228100002394058 ], [ 2798791.455300007015467, 807038.338100003777072 ], [ 2798787.343500004149973, 807015.866499998373911 ], [ 2798781.217499999329448, 807010.942499997559935 ], [ 2798779.094100000336766, 807001.580699997255579 ], [ 2798781.092699993401766, 806983.442900002468377 ], [ 2798782.797300005331635, 806954.344299997785129 ], [ 2798780.062399999238551, 806944.028200002154335 ], [ 2798780.029200000688434, 806943.903099998249672 ], [ 2798779.102899994701147, 806942.362100002588704 ], [ 2798778.896499996073544, 806942.018599995179102 ], [ 2798770.088500004261732, 806927.365499997045845 ], [ 2798768.911399994976819, 806926.216799998190254 ], [ 2798765.739199999719858, 806923.12150000478141 ], [ 2798765.709499999880791, 806923.092499997699633 ], [ 2798764.764300006441772, 806922.17010000301525 ], [ 2798761.417299997061491, 806918.904099999344908 ], [ 2798758.243900000117719, 806915.807499999296851 ], [ 2798754.716499999165535, 806907.415100003010593 ], [ 2798753.574299998581409, 806890.683500001789071 ], [ 2798750.077900004573166, 806879.63030000415165 ], [ 2798746.892899997532368, 806874.911700002732687 ], [ 2798742.413099995814264, 806871.116899998974986 ], [ 2798729.814000001177192, 806855.817299997666851 ], [ 2798729.501000000163913, 806854.867700002272613 ], [ 2798722.758900001645088, 806834.411099996534176 ], [ 2798716.424299996346235, 806824.561700000660494 ], [ 2798712.334500003606081, 806819.940699995495379 ], [ 2798702.748899998143315, 806809.110300003318116 ], [ 2798686.275500001385808, 806791.429299999610521 ], [ 2798683.451899998821318, 806787.651799996616319 ], [ 2798677.493500000797212, 806779.680399997276254 ], [ 2798676.207500000484288, 806777.959899996290915 ], [ 2798664.718500004149973, 806748.274699996574782 ], [ 2798663.263699996285141, 806742.372199998586439 ], [ 2798661.073299995623529, 806733.484700000612065 ], [ 2798660.757299995981157, 806732.202499997336417 ], [ 2798659.816100000403821, 806711.885099995764904 ], [ 2798657.51910000666976, 806682.051099998876452 ], [ 2798653.73830000590533, 806666.186700001708232 ], [ 2798653.380699998699129, 806665.498000003281049 ], [ 2798648.267899997532368, 806655.654299998306669 ], [ 2798637.56250000372529, 806636.575099998270161 ], [ 2798626.600500001572073, 806616.458299999474548 ], [ 2798616.184300001710653, 806600.453499996918254 ], [ 2798605.695699998177588, 806587.924299997743219 ], [ 2798601.481300000101328, 806577.732700000866316 ], [ 2798600.314300001598895, 806562.031900002504699 ], [ 2798597.742500002495944, 806544.280099999858066 ], [ 2798593.967900002375245, 806528.101299998699687 ], [ 2798589.079800000414252, 806503.602100001648068 ], [ 2798588.527500000782311, 806500.834100002190098 ], [ 2798583.786100000143051, 806483.538300001295283 ], [ 2798582.012300002388656, 806477.341600002604537 ], [ 2798575.239899999462068, 806453.681900000316091 ], [ 2798570.350900003686547, 806430.082500000833534 ], [ 2798568.917099997401237, 806422.903999999165535 ], [ 2798563.765100000426173, 806397.110100003308617 ], [ 2798557.776900005526841, 806365.728700000909157 ], [ 2798554.818299999460578, 806340.724500002223067 ], [ 2798547.967899997718632, 806314.481499996851198 ], [ 2798543.388500000350177, 806286.528899998986162 ], [ 2798534.493900000117719, 806270.994899999815971 ], [ 2798523.515299998223782, 806249.641100000939332 ], [ 2798515.381899995729327, 806231.848499997169711 ], [ 2798503.518000000156462, 806211.966600004816428 ], [ 2798510.229699997231364, 806198.927700003841892 ], [ 2798521.795100004412234, 806170.491700001759455 ], [ 2798531.668099996633828, 806141.921700004138984 ], [ 2798540.797300005331635, 806127.094300000579096 ], [ 2798547.904299998655915, 806115.389300003414974 ], [ 2798555.818899993784726, 806104.949299996369518 ], [ 2798562.215300001204014, 806097.389699995634146 ], [ 2798568.176900000311434, 806090.86069999600295 ], [ 2798573.249100001528859, 806087.014900001813658 ], [ 2798578.1503000035882, 806084.711699999286793 ], [ 2798583.837099999189377, 806081.294500004616566 ], [ 2798594.125300001353025, 806076.725100003648549 ], [ 2798602.988299999386072, 806073.523299996159039 ], [ 2798612.485900001600385, 806070.889500002493151 ], [ 2798621.936899998225272, 806069.816100000985898 ], [ 2798628.734700003638864, 806069.771099999779835 ], [ 2798638.322899996303022, 806068.929099997039884 ], [ 2798654.67149999551475, 806067.693499999819323 ], [ 2798665.437700000591576, 806065.834699998027645 ], [ 2798677.706300000660121, 806065.122299997718073 ], [ 2798686.022299994714558, 806064.618699999060482 ], [ 2798692.770000005140901, 806064.21000000461936 ], [ 2798698.045900004915893, 806064.00120000296738 ], [ 2798703.978400000371039, 806063.007099997368641 ], [ 2798708.639100002124906, 806061.666399997775443 ], [ 2798713.153100001625717, 806059.685700001427904 ], [ 2798717.186899998225272, 806057.854399998439476 ], [ 2798722.526199996471405, 806054.612500000046566 ], [ 2798727.486599996685982, 806051.124499997706152 ], [ 2798731.843000004068017, 806047.362799996044487 ], [ 2798736.384300000965595, 806042.531499998527579 ], [ 2798739.216499996371567, 806038.880899996962398 ], [ 2798741.450199997983873, 806035.526500004227273 ], [ 2798743.103200006298721, 806032.679499998223037 ], [ 2798744.529600002802908, 806029.883200002019294 ], [ 2798745.86599999666214, 806026.869899996439926 ], [ 2798747.064900005236268, 806023.702499997452833 ], [ 2798747.927199998870492, 806021.004299997352064 ], [ 2798748.593999993056059, 806018.540800001821481 ], [ 2798749.115299995988607, 806014.688599997782148 ], [ 2798749.318999994546175, 806010.55620000557974 ], [ 2798749.187100003473461, 806006.742899999720976 ], [ 2798748.685899998992682, 806002.565600002650172 ], [ 2798747.776299997232854, 805998.297399999806657 ], [ 2798746.712100002914667, 805994.790200002607889 ], [ 2798745.432100000791252, 805991.480800002347678 ], [ 2798743.47350000217557, 805986.899200004059821 ], [ 2798741.504199996590614, 805981.749699996900745 ], [ 2798739.686899997293949, 805976.921300001908094 ], [ 2798738.133500002324581, 805973.172499999054708 ], [ 2798737.185099999420345, 805969.747099996893667 ], [ 2798736.661999999545515, 805966.50910000060685 ], [ 2798736.486900004558265, 805963.603700003470294 ], [ 2798736.606800000183284, 805960.421500002848916 ], [ 2798736.996000001206994, 805957.564900003839284 ], [ 2798738.852900000289083, 805949.417300004977733 ], [ 2798741.103299996815622, 805941.156000001705252 ], [ 2798742.792999993078411, 805932.507100001559593 ], [ 2798735.754199995659292, 805914.317599997506477 ], [ 2798725.983599996194243, 805910.085300002712756 ], [ 2798717.444199999794364, 805911.521300001186319 ], [ 2798716.120300001464784, 805912.371700004325248 ], [ 2798714.144599994644523, 805918.000399997923523 ], [ 2798711.739799996837974, 805925.794899996253662 ], [ 2798708.357500001788139, 805933.42849999666214 ], [ 2798704.813500002026558, 805935.314800005988218 ], [ 2798701.454800004139543, 805935.105699997395277 ], [ 2798697.722300002351403, 805932.646400002180599 ], [ 2798693.669100000523031, 805925.419400000362657 ], [ 2798690.517399998381734, 805915.268599995877594 ], [ 2798688.587600003927946, 805906.964000001200475 ], [ 2798686.802199997007847, 805898.523200001334772 ], [ 2798678.470499997958541, 805872.229600000195205 ], [ 2798671.722099995240569, 805856.367000000667758 ], [ 2798665.381099998019636, 805821.045000005047768 ], [ 2798654.293999999761581, 805779.634999999543652 ], [ 2798653.198200003243983, 805762.242600002093241 ], [ 2798656.3174, 805746.733900000923313 ], [ 2798651.633599993772805, 805697.471900000236928 ], [ 2798628.806699994951487, 805650.826600002939813 ], [ 2798624.162100002169609, 805632.760799999698065 ], [ 2798609.609800000675023, 805612.491999994497746 ], [ 2798595.43720000423491, 805604.95690000243485 ], [ 2798579.723499998450279, 805603.979000001563691 ], [ 2798571.819600000977516, 805608.369300000485964 ], [ 2798561.913999997079372, 805616.740300000994466 ], [ 2798548.632200001738966, 805634.181800003629178 ], [ 2798531.387300003319979, 805660.777100002625957 ], [ 2798523.886699998751283, 805682.58130000019446 ], [ 2798508.737599995918572, 805707.222800005460158 ], [ 2798502.356499998830259, 805726.056800004676916 ], [ 2798497.895699999295175, 805750.778099996969104 ], [ 2798408.654900004155934, 805620.146999999531545 ], [ 2798913.826999995857477, 805475.923599995789118 ], [ 2798915.152799997478724, 805475.545100001036189 ], [ 2798920.422400001436472, 805474.040699997451156 ], [ 2800105.397799995727837, 805111.620600002468564 ], [ 2800520.264899997971952, 804665.829800000763498 ], [ 2800578.92130000051111, 804602.801199997309595 ], [ 2800581.223700005561113, 804600.327300002099946 ], [ 2800610.549499999731779, 804568.815499999444 ], [ 2800611.997500003315508, 804567.259700002148747 ], [ 2800641.693300004117191, 804535.350299997720867 ], [ 2800643.519500003196299, 804533.387900001718663 ], [ 2800671.002899994142354, 804503.856100002769381 ], [ 2800673.72690000012517, 804500.929099999368191 ], [ 2800678.053900007158518, 804498.997099995962344 ], [ 2800688.532699997536838, 804493.583700001821853 ], [ 2800694.205499998293817, 804488.56470000022091 ], [ 2800689.192899998277426, 804482.185699998866767 ], [ 2800684.283900000154972, 804474.814899998251349 ], [ 2800684.827500002458692, 804463.314099999261089 ], [ 2800690.388299998827279, 804451.135500001371838 ], [ 2800700.481500001624227, 804429.029899995191954 ], [ 2800701.584699999541044, 804408.805699996766634 ], [ 2800701.449099998921156, 804407.226699997321703 ], [ 2800701.432500000111759, 804407.032899998943321 ], [ 2800701.384499999694526, 804406.473699997644871 ], [ 2800699.004900003783405, 804378.754099994432181 ], [ 2800703.217500003986061, 804307.149500003200956 ], [ 2800709.708499999716878, 804297.676900000777096 ], [ 2800710.338500000536442, 804296.757300003431737 ], [ 2800718.0263, 804291.802699999534525 ], [ 2800729.373099993914366, 804284.489900004235096 ], [ 2800733.637100004591048, 804279.391299999901094 ], [ 2800740.697700002230704, 804270.948700002394617 ], [ 2800743.305699997581542, 804263.213299996685237 ], [ 2800751.795900001190603, 804238.031100000953302 ], [ 2800751.750100001692772, 804235.161900001228787 ], [ 2800751.667900003492832, 804230.01050000009127 ], [ 2800750.076100001111627, 804225.174699995433912 ], [ 2800750.05390000808984, 804225.107299998751841 ], [ 2800741.215300003997982, 804198.255899999290705 ], [ 2800734.38570000231266, 804177.508100000559352 ], [ 2800732.123099999502301, 804161.342899999814108 ], [ 2800735.147699999623001, 804129.856099996948615 ], [ 2800742.498700000345707, 804104.266100001172163 ], [ 2800742.856700002215803, 804103.019299997482449 ], [ 2800760.114900002256036, 804076.825899997027591 ], [ 2800773.194499999284744, 804062.128100004396401 ], [ 2800773.904900000430644, 804061.329900001757778 ], [ 2800791.414099997840822, 804041.654300003196113 ], [ 2800827.442500004544854, 804008.679899997659959 ], [ 2800835.686700000427663, 803999.991899997694418 ], [ 2800844.386099999770522, 803989.009700000751764 ], [ 2800849.205699999816716, 803980.631700002704747 ], [ 2800857.33049999922514, 803966.507899995660409 ], [ 2800864.568900000303984, 803946.70250000199303 ], [ 2800874.236300000920892, 803920.250099998665974 ], [ 2800874.357500002719462, 803917.704299999517389 ], [ 2800875.467500004917383, 803894.365700000431389 ], [ 2800905.911700002849102, 803855.12449999875389 ], [ 2800914.702499998733401, 803847.281500000390224 ], [ 2800915.6831, 803846.406500000855885 ], [ 2800922.814099992625415, 803841.45409999799449 ], [ 2800945.270900005474687, 803834.100900005083531 ], [ 2800950.069499995559454, 803832.623299998813309 ], [ 2800957.364299996756017, 803830.283500004210509 ], [ 2800991.549099998548627, 803821.278899999335408 ], [ 2800994.876900004222989, 803817.341499998001382 ], [ 2800995.364699993282557, 803812.256300001055934 ], [ 2800994.518900002352893, 803807.031699998304248 ], [ 2800983.430699999444187, 803780.740700001595542 ], [ 2800980.571500005200505, 803771.332499996991828 ], [ 2800973.386900000274181, 803742.841499997186475 ], [ 2800987.09569999948144, 803738.275299996836111 ], [ 2800998.818499997258186, 803734.370499997748993 ], [ 2801014.0411, 803729.299900000798516 ], [ 2801031.950900007039309, 803726.468099999823608 ], [ 2801043.48130000103265, 803726.320500003988855 ], [ 2801077.506300000473857, 803725.884899998316541 ], [ 2801077.365700001828372, 803724.833099994342774 ], [ 2801070.296499993652105, 803671.934699997538701 ], [ 2801069.984299999661744, 803666.308899997733533 ], [ 2801067.340700002387166, 803622.537299998570234 ], [ 2801064.177699997089803, 803594.551899996702559 ], [ 2801062.904499999247491, 803577.454499997780658 ], [ 2801058.085899998433888, 803512.261099997907877 ], [ 2801058.696000003255904, 803476.410100000561215 ], [ 2801058.818499993532896, 803469.209899996174499 ], [ 2801058.819500002078712, 803469.163899995270185 ], [ 2801059.5055, 803436.098100001690909 ], [ 2801067.04349999409169, 803429.696300001698546 ], [ 2801074.164300006814301, 803419.081099994829856 ], [ 2801078.860299993306398, 803411.779900000547059 ], [ 2801080.846699997782707, 803405.264899995876476 ], [ 2801081.811499997973442, 803398.526099994895048 ], [ 2801081.580899997614324, 803381.32149999786634 ], [ 2801083.714500003494322, 803376.30569999688305 ], [ 2801087.267700001597404, 803372.901699999230914 ], [ 2801101.532700003124774, 803366.436900004511699 ], [ 2801105.305699999444187, 803363.383099996019155 ], [ 2801108.323099999688566, 803358.601299998117611 ], [ 2801109.024100000970066, 803349.057899996871129 ], [ 2801108.47649999987334, 803333.175500006182119 ], [ 2801106.650899996981025, 803320.141900001559407 ], [ 2801104.093300003558397, 803305.461300004506484 ], [ 2801098.155099999159575, 803289.332899997476488 ], [ 2801090.346100006252527, 803273.159299996332265 ], [ 2801080.127299999818206, 803255.415900002932176 ], [ 2801073.014300000853837, 803239.539900004630908 ], [ 2801070.111100004985929, 803230.742699998547323 ], [ 2801068.12950000539422, 803223.562899998971261 ], [ 2801067.03509999345988, 803218.2184999975143 ], [ 2801066.53789999615401, 803213.974899999797344 ], [ 2801066.937699999660254, 803209.14610000140965 ], [ 2801068.359299999661744, 803205.523900001891889 ], [ 2801070.450900003314018, 803202.239700003061444 ], [ 2801072.947099997662008, 803199.441899998579174 ], [ 2801081.645699998363853, 803194.558499997016042 ], [ 2801090.320299999788404, 803191.80590000434313 ], [ 2801092.846299999393523, 803187.729700002237223 ], [ 2801092.613300004042685, 803177.775699994992465 ], [ 2801092.636400001123548, 803174.210500001208857 ], [ 2801089.141099995002151, 803166.748699998366646 ], [ 2801075.993899999186397, 803148.074099997757003 ], [ 2801065.419300001114607, 803135.104899999685585 ], [ 2801069.232299999333918, 803119.512899995199405 ], [ 2801072.118099998682737, 803113.035700001404621 ], [ 2801073.174900000914931, 803104.62789999844972 ], [ 2801069.956699995324016, 803092.760100000421517 ], [ 2801059.05309999268502, 803075.937100002425723 ], [ 2801017.140600002370775, 803033.63199999940116 ], [ 2800996.190099996514618, 803018.448800003388897 ], [ 2800978.811700002290308, 802992.739400003338233 ], [ 2800973.234999999403954, 802973.162999997031875 ], [ 2800976.044799999333918, 802961.145200000726618 ], [ 2800983.0422, 802952.469199996441603 ], [ 2800983.086799997836351, 802952.41390000062529 ], [ 2800998.176700002513826, 802933.704300003824756 ], [ 2801008.834999999031425, 802905.543599996832199 ], [ 2801017.180500000715256, 802891.621300004655495 ], [ 2801028.288399997167289, 802880.579100003116764 ], [ 2801021.093400001525879, 802831.148400000296533 ], [ 2801010.926600002683699, 802805.489499999559484 ], [ 2801014.383300000801682, 802793.079399997601286 ], [ 2801016.02619999833405, 802787.20659999945201 ], [ 2801013.448799996636808, 802782.10750000400003 ], [ 2800999.788699999451637, 802770.58600000187289 ], [ 2800995.3311, 802766.957699999329634 ], [ 2800973.832500002346933, 802731.016499997815117 ], [ 2800976.788399999029934, 802703.208400000235997 ], [ 2800976.613600002601743, 802692.436100001097657 ], [ 2800966.142399996519089, 802661.589800003450364 ], [ 2800962.596699994988739, 802637.184200004208833 ], [ 2800946.43240000680089, 802612.06550000293646 ], [ 2800960.968399997800589, 802585.331599996075965 ], [ 2800960.174000000581145, 802558.282199998036958 ], [ 2800966.398300003260374, 802540.843400005018339 ], [ 2800960.598499996587634, 802515.93980000144802 ], [ 2800961.562900002114475, 802469.523500000243075 ], [ 2800960.748899998143315, 802432.864300003857352 ], [ 2800981.768200004473329, 802407.685700003290549 ], [ 2801016.543799991719425, 802388.403199999476783 ], [ 2801032.2703, 802370.084499996504746 ], [ 2801033.546800004318357, 802343.262999998405576 ], [ 2801040.350199995562434, 802322.108899999293499 ], [ 2801103.040399994701147, 802269.658599994960241 ], [ 2801169.451499994844198, 802197.452599998330697 ], [ 2801229.60120000038296, 802161.730200003599748 ], [ 2801275.112600000575185, 802125.49839999654796 ], [ 2801292.867600004188716, 802105.622599998489022 ], [ 2801309.764899999834597, 802085.769500002730638 ], [ 2801325.456000000238419, 802058.930800000322051 ], [ 2801341.502999997697771, 802026.329499996849336 ], [ 2801346.895600001327693, 801993.505799999926239 ], [ 2801329.089000002481043, 801963.73670000070706 ], [ 2801315.635300003923476, 801931.932399998535402 ], [ 2801305.816599998623133, 801897.844399995636195 ], [ 2801267.379799999296665, 801857.096399996429682 ], [ 2801214.474399995990098, 801807.897100001224317 ], [ 2801177.503499996848404, 801743.170499997446314 ], [ 2801164.998299998231232, 801716.370000000693835 ], [ 2801153.99930000025779, 801700.914099996211007 ], [ 2801138.866699999198318, 801695.81300000147894 ], [ 2801106.081600002944469, 801688.426100001321174 ], [ 2801097.2796, 801679.469799994840287 ], [ 2801089.354299997910857, 801662.771299995714799 ], [ 2801080.432499996386468, 801652.144000005442649 ], [ 2801070.9929, 801645.42110000224784 ], [ 2801061.010399994440377, 801643.908299998147413 ], [ 2801050.211799997836351, 801639.769800002803095 ], [ 2801036.989699999801815, 801619.30790000082925 ], [ 2801027.584200005047023, 801593.632900000666268 ], [ 2801023.491700001992285, 801555.280000000726432 ], [ 2801022.791200000792742, 801510.4840999962762 ], [ 2801015.55929999705404, 801466.366999999154359 ], [ 2800999.014899999834597, 801439.154399996856228 ], [ 2800967.727799996733665, 801415.706199997104704 ], [ 2800942.340400002896786, 801382.610899996594526 ], [ 2800918.562299996614456, 801320.940300002344884 ], [ 2800900.111299999058247, 801251.701600001542829 ], [ 2800885.178000004030764, 801225.336299998220056 ], [ 2800860.709999997168779, 801187.37520000396762 ], [ 2800849.489399995654821, 801139.103399998042732 ], [ 2800840.509799999184906, 801100.649299997836351 ], [ 2800832.159699994139373, 801071.164700001012534 ], [ 2800823.775999996811152, 801043.30710000381805 ], [ 2800808.387999997474253, 801018.253400005516596 ], [ 2800808.33220000192523, 800982.8975000011269 ], [ 2800816.814499995671213, 800955.405900003155693 ], [ 2800820.567599995061755, 800927.024600000586361 ], [ 2800821.110100001096725, 800900.948900003219023 ], [ 2800818.519799999892712, 800873.226899997331202 ], [ 2800807.21760000474751, 800846.115899998694658 ], [ 2800800.702899998053908, 800823.752999999676831 ], [ 2800801.209100001491606, 800812.394500000053085 ], [ 2800810.719600002281368, 800797.97280000068713 ], [ 2800821.877499998547137, 800782.502900001243688 ], [ 2800828.722199999727309, 800762.767 ], [ 2800838.814999999478459, 800721.226699999417178 ], [ 2800842.540700005367398, 800684.25230000121519 ], [ 2800850.617700006812811, 800642.300599996815436 ], [ 2800863.092899999581277, 800614.329999996582046 ], [ 2800884.622399997897446, 800579.861700001172721 ], [ 2800904.526799999177456, 800552.04740000423044 ], [ 2800924.432400002144277, 800524.22989999782294 ], [ 2800953.857000003568828, 800503.299200000241399 ], [ 2800974.779000001959503, 800477.288800003821962 ], [ 2800987.448700003325939, 800457.342500004917383 ], [ 2801022.645499998703599, 800408.422100000083447 ], [ 2801051.855500001460314, 800375.844700000248849 ], [ 2801065.17639999743551, 800358.917500003008172 ], [ 2801069.431299997493625, 800351.422700003255159 ], [ 2801078.482600005343556, 800342.095899999141693 ], [ 2801078.614399999380112, 800329.480899997637607 ], [ 2801077.44240000192076, 800323.917199998162687 ], [ 2801073.966299998573959, 800317.405200001085177 ], [ 2801066.288999995216727, 800311.292700000107288 ], [ 2801048.323400001041591, 800302.600200001732446 ], [ 2801038.196799998171628, 800297.024099994450808 ], [ 2801031.197999995201826, 800291.4055999990087 ], [ 2801025.847400003112853, 800285.276799996849149 ], [ 2801024.336799999698997, 800279.222699995734729 ], [ 2801021.38020000141114, 800261.849300000118092 ], [ 2801018.336399998515844, 800234.147799995611422 ], [ 2801020.166599996387959, 800195.960399997187778 ], [ 2801022.031400004401803, 800172.830699996324256 ], [ 2801026.664099998772144, 800160.09150000277441 ], [ 2801023.153599996119738, 800143.594799999147654 ], [ 2801022.870800003409386, 800124.74429999710992 ], [ 2801048.028599995188415, 799954.847999997786246 ], [ 2801064.046599995344877, 799884.650300001492724 ], [ 2801063.216200002469122, 799779.012899997760542 ], [ 2801063.1299, 799703.410699998843484 ], [ 2801054.416500005871058, 799628.876000000047497 ], [ 2801039.124900002032518, 799573.667299998109229 ], [ 2801022.372900004498661, 799517.181600001524203 ], [ 2800979.446400002576411, 799423.016800005338155 ], [ 2800920.329299997538328, 799325.766199994715862 ], [ 2800904.366900000721216, 799261.771599998348393 ], [ 2800888.469800005666912, 799208.191799998749048 ], [ 2800861.048799996264279, 799150.489999997895211 ], [ 2800846.031100001186132, 799114.2653999987524 ], [ 2800833.91949999704957, 799065.904099998879246 ], [ 2800817.494000004604459, 798986.772100005764514 ], [ 2800816.093999993056059, 798898.866399997961707 ], [ 2800807.298600002191961, 798815.317299999645911 ], [ 2800801.832599994726479, 798720.661199998459779 ], [ 2800814.710699994117022, 798599.021200001938269 ], [ 2800812.137900005094707, 798510.771499995724298 ], [ 2800818.551299997605383, 798406.625799998408183 ], [ 2800845.045100007206202, 798342.836800003191456 ], [ 2800854.874099997803569, 798308.943099998403341 ], [ 2800841.1425, 798241.523699996061623 ], [ 2800842.683399999514222, 798223.667899995925836 ], [ 2800844.855200001969934, 798212.831600002245978 ], [ 2800852.699400001205504, 798202.520600001211278 ], [ 2800891.460399999283254, 798191.705899996333756 ], [ 2800942.806799995712936, 798161.051000003237277 ], [ 2800969.497799997217953, 798163.679799998644739 ], [ 2801006.451500001363456, 798166.097699996666051 ], [ 2801091.323799996636808, 798154.046000000205822 ], [ 2800991.721000001765788, 797953.960999998962507 ], [ 2800873.22959999460727, 797715.366300003603101 ], [ 2800364.401600005105138, 797941.42439999897033 ], [ 2800304.907100001350045, 797967.31920000561513 ], [ 2800224.534699996933341, 798003.563599995803088 ], [ 2800180.621499999426305, 798014.293799996143207 ], [ 2800130.080300003290176, 798035.788200002163649 ], [ 2800093.209999999031425, 798052.738499996368773 ], [ 2800067.0757, 798068.914500000188127 ], [ 2800026.218800001777709, 798096.225600001867861 ], [ 2799995.041299999691546, 798126.903600000659935 ], [ 2799978.008100004866719, 798173.134199997060932 ], [ 2799946.917900004424155, 798238.348299999954179 ], [ 2799904.697599995881319, 798297.710700002266094 ], [ 2799872.45480000320822, 798343.486799996346235 ], [ 2799849.682200000621378, 798372.105100000975654 ], [ 2799822.636899997480214, 798414.972399995429441 ], [ 2799796.997299997135997, 798460.977399997995235 ], [ 2799771.686300005763769, 798518.20100000326056 ], [ 2799750.930299999192357, 798565.672699994873255 ], [ 2799737.894699995405972, 798599.043700002599508 ], [ 2799718.083100002259016, 798634.514899998670444 ], [ 2799695.438900001347065, 798677.746000000275671 ], [ 2799670.529099998064339, 798709.91530000208877 ], [ 2799640.144099999219179, 798740.473800000152551 ], [ 2799611.284399999305606, 798771.062600003089756 ], [ 2799582.991499994881451, 798799.917999997502193 ], [ 2799549.994000000879169, 798821.190400004736148 ], [ 2799537.513199996203184, 798828.043699999456294 ], [ 2799480.696399999782443, 798858.427400001091883 ], [ 2799415.016700002364814, 798894.492100001894869 ], [ 2799369.029399995692074, 798922.231499996152706 ], [ 2799337.889399996958673, 798936.306899999617599 ], [ 2799295.268100000917912, 798946.150900002801791 ], [ 2799256.194699998013675, 798956.319499999168329 ], [ 2799190.792600002139807, 798965.443400003015995 ], [ 2799137.832700001075864, 798968.586600000155158 ], [ 2799042.888099999167025, 798971.099800005787984 ], [ 2799031.818600000813603, 798919.110899996128865 ], [ 2798831.905900005251169, 797983.834299997426569 ], [ 2798817.460800002329051, 797912.504299999913201 ], [ 2798779.490500000305474, 796956.581099994014949 ], [ 2798630.383399996906519, 796512.273200003663078 ], [ 2798531.096600001677871, 796199.778799999272451 ], [ 2797700.913400001823902, 794215.474799997522496 ], [ 2798616.546899998560548, 793277.892299995524809 ], [ 2799467.540600002743304, 792383.304299996350892 ], [ 2800576.256799998693168, 791167.918200001353398 ], [ 2791085.019800002686679, 791719.335799996508285 ], [ 2785561.615900006145239, 795549.624499998986721 ], [ 2785404.056700000539422, 795815.002800002577715 ], [ 2785139.466300005093217, 796260.654600001871586 ], [ 2784841.862299998290837, 796761.910699996980838 ], [ 2784595.63950000051409, 797176.625500003458001 ], [ 2783978.63359999563545, 799229.827799993916415 ], [ 2783702.512799997814, 800062.068300003069453 ], [ 2783197.145499995909631, 801344.056700001005083 ], [ 2783068.73309999704361, 801765.551100000739098 ], [ 2782913.566100005060434, 802031.810400001588278 ], [ 2782857.340700000524521, 802340.019100000848994 ], [ 2782779.525899997912347, 802727.620800004107878 ], [ 2782772.08220000192523, 802847.22069999598898 ], [ 2782717.084800001233816, 803095.575500003877096 ], [ 2782687.334399997256696, 803329.479500000015832 ], [ 2782528.637199998833239, 803712.798699998646043 ], [ 2782449.808300006203353, 804256.481300000334159 ], [ 2782407.534599995240569, 804548.042599995853379 ], [ 2782301.599000001326203, 804616.772999997949228 ], [ 2782283.83729999884963, 804632.283900000154972 ], [ 2781857.057300000451505, 805012.815000001224689 ], [ 2781743.40019999910146, 805114.070999997435138 ], [ 2781435.758299995213747, 805388.149799996521324 ], [ 2781446.937900003045797, 805508.402199998148717 ], [ 2781496.37120000179857, 806040.062100001610816 ], [ 2781549.718400001525879, 805986.123800000059418 ], [ 2781591.139600004069507, 805965.551999999210238 ], [ 2781613.647599999792874, 805956.745699999853969 ], [ 2781660.20440000295639, 805941.649900002055801 ], [ 2781708.758500001393259, 805912.948199997772463 ], [ 2781740.943599996156991, 805888.016700000735 ], [ 2781770.371000003069639, 805869.53719999617897 ], [ 2781803.412700000219047, 805887.057199996779673 ], [ 2781843.070100001990795, 805894.702800001599826 ], [ 2781873.12340000551194, 805886.599199995631352 ], [ 2781901.944699998944998, 805879.366000003181398 ], [ 2781931.365199995227158, 805865.074900005711243 ], [ 2781948.011599999852479, 805853.960800000233576 ], [ 2781960.779000001959503, 805841.576999995741062 ], [ 2781975.422200000844896, 805828.441100003547035 ], [ 2781996.075599994510412, 805803.670300002908334 ], [ 2782031.31700000539422, 805809.149999997694977 ], [ 2782085.163599994033575, 805764.302600003080443 ], [ 2782123.700000006705523, 805759.589600004954264 ], [ 2782144.499999997206032, 805738.429200000944547 ], [ 2782170.23030000180006, 805710.140899999882095 ], [ 2782196.502300005406141, 805670.490800002007745 ], [ 2782230.832000002264977, 805635.812800001818687 ], [ 2782254.53029999602586, 805623.988800003775395 ], [ 2782290.967399996705353, 805617.367399998940527 ], [ 2782319.214300001040101, 805591.717100000358187 ], [ 2782392.573599999770522, 805545.337800003355369 ], [ 2782457.057499992661178, 805507.559500002767891 ], [ 2782503.676599998027086, 805503.404399999417365 ], [ 2782539.957000001333654, 805489.958899999735877 ], [ 2782569.125200004316866, 805465.890899997670203 ], [ 2782645.923199999146163, 805392.218599997693673 ], [ 2782724.984600003808737, 805310.118700003600679 ], [ 2782754.638200000859797, 805283.864000000758097 ], [ 2782782.223799999803305, 805257.649800000828691 ], [ 2782803.48100000154227, 805228.268099996610545 ], [ 2782819.232600006274879, 805202.842900000861846 ], [ 2782857.929199998266995, 805167.118699999875389 ], [ 2782887.338499997742474, 805135.697299994411878 ], [ 2782935.75999999511987, 805098.920599996577948 ], [ 2782988.726599995046854, 805062.598299995879643 ], [ 2782996.709399993531406, 805055.16479999863077 ], [ 2783044.290200003422797, 805053.611099997069687 ], [ 2783089.936099999584258, 805029.130900001968257 ], [ 2783119.439000004902482, 805004.651699997601099 ], [ 2783167.501599997282028, 805005.427399999694899 ], [ 2783228.77770000230521, 805003.086500000208616 ], [ 2783291.745899997651577, 805028.577300003729761 ], [ 2783341.297100001014769, 805046.264999998034909 ], [ 2783377.403300004079938, 805051.41069999942556 ], [ 2783424.044299996457994, 805029.82010000012815 ], [ 2783459.393299999646842, 805020.986899998271838 ], [ 2783492.800600001588464, 805013.998699996271171 ], [ 2783522.644400001503527, 804988.554900001967326 ], [ 2783554.702499997802079, 804943.088399997795932 ], [ 2783586.270799998193979, 804905.251600000774488 ], [ 2783623.571900002658367, 804854.616999999852851 ], [ 2783647.017300005070865, 804817.508200002717786 ], [ 2783670.571000001393259, 804765.321300003211945 ], [ 2783682.488799999468029, 804749.665400000871159 ], [ 2783694.066799998283386, 804739.794600000372157 ], [ 2783710.163000006228685, 804732.902100000530481 ], [ 2783735.995800000615418, 804726.956300002289936 ], [ 2783749.917999995872378, 804716.538999997661449 ], [ 2783761.364499999210238, 804701.573199996724725 ], [ 2783769.94919999409467, 804690.402600002824329 ], [ 2783788.68400000128895, 804675.156900003086776 ], [ 2783801.706100000999868, 804666.861499998020008 ], [ 2783805.87879999447614, 804661.807900003739633 ], [ 2783812.788200001232326, 804648.198499998426996 ], [ 2783820.542199996300042, 804640.084299999871291 ], [ 2783829.641500003635883, 804633.720100000267848 ], [ 2783846.804000001400709, 804620.972400001133792 ], [ 2783873.547099998220801, 804595.320499997818843 ], [ 2783915.459799999371171, 804581.434499999624677 ], [ 2783953.175299998372793, 804587.897300003911369 ], [ 2784017.832199999131262, 804639.594099999871105 ], [ 2784051.773100006394088, 804675.05539999587927 ], [ 2784091.540700005367398, 804659.833000003476627 ], [ 2784137.490799997933209, 804639.40080000134185 ], [ 2784176.622500004246831, 804619.753099996247329 ], [ 2784215.493499997071922, 804602.697600003215484 ], [ 2784264.182199995964766, 804583.297000001766719 ], [ 2784291.768900000490248, 804592.521899995394051 ], [ 2784303.094299998134375, 804593.650300003355369 ], [ 2784315.355699999257922, 804589.273099996033125 ], [ 2784337.059500003233552, 804583.086800005869009 ], [ 2784353.899699996225536, 804571.270999997854233 ], [ 2784394.400600001215935, 804538.935700003406964 ], [ 2784410.179599999450147, 804524.887099997256882 ], [ 2784433.854900001548231, 804519.292499996721745 ], [ 2784466.30349999666214, 804522.923000000184402 ], [ 2784509.060400001704693, 804525.17280000098981 ], [ 2784539.214000001549721, 804530.121500003500842 ], [ 2784569.819799998775125, 804539.117999997222796 ], [ 2784595.023899998515844, 804545.864699998870492 ], [ 2784621.580399995669723, 804543.615599999553524 ], [ 2784669.599399998784065, 804539.520099997404031 ], [ 2784688.30249999742955, 804542.190799998817965 ], [ 2784702.193400006741285, 804545.219899996882305 ], [ 2784713.470600002445281, 804552.997199999634176 ], [ 2784723.823700002394617, 804561.212099998723716 ], [ 2784732.894900005310774, 804565.05640000209678 ], [ 2784747.255800002254546, 804573.842900001560338 ], [ 2784757.740300002507865, 804582.151899998192675 ], [ 2784766.804399994201958, 804588.249899995746091 ], [ 2784773.130300000309944, 804587.387999996775761 ], [ 2784790.381800001487136, 804582.789900004398078 ], [ 2784822.589000002481043, 804585.090399997425266 ], [ 2784840.163299999199808, 804580.23010000155773 ], [ 2784864.431599996984005, 804573.515700004063547 ], [ 2784882.776799999177456, 804561.076299996930175 ], [ 2784897.428099999204278, 804537.805400001467206 ], [ 2784908.392199997790158, 804532.590300004114397 ], [ 2784929.285499996505678, 804521.313399997772649 ], [ 2785003.331000003963709, 804525.568599996506236 ], [ 2785029.589000003412366, 804542.014500002842396 ], [ 2785055.496900002472103, 804561.260699995211326 ], [ 2785087.115799997933209, 804576.94470000138972 ], [ 2785112.617299999110401, 804590.069200003053993 ], [ 2785133.222500000149012, 804596.091400003409944 ], [ 2785143.283100000582635, 804599.24810000450816 ], [ 2785150.997800002805889, 804597.673999998020008 ], [ 2785159.226100000552833, 804595.118000000831671 ], [ 2785173.466100002638996, 804589.468400002690032 ], [ 2785190.747299995273352, 804592.547799998312257 ], [ 2785219.494200002402067, 804592.396200004033744 ], [ 2785236.663699997588992, 804600.922799997380935 ], [ 2785266.786099999211729, 804614.306399998255074 ], [ 2785297.016199998557568, 804623.831700000911951 ], [ 2785318.259199995547533, 804631.726899999659508 ], [ 2785376.509499999694526, 804642.41120000439696 ], [ 2785398.434899998828769, 804655.079599998891354 ], [ 2785439.54379999358207, 804666.037400001194328 ], [ 2785455.723199999891222, 804682.283899997128174 ], [ 2785459.499599997885525, 804685.375599995371886 ], [ 2785463.00010000448674, 804688.46319999860134 ], [ 2785467.35190000012517, 804690.196599998394959 ], [ 2785487.394500006921589, 804692.964299999759533 ], [ 2785496.2922000028193, 804697.200100001995452 ], [ 2785502.648500001057982, 804701.646000003674999 ], [ 2785506.595299994572997, 804708.352799998712726 ], [ 2785509.470899995416403, 804711.541199998930097 ], [ 2785512.415900000371039, 804712.22759999986738 ], [ 2785517.909300001338124, 804711.791899997740984 ], [ 2785529.76479999627918, 804716.043000001460314 ], [ 2785545.423699997365475, 804729.855900003341958 ], [ 2785587.600199998356402, 804782.021599999978207 ], [ 2785593.8114, 804793.441200000350364 ], [ 2785598.703199993818998, 804802.420799996587448 ], [ 2785604.017500001005828, 804811.409499994944781 ], [ 2785610.209200001321733, 804818.935300000943244 ], [ 2785619.0269, 804822.077499998500571 ], [ 2785625.05420000385493, 804827.274699998786673 ], [ 2785630.436700005084276, 804837.090700003318489 ], [ 2785632.075700000859797, 804859.925000002258457 ], [ 2785637.65500000026077, 804899.030700000235811 ], [ 2785641.411200003698468, 804906.661500003421679 ], [ 2785662.938600006513298, 804914.409000001265667 ], [ 2785679.257400000467896, 804924.666800002218224 ], [ 2785702.069100002758205, 804944.926400000113063 ], [ 2785738.378499995917082, 804978.330700002959929 ], [ 2785809.582900007255375, 805030.790100000449456 ], [ 2785826.011699996888638, 805071.83899999957066 ], [ 2785834.739100003615022, 805093.903600002988242 ], [ 2785851.168200000189245, 805101.600800003274344 ], [ 2785856.301599998958409, 805119.046699998900294 ], [ 2785857.840899993665516, 805135.466899995226413 ], [ 2785858.1722999997437, 805154.892899999744259 ], [ 2785865.1321, 805178.949099999037571 ], [ 2785871.689099998213351, 805253.874099995358847 ], [ 2785867.908299998380244, 805273.544399997568689 ], [ 2785864.659499999135733, 805317.037000001175329 ], [ 2785857.336099993437529, 805349.972200001589954 ], [ 2785849.322800005786121, 805383.054400001419708 ], [ 2785850.367299996316433, 805420.314800001680851 ], [ 2785871.46239999961108, 805441.76419999753125 ], [ 2785888.721800001338124, 805457.958700003568083 ], [ 2785912.673500003293157, 805480.48930000513792 ], [ 2785971.143399994820356, 805507.947500002803281 ], [ 2786016.07909999974072, 805544.886500001652166 ], [ 2786046.500100003555417, 805603.094800003571436 ], [ 2786076.831299997866154, 805634.249400001950562 ], [ 2786098.51269999705255, 805657.818199998466298 ], [ 2786127.090700000524521, 805682.375100002856925 ], [ 2786143.412000003270805, 805690.291399999288842 ], [ 2786164.151799996383488, 805703.419799994211644 ], [ 2786183.761499997228384, 805720.866199998417869 ], [ 2786199.154500002972782, 805749.11539999966044 ], [ 2786208.441400000825524, 805776.510800004354678 ], [ 2786223.490600001998246, 805786.61359999992419 ], [ 2786300.606999998912215, 805800.250000004190952 ], [ 2786332.75169999524951, 805810.423300000606105 ], [ 2786367.755400002934039, 805835.872600001632236 ], [ 2786425.194899994879961, 805880.806799998157658 ], [ 2786461.415799993090332, 805934.348299995763227 ], [ 2786516.045500002801418, 805974.447000003303401 ], [ 2786603.967899997718632, 806040.993200003635138 ], [ 2786640.672799997031689, 806070.85260000359267 ], [ 2786668.976699997670949, 806084.885499996133149 ], [ 2786691.51900000590831, 806089.291500000050291 ], [ 2786717.110500000417233, 806094.409299999242648 ], [ 2786738.096800001338124, 806106.158499999670312 ], [ 2786770.589199996553361, 806108.948999999789521 ], [ 2786783.087100000120699, 806120.523000000393949 ], [ 2786788.265100005082786, 806143.967900003190152 ], [ 2786896.685199996456504, 806233.783599996007979 ], [ 2786923.47900000307709, 806263.931600002106279 ], [ 2786969.425099996849895, 806280.665700002457015 ], [ 2787032.61849999986589, 806319.818799995700829 ], [ 2787060.878799993544817, 806336.367999997921288 ], [ 2787105.256600003689528, 806343.866999997873791 ], [ 2787147.753999996930361, 806353.821199998026714 ], [ 2787183.610299998894334, 806361.785899998038076 ], [ 2787219.466300003230572, 806371.078000004170462 ], [ 2787284.767699999734759, 806404.868400004226714 ], [ 2787319.013399999588728, 806422.400400000391528 ], [ 2787430.430200005881488, 806496.416299995500594 ], [ 2787458.959799996577203, 806525.17610000167042 ], [ 2787482.531999995931983, 806549.182599999709055 ], [ 2787513.392399993725121, 806582.962599999969825 ], [ 2787532.027599995955825, 806613.271399998804554 ], [ 2787559.646900001913309, 806640.466999998432584 ], [ 2787578.651799995452166, 806670.195499998284504 ], [ 2787596.753100004047155, 806715.90870000270661 ], [ 2787629.979999996721745, 806724.742899995530024 ], [ 2787692.442299996502697, 806724.743099997169338 ], [ 2787719.692700000479817, 806725.91370000038296 ], [ 2787732.554399994201958, 806752.234300000476651 ], [ 2787765.219999998807907, 806802.063499999581836 ], [ 2787817.940499994903803, 806856.473600004217587 ], [ 2787858.395699996501207, 806882.11879999935627 ], [ 2787896.719400005415082, 806897.968999999924563 ], [ 2787937.176299998536706, 806940.107800003373995 ], [ 2787994.252899996004999, 806982.007500000298023 ], [ 2788025.427899999544024, 807014.478299998445436 ], [ 2788047.742200002074242, 807055.446100004133768 ], [ 2788055.786799994297326, 807086.475699995062314 ], [ 2788070.893200001679361, 807125.105999994790182 ], [ 2788071.164800005964935, 807185.985199999762699 ], [ 2788055.237599997781217, 807246.098100002738647 ], [ 2788047.476799997501075, 807289.829900000593625 ], [ 2788063.409300002269447, 807315.76340000377968 ], [ 2788094.413999998010695, 807354.013599995290861 ], [ 2788117.0817, 807380.331199996406212 ], [ 2788134.445599998347461, 807406.539500003797002 ], [ 2788148.251300001516938, 807444.604900002479553 ], [ 2788157.053300004452467, 807502.583299996331334 ], [ 2788188.634400006383657, 807566.593199994182214 ], [ 2788238.014100001193583, 807609.915100005106069 ], [ 2788231.979299999773502, 807660.367799998144619 ], [ 2788216.468099999241531, 807699.098999999929219 ], [ 2788194.633000001311302, 807721.082199994125403 ], [ 2788171.980300002731383, 807742.933800004422665 ], [ 2788150.018600000999868, 807781.493900001398288 ], [ 2788152.58769999910146, 807826.60379999759607 ], [ 2788184.847099999897182, 807881.671600003144704 ], [ 2788199.009300004690886, 807906.960499997250736 ], [ 2788209.4003000035882, 807930.541900003328919 ], [ 2788229.315099996514618, 807976.168600003933534 ], [ 2788244.55789999384433, 807997.867600002558902 ], [ 2788272.0943, 808033.673000002396293 ], [ 2788296.063800002448261, 808059.794900002423674 ], [ 2788309.513700003735721, 808064.345800001290627 ], [ 2788317.8717, 808078.807399998535402 ], [ 2788318.977200004272163, 808091.052999998442829 ], [ 2788311.608499999158084, 808103.534699997282587 ], [ 2788282.043399997055531, 808135.592999995453283 ], [ 2788284.963600004091859, 808156.569899995462038 ], [ 2788294.302199993282557, 808189.295800003106706 ], [ 2788313.35179999936372, 808193.156899998662993 ], [ 2788337.416699997149408, 808191.046800001757219 ], [ 2788349.238099999725819, 808195.688000001362525 ], [ 2788367.269500003196299, 808218.027899999986403 ], [ 2788370.338100004009902, 808233.994699998758733 ], [ 2788370.771300007589161, 808247.166999998851679 ], [ 2788372.074199995957315, 808261.256000002729706 ], [ 2788390.61530000064522, 808272.486600001109764 ], [ 2788408.345600002445281, 808282.191300003789365 ], [ 2788421.855999999679625, 808290.630200000829063 ], [ 2788444.125399997457862, 808307.644400001619942 ], [ 2788474.454000005498528, 808319.644599999068305 ], [ 2788507.325200002640486, 808317.297299998463131 ], [ 2788519.290200002491474, 808313.356399998418055 ], [ 2788537.755599997937679, 808308.85240000358317 ], [ 2788546.384600001387298, 808323.711300004622899 ], [ 2788554.868700001388788, 808335.516599998809397 ], [ 2788563.002499998547137, 808350.222500002477318 ], [ 2788573.902500005438924, 808376.418499998515472 ], [ 2788578.137599997222424, 808390.657500000786968 ], [ 2788574.084200003184378, 808410.607299998402596 ], [ 2788572.862999995239079, 808433.473499997984618 ], [ 2788578.669699994847178, 808458.442200000863522 ], [ 2788578.543700004927814, 808483.148999998345971 ], [ 2788585.954200002364814, 808507.830499997944571 ], [ 2788590.420400002971292, 808530.628000003052875 ], [ 2788598.433600003831089, 808544.013199999928474 ], [ 2788638.24849999230355, 808568.397999999695458 ], [ 2788655.796200002543628, 808580.593699996708892 ], [ 2788672.194599999114871, 808599.891599998460151 ], [ 2788682.858599995262921, 808609.789899997762404 ], [ 2788692.626899997703731, 808613.413600005442277 ], [ 2788710.652199998497963, 808618.760600002482533 ], [ 2788727.448200006037951, 808625.204599997843616 ], [ 2788748.30780000705272, 808635.865200000582263 ], [ 2788763.6393, 808647.741399999009445 ], [ 2788809.66480000410229, 808695.50759999814909 ], [ 2788815.58969999756664, 808704.914100001566112 ], [ 2788821.013899994082749, 808716.576799998176284 ], [ 2788824.2019999967888, 808726.836199995130301 ], [ 2788822.53010000102222, 808741.975499994703569 ], [ 2788821.013299997895956, 808764.977199997985736 ], [ 2788817.704800001345575, 808789.479299997561611 ], [ 2788820.64400000218302, 808818.045499998261221 ], [ 2788841.757399996742606, 808874.704299998818897 ], [ 2788865.785200002603233, 808932.705500000272878 ], [ 2788863.37990000564605, 808945.89830000163056 ], [ 2788870.164499997161329, 808956.943399996962398 ], [ 2788881.198700001463294, 808967.096200000843965 ], [ 2788883.062899995595217, 808974.710900004487485 ], [ 2788883.838599997572601, 808977.879500004812144 ], [ 2788881.150999999605119, 809012.18579999729991 ], [ 2788880.813799996860325, 809016.489500004914589 ], [ 2788879.240000005811453, 809030.718500001938082 ], [ 2788875.202500000596046, 809046.332299996749498 ], [ 2788867.536099995486438, 809082.168799999286421 ], [ 2788862.187700004316866, 809121.14699999964796 ], [ 2788857.56120000127703, 809160.486900002462789 ], [ 2788850.126699996180832, 809179.234200004953891 ], [ 2788842.861100003123283, 809191.540800000424497 ], [ 2788823.703699993900955, 809220.979799999739043 ], [ 2788816.3295, 809230.26110000279732 ], [ 2788813.78040000423789, 809241.496699999435805 ], [ 2788812.022699996829033, 809246.494400001713075 ], [ 2788809.142599998041987, 809254.683099999674596 ], [ 2788811.81629999820143, 809272.391199998790398 ], [ 2788817.060999998822808, 809294.316899996250868 ], [ 2788824.223300004377961, 809315.33759999636095 ], [ 2788827.468700001947582, 809323.754099997924641 ], [ 2788829.930100001394749, 809333.291700003086589 ], [ 2788840.531300004571676, 809344.139500001328997 ], [ 2788846.926799999549985, 809360.032099998788908 ], [ 2788851.546899992972612, 809369.49089999916032 ], [ 2788851.988300004042685, 809377.518900000839494 ], [ 2788839.958599999547005, 809390.950199994957075 ], [ 2788834.90739999897778, 809396.589799996814691 ], [ 2788817.442400004714727, 809414.696100002969615 ], [ 2788807.027699995785952, 809426.35260000010021 ], [ 2788800.920700001530349, 809437.257000000681728 ], [ 2788789.773800000548363, 809466.557300004409626 ], [ 2788790.123400002717972, 809485.04329999780748 ], [ 2788800.354599999263883, 809504.607999997911975 ], [ 2788831.54079999960959, 809532.252500005415641 ], [ 2788886.202699999324977, 809577.690200004144572 ], [ 2788894.353600003756583, 809590.578899996238761 ], [ 2788943.190899998880923, 809655.823999996762723 ], [ 2788944.350100002251565, 809665.077099999412894 ], [ 2788945.239500000141561, 809677.67280000098981 ], [ 2788943.165700006298721, 809693.200500004109927 ], [ 2788931.592500003054738, 809715.926999999792315 ], [ 2788924.852500000968575, 809721.627500000642613 ], [ 2788896.564800004474819, 809716.110699996585026 ], [ 2788891.006600003689528, 809711.713100001914427 ], [ 2788867.652199994772673, 809690.71919999923557 ], [ 2788852.038099993020296, 809679.531100002932362 ], [ 2788836.092699998058379, 809669.268499996745959 ], [ 2788817.307300004176795, 809662.671199997188523 ], [ 2788800.302800001576543, 809657.043499994557351 ], [ 2788785.153800004161894, 809657.832400002400391 ], [ 2788766.3224, 809657.83279999694787 ], [ 2788749.992600001394749, 809660.860399995581247 ], [ 2788735.638099996373057, 809666.257800004328601 ], [ 2788724.839599996805191, 809671.260999995749444 ], [ 2788684.993400002829731, 809704.372599997324869 ], [ 2788635.054999997839332, 809744.767999995849095 ], [ 2788594.885200002230704, 809796.990999996429309 ], [ 2788589.902199995703995, 809805.29360000055749 ], [ 2788593.847499998286366, 809810.896800003363751 ], [ 2788630.807199999690056, 809834.768299997434951 ], [ 2788668.596500005573034, 809848.46889999776613 ], [ 2788687.264500003308058, 809859.2562000004109 ], [ 2788694.216099995188415, 809874.855599996866658 ], [ 2788723.847599995322526, 809909.759599994402379 ], [ 2788746.033499997109175, 809950.907200003508478 ], [ 2788752.72029999922961, 809967.680799998342991 ], [ 2788755.523599993437529, 810023.513500002794899 ], [ 2788760.62990000564605, 810059.237199995317496 ], [ 2788763.330099996179342, 810101.86880000308156 ], [ 2788761.49819999653846, 810119.012099997606128 ], [ 2788751.441700000315905, 810150.31609999819193 ], [ 2788722.288000001572073, 810175.406800000811927 ], [ 2788671.515300001017749, 810216.124800001969561 ], [ 2788606.263099998235703, 810271.476500004995614 ], [ 2788595.739699999801815, 810299.156599996145815 ], [ 2788598.071400000713766, 810333.313199997181073 ], [ 2788601.378399998880923, 810385.322700004675426 ], [ 2788603.757299993187189, 810392.768399999244139 ], [ 2788607.745500001125038, 810397.716499996604398 ], [ 2788638.510599999688566, 810407.88789999904111 ], [ 2788668.335399998351932, 810419.300099998479709 ], [ 2788701.457000005058944, 810466.305099999182858 ], [ 2788705.816999998874962, 810473.782200003508478 ], [ 2788709.269599992781878, 810480.679900003131479 ], [ 2788711.533099999651313, 810487.796600002679043 ], [ 2788713.470200005918741, 810495.804699999280274 ], [ 2788708.932899998500943, 810532.234100001631305 ], [ 2788699.320600001141429, 810553.413800005568191 ], [ 2788697.159400000236928, 810568.873499998124316 ], [ 2788699.149600001983345, 810588.692599997390062 ], [ 2788704.692500001750886, 810608.174699995666742 ], [ 2788709.038099997676909, 810614.552399999229237 ], [ 2788715.169100000523031, 810623.550299995928071 ], [ 2788718.965099996887147, 810627.651400001253933 ], [ 2788726.462799998931587, 810635.751600004849024 ], [ 2788766.419200007803738, 810670.286499998997897 ], [ 2788766.669099999591708, 810670.502499999827705 ], [ 2788767.279899996705353, 810671.03039999678731 ], [ 2788767.411499997600913, 810671.145500004291534 ], [ 2788769.013099994510412, 810672.545699999900535 ], [ 2788769.495099995285273, 810672.967100000241771 ], [ 2788773.49520000256598, 810676.464200004586019 ], [ 2788773.714400003664196, 810676.685199994826689 ], [ 2788779.136299994774163, 810682.150600005290471 ], [ 2788791.251800001598895, 810696.894100000616163 ], [ 2788802.227200002409518, 810710.250200002687052 ], [ 2788809.750500001013279, 810719.405400002142414 ], [ 2788819.785100001841784, 810734.908399994950742 ], [ 2788822.782700002193451, 810736.518800004036166 ], [ 2788831.988999997265637, 810741.464799996931106 ], [ 2788859.509600002318621, 810756.249900000053458 ], [ 2788893.45649999845773, 810781.540399998775683 ], [ 2788915.506399996578693, 810797.967699997825548 ], [ 2788924.190700004808605, 810804.437499999534339 ], [ 2788936.827199999243021, 810813.851799998432398 ], [ 2788951.651100004091859, 810830.954000002588145 ], [ 2788962.520099995657802, 810851.432899998384528 ], [ 2788964.769199995324016, 810862.828999998397194 ], [ 2788963.4452, 810870.398299997556023 ], [ 2788961.235100004822016, 810883.033300000592135 ], [ 2788957.343399996869266, 810893.885500000789762 ], [ 2788949.996699992567301, 810914.372099995613098 ], [ 2788949.662900001741946, 810915.302899999544024 ], [ 2788949.781499998643994, 810928.712700001429766 ], [ 2788944.171099997125566, 810962.355300004128367 ], [ 2788944.246299997903407, 810982.282499995897524 ], [ 2788942.300099997781217, 810996.907900002319366 ], [ 2788939.645499995909631, 811016.690699998871423 ], [ 2788933.731700004078448, 811047.080300001893193 ], [ 2788928.925300001166761, 811066.165900003165007 ], [ 2788922.930300001055002, 811082.72210000292398 ], [ 2788907.430299998261034, 811118.11670000385493 ], [ 2788894.969300002790987, 811142.349900000612251 ], [ 2788871.468700001016259, 811155.324400003766641 ], [ 2788850.185700001195073, 811182.937500001513399 ], [ 2788846.821899998933077, 811199.204299997189082 ], [ 2788838.112999994307756, 811204.054200001992285 ], [ 2788858.835500003769994, 811245.168799996725284 ], [ 2788870.983299997635186, 811287.584999999962747 ], [ 2788884.418599998578429, 811320.502699997858144 ], [ 2788895.038300003856421, 811339.857000000309199 ], [ 2788907.429899995215237, 811355.174499998684041 ], [ 2788914.010300005786121, 811368.216100000310689 ], [ 2788926.785999994724989, 811402.059700000449084 ], [ 2788937.279600005596876, 811428.296999997342937 ], [ 2788946.554499998688698, 811456.671800002339296 ], [ 2788949.762000005692244, 811470.737299997126684 ], [ 2788951.788700003176928, 811478.759199995780364 ], [ 2788952.881299999542534, 811490.9203 ], [ 2788953.287300001829863, 811509.562700001755729 ], [ 2788914.044200005941093, 811541.349599997978657 ], [ 2788898.370599999092519, 811534.179499996709637 ], [ 2788884.183499999344349, 811548.794000003603287 ], [ 2788873.732800003141165, 811556.830099998856895 ], [ 2788847.527800002135336, 811569.914099997491576 ], [ 2788831.207999998703599, 811574.601200001547113 ], [ 2788815.20509999897331, 811581.462900005513802 ], [ 2788802.360100002028048, 811568.518499996629544 ], [ 2788769.481200005859137, 811598.759699997142889 ], [ 2788760.331699997186661, 811612.638500005123205 ], [ 2788751.819200004450977, 811631.840500002843328 ], [ 2788750.413199994713068, 811650.831199999782257 ], [ 2788751.445400000549853, 811662.980000001494773 ], [ 2788760.483000001870096, 811720.203400005004369 ], [ 2788772.429300006479025, 811768.691700002877042 ], [ 2788783.481299994513392, 811813.549699998926371 ], [ 2788798.564700001850724, 811863.15029999637045 ], [ 2788804.440099995583296, 811884.121499996748753 ], [ 2788805.524700003676116, 811890.704099999857135 ], [ 2788806.092499998398125, 811900.879700002493337 ], [ 2788804.414299998432398, 811912.639699997263961 ], [ 2788802.07289999909699, 811924.195700004464015 ], [ 2788799.629299999214709, 811936.255800001323223 ], [ 2788791.899699999019504, 811974.361299999523908 ], [ 2788789.218000001274049, 811994.597099999082275 ], [ 2788791.358200001530349, 812002.000599998398684 ], [ 2788824.895500000566244, 812010.084700002567843 ], [ 2788841.027099998667836, 812015.054099999368191 ], [ 2788854.836900005117059, 812018.309500001603737 ], [ 2788868.263499999418855, 812024.918499998631887 ], [ 2788880.171899996697903, 812033.982500002952293 ], [ 2788889.142900000326335, 812045.959299996611662 ], [ 2788899.46989999525249, 812056.790500004426576 ], [ 2788910.0713, 812067.35109999938868 ], [ 2788920.657700001262128, 812077.930300001753494 ], [ 2788931.24310000333935, 812088.508100001025014 ], [ 2788941.892499999143183, 812099.023300000233576 ], [ 2788951.985299998894334, 812108.832099996739998 ], [ 2788956.611699996516109, 812125.045900002704002 ], [ 2788956.988900002092123, 812140.005300002521835 ], [ 2788955.811800001189113, 812148.875299998093396 ], [ 2788944.744300002232194, 812167.313700003433041 ], [ 2788935.858899999409914, 812179.356700001168065 ], [ 2788926.439300004392862, 812190.983900001971051 ], [ 2788920.540299996733665, 812204.736700002686121 ], [ 2788921.968099996447563, 812217.368899999768473 ], [ 2788930.24690000154078, 812231.410299998009577 ], [ 2788940.689699997194111, 812239.101500000455417 ], [ 2788950.694899996742606, 812245.790500003611669 ], [ 2788951.916100004687905, 812246.60690000152681 ], [ 2788953.886900001205504, 812247.924499995424412 ], [ 2788962.841799995861948, 812251.295199998072349 ], [ 2788975.573299998417497, 812256.087900004349649 ], [ 2788994.865700002759695, 812263.348600004450418 ], [ 2789009.342800002545118, 812268.797599999699742 ], [ 2789075.356500002555549, 812304.01130000106059 ], [ 2789088.41950000077486, 812312.934400000260212 ], [ 2789095.070999999530613, 812324.864400003803894 ], [ 2789093.94609999936074, 812340.231100003700703 ], [ 2789088.35939999949187, 812353.565300001413561 ], [ 2789079.233499996364117, 812358.208299998543225 ], [ 2789054.876199995167553, 812361.798599997302517 ], [ 2789027.166599997319281, 812384.279199999407865 ], [ 2788999.456999999471009, 812406.761000002967194 ], [ 2788992.152099995873868, 812426.030000002821907 ], [ 2788986.749100001528859, 812447.645499996608123 ], [ 2788991.050499994307756, 812454.813500002142973 ], [ 2788998.603699993342161, 812463.902100002975203 ], [ 2789016.415500001050532, 812469.529100004117936 ], [ 2789018.947699999436736, 812470.328499999362975 ], [ 2789048.181700002402067, 812520.52989999728743 ], [ 2789053.363699997775257, 812529.428699998185039 ], [ 2789082.5962999984622, 812579.628099996829405 ], [ 2789092.147699996829033, 812596.028099998598918 ], [ 2789094.182499996386468, 812600.618500000797212 ], [ 2789102.98170000128448, 812620.472100005135871 ], [ 2789112.27250000089407, 812646.219099996844307 ], [ 2789116.116699999198318, 812664.003300000098534 ], [ 2789125.0110999988392, 812689.481099999509752 ], [ 2789134.105899998918176, 812705.515699998359196 ], [ 2789159.18270000256598, 812728.595300003304146 ], [ 2789168.185900004580617, 812734.727299997350201 ], [ 2789173.134499993175268, 812738.097500000149012 ], [ 2789188.083099998533726, 812744.358299998566508 ], [ 2789193.271100000478327, 812747.710900002508424 ], [ 2789207.1993000023067, 812766.890500004868954 ], [ 2789207.367100001312792, 812785.911100003286265 ], [ 2789204.286700006574392, 812801.827499999199063 ], [ 2789188.77070000115782, 812816.891899996087886 ], [ 2789183.525500000454485, 812829.048899996560067 ], [ 2789183.34489999897778, 812868.817499995348044 ], [ 2789183.309900002554059, 812876.538699995609932 ], [ 2789176.671899998560548, 812885.563100000377744 ], [ 2789151.042699997313321, 812911.161699998192489 ], [ 2789131.721299995668232, 812934.396299999789335 ], [ 2789124.063899996690452, 812943.607500005397014 ], [ 2789100.077499996870756, 812966.604299998143688 ], [ 2789088.701300001703203, 812975.317899994086474 ], [ 2789069.13810000102967, 812988.132700000656769 ], [ 2789049.180100005120039, 813004.682900002575479 ], [ 2789038.140100004151464, 813011.193500005407259 ], [ 2789025.818300004117191, 813012.716499998699874 ], [ 2789002.211300001479685, 813015.014099998050369 ], [ 2788997.2621, 813024.269699999829754 ], [ 2788994.822899993509054, 813056.094500003382564 ], [ 2788988.935899998992682, 813113.685099998721853 ], [ 2788968.214500002563, 813253.066300005302764 ], [ 2788978.136699996888638, 813279.762699999380857 ], [ 2788984.043899995274842, 813301.212299997103401 ], [ 2789001.241100000217557, 813345.948500003782101 ], [ 2789011.145900005474687, 813369.349700003047474 ], [ 2789036.434299999848008, 813410.967899996438064 ], [ 2789043.130500001832843, 813416.470300002256408 ], [ 2789116.84529999550432, 813413.374500000150874 ], [ 2789077.273699996061623, 813443.618099994608201 ], [ 2789091.814700002782047, 813463.672699996386655 ], [ 2789108.569699998944998, 813488.472300002467819 ], [ 2789115.960900004953146, 813501.485099998768419 ], [ 2789119.426899997517467, 813516.041100000496954 ], [ 2789122.024899996817112, 813531.44170000043232 ], [ 2789131.680299992673099, 813541.202300003962591 ], [ 2789148.16830000653863, 813544.071100000292063 ], [ 2789162.907699998468161, 813546.666700005996972 ], [ 2789177.584299996495247, 813549.576899999636225 ], [ 2789189.7489, 813559.141699996660464 ], [ 2789195.535099998116493, 813561.682100003003143 ], [ 2789205.046899996697903, 813562.667899995809421 ], [ 2789209.767699998803437, 813560.654299999005161 ], [ 2789217.35570000205189, 813555.967700003646314 ], [ 2789226.778900001198053, 813551.747900004382245 ], [ 2789237.546700001694262, 813546.778900002245791 ], [ 2789247.018900000490248, 813549.654300001449883 ], [ 2789253.082099994644523, 813552.299899997771718 ], [ 2789259.145299998112023, 813554.945500002941117 ], [ 2789260.867099996656179, 813556.016500001773238 ], [ 2789276.972099999897182, 813566.031699997372925 ], [ 2789298.640100001357496, 813577.497700002044439 ], [ 2789312.451100000180304, 813584.697500003036112 ], [ 2789340.518299996852875, 813597.470299998414703 ], [ 2789412.240899998694658, 813621.743900001631118 ], [ 2789418.949700001627207, 813622.322499999543652 ], [ 2789426.189499996602535, 813620.801300003775395 ], [ 2789482.242900001816452, 813599.802900002687238 ], [ 2789484.281099995598197, 813598.658500000485219 ], [ 2789487.037699995562434, 813597.108499999390915 ], [ 2789488.898500004783273, 813596.13289999589324 ], [ 2789496.010300002992153, 813593.525100001716055 ], [ 2789509.965100000612438, 813588.193700004252605 ], [ 2789523.887299996800721, 813583.944899997906759 ], [ 2789540.421699997037649, 813582.057500001159497 ], [ 2789567.933900001458824, 813576.125100001692772 ], [ 2789583.137099999003112, 813577.495500001008622 ], [ 2789596.970700004138052, 813583.12929999793414 ], [ 2789619.5861, 813592.699299994972534 ], [ 2789640.020499994046986, 813589.658299997681752 ], [ 2789655.338500001467764, 813595.357099997345358 ], [ 2789683.065899999812245, 813597.569700001156889 ], [ 2789698.342299998737872, 813600.460900001693517 ], [ 2789705.348499994724989, 813606.119900000048801 ], [ 2789708.34009999781847, 813619.306699994835071 ], [ 2789703.051299998536706, 813629.687300002318807 ], [ 2789692.080899995751679, 813641.612299998872913 ], [ 2789679.090099999681115, 813649.03990000358317 ], [ 2789677.321300000883639, 813659.66490000509657 ], [ 2789683.483300001360476, 813672.134500003070571 ], [ 2789696.435099993832409, 813676.788300003390759 ], [ 2789714.095299997366965, 813676.585499999462627 ], [ 2789727.75110000744462, 813671.641699998755939 ], [ 2789738.890099998563528, 813660.326099995989352 ], [ 2789749.03350000269711, 813660.994300001766533 ], [ 2789757.637900000438094, 813673.529700000537559 ], [ 2789770.593900001607835, 813681.019099998637103 ], [ 2789785.580500002019107, 813690.345299997716211 ], [ 2789807.914700001478195, 813705.891300001298077 ], [ 2789822.102099999785423, 813728.34770000167191 ], [ 2789829.632099997252226, 813733.032900002785027 ], [ 2789837.002700004726648, 813735.449700004654005 ], [ 2789846.249899997375906, 813736.876699997694232 ], [ 2789854.848899994045496, 813739.732099995366298 ], [ 2789861.634099999442697, 813745.75669999839738 ], [ 2789881.70650000218302, 813770.995299994829111 ], [ 2789891.833899994380772, 813782.012100002146326 ], [ 2789902.046700002625585, 813792.951099995523691 ], [ 2789918.338900000788271, 813803.768899995833635 ], [ 2789938.764899995177984, 813815.396099996520206 ], [ 2789957.183899994939566, 813827.108500003232621 ], [ 2789973.315300000831485, 813841.913300000946037 ], [ 2789985.100299995392561, 813853.623499998007901 ], [ 2790041.608299999497831, 813943.084099999861792 ], [ 2790055.438899996690452, 813969.378299997304566 ], [ 2790056.338899996131659, 813984.99249999539461 ], [ 2790052.099499998614192, 813999.819499995675869 ], [ 2790045.219700004905462, 814013.109499998856336 ], [ 2790033.557700000703335, 814040.672700002440251 ], [ 2790029.808300001546741, 814056.342899997835048 ], [ 2790029.439899999648333, 814074.187099996954203 ], [ 2790029.372100000269711, 814077.479300001636147 ], [ 2790029.258500000461936, 814082.934699998120777 ], [ 2790028.903699998743832, 814100.126700003165752 ], [ 2790026.809500000439584, 814114.502699999837205 ], [ 2790021.830299999564886, 814129.208299996564165 ], [ 2790018.636900001205504, 814143.828099999693222 ], [ 2790016.430900000967085, 814158.629300002241507 ], [ 2790014.458700001239777, 814172.654300002963282 ], [ 2790019.687299993820488, 814187.676100001204759 ], [ 2790026.765900001861155, 814196.733899997314438 ], [ 2790028.24449999909848, 814206.701699997764081 ], [ 2790017.728500002063811, 814215.678499996894971 ], [ 2789990.610299995169044, 814229.007300001801923 ], [ 2789975.186899996362627, 814228.38949999876786 ], [ 2789958.578500005416572, 814226.153500000014901 ], [ 2789959.187500004656613, 814243.158700004220009 ], [ 2789954.276299997232854, 814307.598099995870143 ], [ 2789968.338699996471405, 814304.594499997328967 ], [ 2790002.157700000330806, 814320.329300001030788 ], [ 2790020.228899995796382, 814334.479300000355579 ], [ 2790057.979300003498793, 814365.835900004720315 ], [ 2790075.314499993808568, 814381.952700001886114 ], [ 2789996.507700007408857, 814418.149300002376549 ], [ 2790029.4315, 814492.914500005659647 ], [ 2790038.658499998040497, 814550.388099999399856 ], [ 2790060.713699991814792, 814548.858500003232621 ], [ 2790068.329299999400973, 814638.000900004291907 ], [ 2790089.72269999794662, 814648.596300002536736 ], [ 2790089.729099999181926, 814648.59950000315439 ], [ 2790094.900500001385808, 814692.359000001451932 ], [ 2790099.511500001884997, 814749.993900005472824 ], [ 2790101.676099996082485, 814777.048899997957051 ], [ 2790123.623600001446903, 814795.201099999831058 ], [ 2790174.951399999670684, 814823.38059999817051 ], [ 2790204.376200001686811, 814837.621000003418885 ], [ 2790235.07799999974668, 814850.219899996765889 ], [ 2790257.113700000569224, 814860.216899997205473 ], [ 2790282.215000004507601, 814871.26259999757167 ], [ 2790306.594499999657273, 814888.151500001666136 ], [ 2790319.176899998448789, 814907.583899998571724 ], [ 2790345.637400005012751, 814929.659299996332265 ], [ 2790365.0258, 814940.7469999990426 ], [ 2790408.265300001949072, 814942.127900003455579 ], [ 2790437.722000005654991, 814949.868299998575822 ], [ 2790494.409999997355044, 814974.943199999863282 ], [ 2790504.384999996982515, 814979.355499999714084 ], [ 2790518.187799996696413, 814985.460899998084642 ], [ 2790533.244499995373189, 814997.473200005246326 ], [ 2790540.476600000634789, 815005.168399997404777 ], [ 2790542.052899998612702, 815008.486899999552406 ], [ 2790548.977799999527633, 815023.069100002292544 ], [ 2790542.917400002479553, 815043.5313000024762 ], [ 2790535.332800001837313, 815068.826500001363456 ], [ 2790531.542300003580749, 815087.961300004157238 ], [ 2790533.69650000706315, 815102.492200000793673 ], [ 2790544.900700002908707, 815118.957800001720898 ], [ 2790563.157600003294647, 815137.472300002467819 ], [ 2790583.342200002633035, 815157.943900002748705 ], [ 2790617.133899999782443, 815185.253600001451559 ], [ 2790796.81290000025183, 815333.142499995883554 ], [ 2790812.0576, 815375.226599999819882 ], [ 2790820.312500002793968, 815404.31830000365153 ], [ 2790852.290899999439716, 815419.387499997043051 ], [ 2790912.041300002485514, 815435.094899998279288 ], [ 2790924.928100000135601, 815439.332499998155981 ], [ 2791022.287699997425079, 815447.20830000040587 ], [ 2791153.943899998441339, 815459.379699999233708 ], [ 2791199.293300004675984, 815462.806499995640479 ], [ 2791234.44230000115931, 815465.427499995566905 ], [ 2791261.9507, 815471.613699998124503 ], [ 2791266.864699995145202, 815473.619100004783832 ], [ 2791276.990700001828372, 815482.918699999456294 ], [ 2791286.270300003699958, 815493.378699999302626 ], [ 2791341.507700006477535, 815598.339699998381548 ], [ 2791349.818700001575053, 815583.058899997267872 ] ] ] ] } },
{ "type": "Feature", "properties": { "CVEGEO": "09009", "CVE_ENT": "09", "CVE_MUN": "009", "NOMGEO": "Milpa Alta" }, "geometry": { "type": "MultiPolygon", "coordinates": [ [ [ [ 2814707.204299998469651, 806730.787299998337403 ], [ 2814775.525100002996624, 806714.953499995404854 ], [ 2814865.228699996136129, 806711.061900002066977 ], [ 2814865.239499999210238, 806711.061499998671934 ], [ 2814877.396099996753037, 806710.534100001561455 ], [ 2814877.399700000882149, 806710.533899999922141 ], [ 2814871.827100000344217, 806692.541700001689605 ], [ 2814849.754299998283386, 806678.140700005344115 ], [ 2814849.627499993890524, 806601.290700003155507 ], [ 2814849.627499993890524, 806601.282699997187592 ], [ 2814852.142300004139543, 806600.907499999506399 ], [ 2814891.761100005358458, 806594.994100001873448 ], [ 2814932.048299998044968, 806585.111099995323457 ], [ 2814958.832099999301136, 806570.65669999725651 ], [ 2814976.011300001293421, 806547.470700000878423 ], [ 2814985.52889999654144, 806537.911100003751926 ], [ 2814985.531299998983741, 806537.908499999437481 ], [ 2814968.569300007075071, 806470.595300004351884 ], [ 2814966.584900001995265, 806462.724099996848963 ], [ 2814966.583099995739758, 806462.716699996031821 ], [ 2814999.227499997243285, 806453.31029999780003 ], [ 2815028.251900001429021, 806444.944699998828582 ], [ 2815028.348300004377961, 806444.916900001931936 ], [ 2815028.358300001360476, 806444.913900002953596 ], [ 2815062.13430000282824, 806578.557299997541122 ], [ 2815063.719500001519918, 806599.821699999039993 ], [ 2815064.08729999884963, 806602.927900000824593 ], [ 2815077.882100001908839, 806719.409900002065115 ], [ 2815077.988899996504188, 806719.403299999190494 ], [ 2815077.999900001101196, 806719.402500001247972 ], [ 2815169.197699999436736, 806713.92509999522008 ], [ 2815189.19089999422431, 806711.927099998109043 ], [ 2815239.287899999879301, 806717.883299996028654 ], [ 2815239.357199999503791, 806717.659700001357123 ], [ 2815244.875099999830127, 806699.856899999664165 ], [ 2815244.877300000749528, 806699.849200000637211 ], [ 2815250.888499996624887, 806680.454900003969669 ], [ 2815251.247100003063679, 806679.297699999413453 ], [ 2815251.24930000398308, 806679.289900004048832 ], [ 2815257.66170000564307, 806658.599900000263005 ], [ 2815257.664099999703467, 806658.59209999605082 ], [ 2815258.785700002685189, 806651.783100001048297 ], [ 2815258.786899995990098, 806651.774900002288632 ], [ 2815259.914300004020333, 806644.92829999816604 ], [ 2815264.815499997697771, 806615.167899997555651 ], [ 2815264.816699998453259, 806615.159699998795986 ], [ 2815264.817900000140071, 806615.152299997862428 ], [ 2815267.488300003111362, 806598.936299999710172 ], [ 2815267.48960000090301, 806598.928100000950508 ], [ 2815268.4923, 806592.839699996402487 ], [ 2815268.493500000797212, 806592.831499997642823 ], [ 2815268.5608000010252, 806592.42230000346899 ], [ 2815270.039100000634789, 806583.445300002698787 ], [ 2815270.040500002913177, 806583.437100003939122 ], [ 2815276.227899998426437, 806545.861900005256757 ], [ 2815276.229100000113249, 806545.853699997649528 ], [ 2815283.745900000445545, 806500.208899998338893 ], [ 2815284.536700001917779, 806495.406300000962801 ], [ 2815284.537999999709427, 806495.398100002203137 ], [ 2815284.574100000783801, 806495.179100002394989 ], [ 2815286.53010000474751, 806483.301500000990927 ], [ 2815293.637299998663366, 806440.141899999813177 ], [ 2815293.638499999418855, 806440.133700001053512 ], [ 2815368.415900000371039, 806435.878099998924881 ], [ 2815440.116700002923608, 806431.775699995807372 ], [ 2815444.612299996428192, 806431.4838999977801 ], [ 2815506.367399995215237, 806427.470999997458421 ], [ 2815521.66469999961555, 806516.67390000296291 ], [ 2815575.224699999205768, 806538.079499998944812 ], [ 2815823.775300004519522, 806314.323299999698065 ], [ 2816092.722099998965859, 806069.297299997298978 ], [ 2816242.370900001376867, 805942.308699999004602 ], [ 2816244.172899998724461, 805940.779499997384846 ], [ 2816247.510200001299381, 805937.947899998165667 ], [ 2816248.658699998632073, 805936.973499995889142 ], [ 2816249.129099998623133, 805936.57440000330098 ], [ 2816270.881599996238947, 805918.118800002499484 ], [ 2816272.734899999573827, 805916.546399997081608 ], [ 2816275.781700002029538, 805913.961400001659058 ], [ 2816289.793399999849498, 805902.073400000459515 ], [ 2816290.005400002934039, 805901.893599997041747 ], [ 2816293.237199999392033, 805899.151500000501983 ], [ 2816297.2340999962762, 805895.760699999867938 ], [ 2816325.786100001074374, 805871.536099996534176 ], [ 2816329.102300005964935, 805868.722299997811206 ], [ 2816332.504600002430379, 805865.835900002508424 ], [ 2816357.23589999973774, 805844.85289999935776 ], [ 2816360.454200001433492, 805842.122400003951043 ], [ 2816363.752500000409782, 805839.324000003165565 ], [ 2816383.13939999602735, 805822.875500001362525 ], [ 2816384.960600006394088, 805821.330299996654503 ], [ 2816387.046299999579787, 805819.560699999448843 ], [ 2816409.654700006358325, 805800.379000001354143 ], [ 2816411.944700003601611, 805798.436099998420104 ], [ 2816414.53139999974519, 805796.241400000522844 ], [ 2816437.65440000128001, 805776.623000000603497 ], [ 2816439.635399995371699, 805774.942200004588813 ], [ 2816441.430600006133318, 805773.419200002448633 ], [ 2816447.992199999280274, 805767.851500004529953 ], [ 2816464.606799999251962, 805753.75260000070557 ], [ 2816466.969499997794628, 805751.747599997441284 ], [ 2816469.058600002899766, 805749.974700003163889 ], [ 2816491.716399994678795, 805730.746699997223914 ], [ 2816493.3928999947384, 805729.324000000953674 ], [ 2816495.288599994964898, 805727.715300001669675 ], [ 2816517.167499993927777, 805709.148300002445467 ], [ 2816521.288100000470877, 805705.65150000504218 ], [ 2816525.02730000205338, 805702.478300001122989 ], [ 2816733.145499995909631, 805525.864100005594082 ], [ 2816734.258299995213747, 805524.91990000300575 ], [ 2816735.416200001724064, 805523.937199996784329 ], [ 2816820.489699996076524, 805451.741800001589581 ], [ 2816821.904900004155934, 805450.540800005896017 ], [ 2816821.90849999897182, 805450.537799998186529 ], [ 2816823.331099999137223, 805449.330400001257658 ], [ 2816882.556999998167157, 805399.069999998318963 ], [ 2816892.642500001005828, 805390.511100000934675 ], [ 2816892.653900000266731, 805390.501499999081716 ], [ 2816892.934399995952845, 805390.263400000985712 ], [ 2816900.806900001130998, 805383.582500000018626 ], [ 2816901.136200003325939, 805383.302999995765276 ], [ 2816902.208499999716878, 805383.388099996605888 ], [ 2816927.096899998374283, 805385.3639 ], [ 2816927.668700000271201, 805385.409299995866604 ], [ 2816936.758300000801682, 805383.978300004382618 ], [ 2816936.768700000829995, 805383.976699999650009 ], [ 2817231.460500004701316, 805337.582100001163781 ], [ 2817231.641500000841916, 805337.564899996854365 ], [ 2817237.003099997527897, 805337.053300001076423 ], [ 2817285.001300000585616, 805326.785699996631593 ], [ 2817301.090300001204014, 805322.701499997521751 ], [ 2817312.245699998922646, 805317.1478999996325 ], [ 2817324.076700002886355, 805311.257899997057393 ], [ 2817368.191500002518296, 805289.295500002335757 ], [ 2817378.278300004079938, 805284.552499997545965 ], [ 2817409.202899998053908, 805256.446900002192706 ], [ 2817422.109499995596707, 805239.27410000085365 ], [ 2817425.980099996551871, 805233.951299996697344 ], [ 2817425.982100004330277, 805233.94829999783542 ], [ 2817425.984300005249679, 805233.945299998857081 ], [ 2817438.225899998098612, 805217.095500003546476 ], [ 2817438.709899999201298, 805216.429499998688698 ], [ 2817463.6266999989748, 805185.603100006119348 ], [ 2817506.586100000888109, 805134.044100002502091 ], [ 2817528.439099996350706, 805114.130700003937818 ], [ 2817555.48789999820292, 805094.33590000285767 ], [ 2817583.654699999839067, 805073.259500003652647 ], [ 2817605.872500002384186, 805056.206299999379553 ], [ 2817605.955499998293817, 805056.16249999939464 ], [ 2817627.330099997110665, 805044.852499999804422 ], [ 2817656.983900004066527, 805029.07509999757167 ], [ 2817766.879299995489419, 804982.731699999887496 ], [ 2817771.864099998958409, 804980.610700003337115 ], [ 2817789.819300001487136, 804972.967700002831407 ], [ 2817820.496099999174476, 804950.604100002208725 ], [ 2817845.207099996507168, 804937.505300001939759 ], [ 2817878.472099998965859, 804922.927500001038425 ], [ 2817915.300699998624623, 804910.0803000027081 ], [ 2817920.549900006502867, 804908.205900001339614 ], [ 2817936.614099999889731, 804899.464999999385327 ], [ 2818013.645900005474687, 804824.590000002528541 ], [ 2818101.429899994283915, 804739.264300000853837 ], [ 2818102.714100005105138, 804734.299100004369393 ], [ 2818099.347900000400841, 804710.081900001852773 ], [ 2818086.697499999776483, 804619.046299998997711 ], [ 2818086.369999995455146, 804616.689599998295307 ], [ 2818082.2018, 804586.694400005391799 ], [ 2818043.879599999636412, 804552.601099997176789 ], [ 2818069.986000005155802, 804521.686999999568798 ], [ 2818072.323700004257262, 804474.843400005484 ], [ 2818066.863500002771616, 804434.255100002977997 ], [ 2818048.611500003375113, 804425.182899999781512 ], [ 2818037.724299998022616, 804419.769199998816475 ], [ 2817989.412200000137091, 804373.968099996331148 ], [ 2817928.444500000216067, 804316.167800004710443 ], [ 2817850.034700002521276, 804241.831299997516908 ], [ 2817814.632700000889599, 804208.268499999307096 ], [ 2818024.535999994724989, 804088.578200001618825 ], [ 2818027.0428, 804077.264899996225722 ], [ 2818035.232500006444752, 804040.314400001545437 ], [ 2818102.945000004023314, 803734.769399997428991 ], [ 2818112.53010000102222, 803515.417099997517653 ], [ 2818056.61850000359118, 802611.082200000528246 ], [ 2818197.560599993914366, 802314.641500002006069 ], [ 2818904.082199994474649, 801461.201999997603707 ], [ 2819258.990600001066923, 801189.045399998547509 ], [ 2819295.091999999247491, 801203.929200002807193 ], [ 2819433.462000001221895, 800908.738700001500547 ], [ 2819711.56050000526011, 800315.465100004221313 ], [ 2818332.892200002446771, 799876.835899998084642 ], [ 2818150.034100006334484, 799818.659999996656552 ], [ 2818377.789200002327561, 799549.935299997450784 ], [ 2818446.051399996504188, 799469.39429999596905 ], [ 2818540.53690000064671, 799357.91199999616947 ], [ 2818606.782799997366965, 799279.749100000131875 ], [ 2818652.552999999374151, 799225.744999997783452 ], [ 2818725.549900002777576, 799139.618900001165457 ], [ 2818826.180200004018843, 799020.886700004339218 ], [ 2818881.476999997161329, 798955.640200000838377 ], [ 2818941.019500001333654, 798885.38849999778904 ], [ 2818957.911399994976819, 798865.457600005553104 ], [ 2819000.127699997276068, 798815.647899999399669 ], [ 2819106.034800001420081, 798690.688799995579757 ], [ 2819123.891600001603365, 798669.618999999249354 ], [ 2819521.34460000321269, 798200.66999999829568 ], [ 2819017.182199998758733, 797944.150299999630079 ], [ 2818974.234700005501509, 797922.298999996273778 ], [ 2818692.97929999884218, 797779.194499995210208 ], [ 2818648.096699997782707, 797753.467699998058379 ], [ 2818293.56519999820739, 797550.261500000488013 ], [ 2818349.010700000450015, 797409.411799998371862 ], [ 2818381.4978, 797326.883499997667968 ], [ 2818400.299800002016127, 797279.124600002891384 ], [ 2818442.554300000891089, 797171.781499999924563 ], [ 2818445.103799999691546, 797168.652600004686974 ], [ 2818492.923600002191961, 797109.965099998749793 ], [ 2818497.205899996683002, 797104.710699999704957 ], [ 2818576.101700003258884, 796931.942099996609613 ], [ 2818590.234999998472631, 796900.99219999613706 ], [ 2818619.894800003618002, 796852.316899995668791 ], [ 2818653.83600000012666, 796796.609199998667464 ], [ 2818684.034500005654991, 796747.045299998368137 ], [ 2818713.556900004856288, 796698.592400000081398 ], [ 2818729.771399994380772, 796671.981599997845478 ], [ 2818740.655500004068017, 796654.119199994718656 ], [ 2818752.103799995966256, 796630.678599997423589 ], [ 2818788.00480000115931, 796557.175799997639842 ], [ 2818802.083200003951788, 796528.356199997244403 ], [ 2818813.249700002372265, 796505.494899999350309 ], [ 2818823.108299996703863, 796485.311500001931563 ], [ 2818839.254199997521937, 796452.252999995253049 ], [ 2818881.663700001314282, 796365.427000002469867 ], [ 2818908.319199997931719, 796286.048500001896173 ], [ 2818946.8767, 796171.225600002566352 ], [ 2818955.5439, 796145.417799999588169 ], [ 2819055.28660000115633, 795848.394000004860573 ], [ 2819146.348399995826185, 795577.224800003226846 ], [ 2819168.715999995358288, 795515.033199995406903 ], [ 2819250.3250000057742, 795288.132299999473616 ], [ 2819282.664099996909499, 795198.218899996369146 ], [ 2819273.523199998773634, 794894.074900003382936 ], [ 2819241.149900000542402, 794703.910799998557195 ], [ 2819234.841900000348687, 794666.848200004082173 ], [ 2819196.023199995048344, 794369.712099999072962 ], [ 2819190.382100002840161, 794326.533100001397543 ], [ 2819177.802000000141561, 794230.234400001121685 ], [ 2819181.034200000576675, 794127.233700002194382 ], [ 2819181.509999993257225, 794112.079300002777018 ], [ 2819213.921999997459352, 793973.773400000529364 ], [ 2819195.385499995201826, 793874.478700004168786 ], [ 2819188.777099994942546, 793839.079299998003989 ], [ 2819161.838999998755753, 793722.335699998191558 ], [ 2819161.780900005251169, 793196.109199999133125 ], [ 2818953.744299995712936, 792231.433499999111518 ], [ 2818749.354500000365078, 791838.301800003508106 ], [ 2818506.117000000551343, 791148.227500003064051 ], [ 2818243.564200001768768, 790842.235300000873394 ], [ 2817923.863399993628263, 790623.151099996990524 ], [ 2817683.79280000180006, 790434.169899997999892 ], [ 2817139.494400004856288, 789859.732799998950213 ], [ 2816646.760000001639128, 790325.077999997301959 ], [ 2811866.56409999448806, 790954.821299998206086 ], [ 2810396.490900001488626, 789862.710099999909289 ], [ 2808717.30630000308156, 786788.858799997833557 ], [ 2803716.030299998819828, 789403.363999996334314 ], [ 2800692.14599999692291, 791161.185300001758151 ], [ 2800576.256799998693168, 791167.918200001353398 ], [ 2799467.540600002743304, 792383.304299996350892 ], [ 2798616.546899998560548, 793277.892299995524809 ], [ 2797700.913400001823902, 794215.474799997522496 ], [ 2798531.096600001677871, 796199.778799999272451 ], [ 2798630.383399996906519, 796512.273200003663078 ], [ 2798779.490500000305474, 796956.581099994014949 ], [ 2798817.460800002329051, 797912.504299999913201 ], [ 2798831.905900005251169, 797983.834299997426569 ], [ 2799031.818600000813603, 798919.110899996128865 ], [ 2799042.888099999167025, 798971.099800005787984 ], [ 2799137.832700001075864, 798968.586600000155158 ], [ 2799190.792600002139807, 798965.443400003015995 ], [ 2799256.194699998013675, 798956.319499999168329 ], [ 2799295.268100000917912, 798946.150900002801791 ], [ 2799337.889399996958673, 798936.306899999617599 ], [ 2799369.029399995692074, 798922.231499996152706 ], [ 2799415.016700002364814, 798894.492100001894869 ], [ 2799480.696399999782443, 798858.427400001091883 ], [ 2799537.513199996203184, 798828.043699999456294 ], [ 2799549.994000000879169, 798821.190400004736148 ], [ 2799582.991499994881451, 798799.917999997502193 ], [ 2799611.284399999305606, 798771.062600003089756 ], [ 2799640.144099999219179, 798740.473800000152551 ], [ 2799670.529099998064339, 798709.91530000208877 ], [ 2799695.438900001347065, 798677.746000000275671 ], [ 2799718.083100002259016, 798634.514899998670444 ], [ 2799737.894699995405972, 798599.043700002599508 ], [ 2799750.930299999192357, 798565.672699994873255 ], [ 2799771.686300005763769, 798518.20100000326056 ], [ 2799796.997299997135997, 798460.977399997995235 ], [ 2799822.636899997480214, 798414.972399995429441 ], [ 2799849.682200000621378, 798372.105100000975654 ], [ 2799872.45480000320822, 798343.486799996346235 ], [ 2799904.697599995881319, 798297.710700002266094 ], [ 2799946.917900004424155, 798238.348299999954179 ], [ 2799978.008100004866719, 798173.134199997060932 ], [ 2799995.041299999691546, 798126.903600000659935 ], [ 2800026.218800001777709, 798096.225600001867861 ], [ 2800067.0757, 798068.914500000188127 ], [ 2800093.209999999031425, 798052.738499996368773 ], [ 2800130.080300003290176, 798035.788200002163649 ], [ 2800180.621499999426305, 798014.293799996143207 ], [ 2800224.534699996933341, 798003.563599995803088 ], [ 2800304.907100001350045, 797967.31920000561513 ], [ 2800364.401600005105138, 797941.42439999897033 ], [ 2800873.22959999460727, 797715.366300003603101 ], [ 2800991.721000001765788, 797953.960999998962507 ], [ 2801091.323799996636808, 798154.046000000205822 ], [ 2802212.172000002115965, 800421.442499998956919 ], [ 2802260.17019999679178, 800518.448399999877438 ], [ 2802788.101799998432398, 801584.724199999822304 ], [ 2802864.483099993318319, 801739.797900000703521 ], [ 2802897.752400000579655, 801807.036000000196509 ], [ 2802965.123100001364946, 801942.872999996645376 ], [ 2802983.115799999795854, 801978.66610000259243 ], [ 2803104.865699995309114, 802225.202799995662645 ], [ 2803221.63629999384284, 802461.310100000700913 ], [ 2803231.842999999411404, 802481.947799998801202 ], [ 2803251.957799998112023, 802522.619299999321811 ], [ 2803271.016699998639524, 802561.155900004901923 ], [ 2803290.23029999807477, 802600.005300000892021 ], [ 2803324.307999997399747, 802668.909600005019456 ], [ 2803440.378999997861683, 802903.602200002176687 ], [ 2803442.395199999213219, 802907.679000000469387 ], [ 2803461.000299998559058, 802945.297999999020249 ], [ 2803462.069899994879961, 802947.46060000336729 ], [ 2803463.872599993832409, 802951.105699997977354 ], [ 2803482.604099995456636, 802988.980400002445094 ], [ 2803483.590599997900426, 802990.975199998938479 ], [ 2803484.57360000256449, 802992.962699999799952 ], [ 2803504.083099994808435, 803032.410399997141212 ], [ 2803504.8733, 803034.008100000326522 ], [ 2803505.7475999975577, 803035.775899999891408 ], [ 2803536.778899999335408, 803098.517399996635504 ], [ 2803537.40889999922365, 803099.793999996501952 ], [ 2803537.933999998494983, 803100.855799996992573 ], [ 2803554.935099999420345, 803135.231699995929375 ], [ 2803555.787699994631112, 803136.955599999055266 ], [ 2803555.806699996814132, 803136.993999997503124 ], [ 2803556.927500002086163, 803139.260300001129508 ], [ 2803558.798199994489551, 803143.042800002265722 ], [ 2803561.602999996393919, 803148.713999997940846 ], [ 2803561.617999999783933, 803148.744399999268353 ], [ 2803562.515400002710521, 803150.558900001342408 ], [ 2803583.128399999812245, 803186.082400002982467 ], [ 2803584.660899998620152, 803188.723200002801605 ], [ 2803584.696900002658367, 803188.785300003131852 ], [ 2803585.897200006060302, 803190.853899997542612 ], [ 2803585.915799995884299, 803190.885899994755164 ], [ 2803607.63260000385344, 803228.311400001868606 ], [ 2803608.648999999277294, 803230.063100002123974 ], [ 2803609.023000004701316, 803230.707599997171201 ], [ 2803609.128200003877282, 803230.970599998603575 ], [ 2803609.292199997231364, 803231.380800001206808 ], [ 2803610.33559999987483, 803233.990400001755916 ], [ 2803618.595500000752509, 803254.649199997540563 ], [ 2803663.574199998751283, 803248.96560000278987 ], [ 2803669.502899997867644, 803248.216499996371567 ], [ 2803673.478699997067451, 803256.442900000023656 ], [ 2803675.56530000269413, 803262.835700003313832 ], [ 2803675.730800004675984, 803264.484800000209361 ], [ 2803676.067499998956919, 803267.839299998246133 ], [ 2803678.342099997214973, 803272.721900001750328 ], [ 2803665.963899996131659, 803279.929100003675558 ], [ 2803660.206899998709559, 803287.274500001221895 ], [ 2803655.234700004570186, 803297.689900003140792 ], [ 2803652.193499996326864, 803309.790899997460656 ], [ 2803652.677900000475347, 803320.823300004354678 ], [ 2803657.130099997855723, 803331.747300003073178 ], [ 2803664.718699997290969, 803340.971899998607114 ], [ 2803719.503300006501377, 803377.504099997109734 ], [ 2803727.062899999320507, 803382.457900002948008 ], [ 2803731.485500002279878, 803385.387500001932494 ], [ 2803815.61990000680089, 803441.17570000491105 ], [ 2803831.568299999460578, 803451.667099996935576 ], [ 2803881.737299996428192, 803485.016700000152923 ], [ 2803905.45130000449717, 803502.462900002719834 ], [ 2803918.377500000409782, 803520.774300001445226 ], [ 2803921.046700001694262, 803524.554100001812913 ], [ 2803928.709300000220537, 803543.039499998907559 ], [ 2803933.742700000293553, 803567.857900005183183 ], [ 2803935.846099997870624, 803625.379499999224208 ], [ 2803936.95350000448525, 803655.667299996945076 ], [ 2803940.979900000616908, 803703.686900004511699 ], [ 2803946.333700002171099, 803744.16330000013113 ], [ 2803947.765500000678003, 803831.225499997031875 ], [ 2803950.407099997624755, 803874.253300003707409 ], [ 2803952.591700003482401, 803915.975300001678988 ], [ 2803953.813900001347065, 803941.351499997545034 ], [ 2803957.535899998620152, 803962.54010000184644 ], [ 2803960.917299998924136, 803973.38049999915529 ], [ 2803962.578500005416572, 803978.230700002168305 ], [ 2803964.333800001069903, 803983.355900002177805 ], [ 2803969.691100001335144, 803992.617300000158139 ], [ 2803980.224699997343123, 804006.421300001791678 ], [ 2804025.467099998146296, 804064.353700003470294 ], [ 2804040.326899993233383, 804083.381500001065433 ], [ 2804042.153300004079938, 804085.720900001004338 ], [ 2804052.231500002555549, 804097.298500005621463 ], [ 2804060.895499994046986, 804105.239899998297915 ], [ 2804071.574500001966953, 804112.115500000771135 ], [ 2804078.148699996061623, 804115.477499996079132 ], [ 2804081.183099999092519, 804117.029300003545359 ], [ 2804105.263500000350177, 804125.73749999795109 ], [ 2804117.646699999459088, 804130.708499999367632 ], [ 2804125.286499999463558, 804136.965099997469224 ], [ 2804131.214900000952184, 804145.406700004008599 ], [ 2804135.203500002622604, 804153.805700003169477 ], [ 2804137.763499998487532, 804164.117099998868071 ], [ 2804138.909100001677871, 804175.785699996864423 ], [ 2804139.806100002489984, 804228.123300005099736 ], [ 2804140.847699999809265, 804244.779899998335168 ], [ 2804144.447700005024672, 804258.440499995602295 ], [ 2804150.000899999402463, 804271.647099999128841 ], [ 2804159.180300001055002, 804283.976300000445917 ], [ 2804206.470499997027218, 804339.620700004626997 ], [ 2804212.930699996650219, 804348.427499994984828 ], [ 2804216.672099999152124, 804352.448699999367818 ], [ 2804222.545699995011091, 804357.219700002809986 ], [ 2804227.676299996674061, 804359.205099999206141 ], [ 2804233.220899997279048, 804361.360300002619624 ], [ 2804240.801099996082485, 804363.031900000176392 ], [ 2804250.4501, 804364.643899996415712 ], [ 2804255.639499995857477, 804364.967499998747371 ], [ 2804263.610299998894334, 804365.530699998722412 ], [ 2804298.32010000385344, 804366.252900002640672 ], [ 2804306.480100001208484, 804367.051900003221817 ], [ 2804312.747500002384186, 804367.810299995820969 ], [ 2804321.277500007301569, 804369.257099997368641 ], [ 2804335.006099997088313, 804373.309299999382347 ], [ 2804353.305299998261034, 804379.4643000025535 ], [ 2804355.123099997639656, 804380.075699995621108 ], [ 2804439.017500001005828, 804410.788100003032014 ], [ 2804453.900300005450845, 804415.288699995493516 ], [ 2804466.726700004190207, 804418.100300002028234 ], [ 2804476.744499995373189, 804419.472499998984858 ], [ 2804486.979299996048212, 804419.721699998364784 ], [ 2804500.534900004975498, 804418.588300001109019 ], [ 2804512.962099997326732, 804416.036300002480857 ], [ 2804529.759299997240305, 804413.293300002696924 ], [ 2804545.57109999936074, 804410.767899999744259 ], [ 2804561.221899998374283, 804409.00209999945946 ], [ 2804573.588299997150898, 804409.449099995777942 ], [ 2804582.10230000782758, 804412.098299996112473 ], [ 2804591.158299997448921, 804417.757699997746386 ], [ 2804598.875299997627735, 804427.846900001750328 ], [ 2804604.605099994689226, 804437.377700002398342 ], [ 2804618.885500002652407, 804461.129800001042895 ], [ 2804635.244400005787611, 804488.338899995782413 ], [ 2804644.654600000940263, 804508.363999999593943 ], [ 2804650.677000002935529, 804525.201099997851998 ], [ 2804652.717799999751151, 804541.955299996188842 ], [ 2804653.188799996860325, 804579.245399996172637 ], [ 2804658.150300001725554, 804689.251799999503419 ], [ 2804660.098599997349083, 804697.781800003955141 ], [ 2804663.122100000269711, 804705.537500000558794 ], [ 2804667.757700005546212, 804712.52959999605082 ], [ 2804674.480999995023012, 804721.221499998006038 ], [ 2804683.869300003163517, 804729.374499998404644 ], [ 2804693.02220000512898, 804736.197600002284162 ], [ 2804702.737999999895692, 804741.439699998707511 ], [ 2804710.667599999345839, 804743.194899997557513 ], [ 2804719.957999994978309, 804743.388700004783459 ], [ 2804730.641400005668402, 804740.428199995891191 ], [ 2804740.27220000512898, 804735.057999996701255 ], [ 2804747.596100001595914, 804728.770999997272156 ], [ 2804761.090300003066659, 804717.186900003813207 ], [ 2804786.539399993605912, 804699.009299998870119 ], [ 2804795.584099997766316, 804692.548899997258559 ], [ 2804810.746699996292591, 804685.103299999027513 ], [ 2804826.913099997676909, 804680.548099994775839 ], [ 2804848.801099998876452, 804677.176499997614883 ], [ 2804875.205700003542006, 804676.478300002636388 ], [ 2804931.63990000076592, 804674.722700000391342 ], [ 2804965.864100000821054, 804676.891399998916313 ], [ 2805002.323700002394617, 804679.201699995435774 ], [ 2805080.921899997629225, 804691.759900001692586 ], [ 2805083.928100000135601, 804692.815000002854504 ], [ 2805090.439400004222989, 804695.100299999583513 ], [ 2805090.533899996429682, 804695.133400001679547 ], [ 2805090.555699995718896, 804695.141100000590086 ], [ 2805109.1228, 804700.754200003226288 ], [ 2805245.132700007408857, 804733.020399999804795 ], [ 2805255.757700000889599, 804735.540900001069531 ], [ 2805255.785800004377961, 804735.547600000398234 ], [ 2805282.66100000217557, 804741.923099994193763 ], [ 2805337.814000004902482, 804755.009500004234724 ], [ 2805346.262500003911555, 804757.01379999727942 ], [ 2805366.650099999271333, 804761.85060000163503 ], [ 2805547.028100001625717, 804804.643399996799417 ], [ 2805566.560099993832409, 804809.277199995471165 ], [ 2805625.879599999636412, 804823.350800001411699 ], [ 2805765.285099995322526, 804856.425100000575185 ], [ 2805786.222900004126132, 804861.392299996339716 ], [ 2805832.053699998185039, 804872.264999997918494 ], [ 2805845.336400005035102, 804875.416099995723926 ], [ 2805863.102500000968575, 804879.631200003670529 ], [ 2805907.118699995800853, 804890.073900002753362 ], [ 2805963.699499999172986, 804903.776899997028522 ], [ 2806010.650299999862909, 804915.154899998335168 ], [ 2806020.3761, 804917.511899997247383 ], [ 2806084.498500000685453, 804933.050700001535006 ], [ 2806132.110099998302758, 804944.587499996297993 ], [ 2806188.487299999222159, 804958.117099997121841 ], [ 2806219.479900003410876, 804965.553600002080202 ], [ 2806291.17750000488013, 804982.758100002538413 ], [ 2806347.283100001513958, 804996.223200000356883 ], [ 2806360.896699998527765, 804999.489700003876351 ], [ 2806378.672099998220801, 805003.756399998441339 ], [ 2806421.035899998620152, 805013.920100001851097 ], [ 2806453.18580000475049, 805021.636300003970973 ], [ 2806463.514300007373095, 805024.113100001588464 ], [ 2806564.509300001896918, 805048.350400002207607 ], [ 2806665.069799995049834, 805072.480100001208484 ], [ 2806895.101400001905859, 805127.680999999050982 ], [ 2807028.661099998280406, 805159.732700002961792 ], [ 2807158.401799998246133, 805190.867199994623661 ], [ 2807366.427400003187358, 805240.787000001291744 ], [ 2807502.0981, 805273.343199998373166 ], [ 2807548.690100000239909, 805284.524599995347671 ], [ 2807654.82810000423342, 805309.995200004428625 ], [ 2807707.528599998913705, 805322.640500001958571 ], [ 2807861.353799995034933, 805359.555500000715256 ], [ 2807978.516099994070828, 805387.670199997955933 ], [ 2808256.641500000841916, 805454.298799998359755 ], [ 2808296.955100004561245, 805463.958099996321835 ], [ 2808397.981100004166365, 805488.159800004446879 ], [ 2808505.087100000120699, 805513.819699996034615 ], [ 2808656.136500000953674, 805550.005700003821403 ], [ 2808694.03630000166595, 805559.085400004289113 ], [ 2808732.599899997934699, 805568.324499994516373 ], [ 2808956.452299999073148, 805622.064100004732609 ], [ 2809033.862300001084805, 805640.647799999685958 ], [ 2809111.408299997448921, 805659.263700002338737 ], [ 2809111.600599995814264, 805659.309900004998781 ], [ 2809410.993299997411668, 805731.184999994933605 ], [ 2809446.577299995347857, 805739.727300001890399 ], [ 2809538.237999996170402, 805761.730900001130067 ], [ 2809579.816800000146031, 805771.713399998028763 ], [ 2809583.490400002337992, 805772.595400003832765 ], [ 2809601.182200000621378, 805776.842700001900084 ], [ 2809688.777199995703995, 805797.871899998863228 ], [ 2809705.456799998879433, 805801.875699997181073 ], [ 2809707.494500000961125, 805802.364800001145341 ], [ 2809833.353400002233684, 805832.582299999659881 ], [ 2810085.49349999986589, 805893.118600002257153 ], [ 2810110.257299994118512, 805899.064400000381283 ], [ 2810143.375600003637373, 805907.016600004979409 ], [ 2810174.6097, 805914.520400001318194 ], [ 2810214.519699994474649, 805924.107999997213483 ], [ 2810283.588600005954504, 805940.699799998081289 ], [ 2810389.994100000709295, 805966.262300003902055 ], [ 2810605.550599996931851, 806018.046499998075888 ], [ 2810651.845899998210371, 806029.16739999933634 ], [ 2810720.41499999910593, 806045.640400001080707 ], [ 2810742.128399996086955, 806050.856100003467873 ], [ 2810774.769100005738437, 806058.689399994909763 ], [ 2810788.8871, 806062.076399998622946 ], [ 2810840.78840000089258, 806074.531700003542937 ], [ 2810901.079400005750358, 806089.000299998209812 ], [ 2811020.874200000427663, 806117.747499994933605 ], [ 2811144.754699994809926, 806147.47510000038892 ], [ 2811424.600500005297363, 806214.630399996414781 ], [ 2811834.720299997366965, 806261.548499998636544 ], [ 2811933.732700001448393, 806272.864500004798174 ], [ 2812176.90989999845624, 806300.656099999439903 ], [ 2812309.345099997706711, 806315.797899998258799 ], [ 2812530.57810000423342, 806341.095499999704771 ], [ 2812642.622900001704693, 806353.907700001844205 ], [ 2812699.844400002621114, 806360.450699996436015 ], [ 2812722.556299998424947, 806363.04730000172276 ], [ 2812754.606299992650747, 806366.726300005335361 ], [ 2813276.679499994963408, 806426.648699998157099 ], [ 2813369.792300002649426, 806437.336700003244914 ], [ 2813571.786200001835823, 806460.519099995610304 ], [ 2813653.312700006179512, 806469.876699995598756 ], [ 2813835.841299999505281, 806491.203300002613105 ], [ 2813843.786699999123812, 806492.1317000038689 ], [ 2813983.571899999864399, 806508.46409999858588 ], [ 2814005.463100001215935, 806511.02190000214614 ], [ 2814071.741100000217557, 806518.766100002918392 ], [ 2814165.210999999195337, 806529.688400000450201 ], [ 2814168.595899998210371, 806530.083899997873232 ], [ 2814173.219599994830787, 806530.624099997337908 ], [ 2814268.15470000077039, 806541.714899995480664 ], [ 2814268.355899999849498, 806541.738400004454888 ], [ 2814428.37389999255538, 806560.435300004202873 ], [ 2814573.213100000284612, 806576.628300001844764 ], [ 2814573.21350000333041, 806576.636299998965114 ], [ 2814573.257700006477535, 806577.219299998716451 ], [ 2814573.838899999856949, 806584.95110000052955 ], [ 2814254.314900005236268, 806651.943700000992976 ], [ 2814254.316699993796647, 806651.951199998264201 ], [ 2814267.639700002968311, 806708.967700002947822 ], [ 2814298.549100000411272, 806700.582300004083663 ], [ 2814349.448099996894598, 806686.773499997216277 ], [ 2814497.381099998019636, 806651.053100001765415 ], [ 2814502.243700000457466, 806649.878899994655512 ], [ 2814599.064900004304945, 806628.664500001468696 ], [ 2814616.0597, 806684.09629999822937 ], [ 2814616.480699997395277, 806685.392899999744259 ], [ 2814626.046499993652105, 806714.872900001704693 ], [ 2814684.19889999460429, 806693.73329999728594 ], [ 2814699.998099996708333, 806732.4573 ], [ 2814707.204299998469651, 806730.787299998337403 ] ] ] ] } },
{ "type": "Feature", "properties": { "CVEGEO": "09015", "CVE_ENT": "09", "CVE_MUN": "015", "NOMGEO": "Cuauhtémoc" }, "geometry": { "type": "MultiPolygon", "coordinates": [ [ [ [ 2799196.176100003998727, 832705.052499998593703 ], [ 2799205.674999995157123, 832703.371799999149516 ], [ 2799223.7043999992311, 832695.382199995918199 ], [ 2799229.554300002288073, 832690.389899995177984 ], [ 2799240.309000002685934, 832678.397099998546764 ], [ 2799252.161399994045496, 832667.800700000487268 ], [ 2799264.074500000104308, 832662.508600004715845 ], [ 2799275.698799998033792, 832659.681399998487905 ], [ 2799294.863200004212558, 832655.895100000547245 ], [ 2799399.441999999340624, 832646.203999998280779 ], [ 2799460.994099992793053, 832640.499200000660494 ], [ 2799527.120999997481704, 832639.040000000037253 ], [ 2799641.8378000035882, 832635.531699998071417 ], [ 2799784.241199998185039, 832633.282599998638034 ], [ 2799911.717799995560199, 832630.24199999589473 ], [ 2799984.183300003875047, 832628.596899997675791 ], [ 2800025.130999993998557, 832627.272499999264255 ], [ 2800041.625100002158433, 832625.140499997884035 ], [ 2800077.86530000064522, 832616.480500005418435 ], [ 2800100.675300001632422, 832607.068500004010275 ], [ 2800128.055399995762855, 832594.005699999397621 ], [ 2800174.269299996551126, 832565.597399997757748 ], [ 2800280.979000005405396, 832502.317700000712648 ], [ 2800335.315499996300787, 832469.569500003010035 ], [ 2800385.529600000474602, 832439.55400000163354 ], [ 2800483.028600003570318, 832381.311700003221631 ], [ 2800517.051600003615022, 832361.688299996312708 ], [ 2800553.960299997590482, 832340.401700001209974 ], [ 2800593.292700003366917, 832317.717600002419204 ], [ 2800631.407100001815706, 832295.736699996748939 ], [ 2800690.806599996052682, 832261.479400004027411 ], [ 2800709.075599997770041, 832254.507500003091991 ], [ 2800811.503100000321865, 832222.523500002687797 ], [ 2800910.674900002311915, 832189.11590000288561 ], [ 2800999.473399992566556, 832159.739999994868413 ], [ 2801047.948300000745803, 832143.944500002544373 ], [ 2801094.719099996611476, 832128.700100000714883 ], [ 2801138.156400004401803, 832114.947700003162026 ], [ 2801183.967899997718632, 832100.293599996715784 ], [ 2801232.496400000527501, 832084.981099996482953 ], [ 2801250.362199997063726, 832080.039299994939938 ], [ 2801250.352399993687868, 832080.02530000009574 ], [ 2801189.456500001717359, 831992.748600001679733 ], [ 2801154.9572, 831937.903100001858547 ], [ 2801139.874399997293949, 831898.1360999988392 ], [ 2801137.228099999483675, 831884.212200002046302 ], [ 2801115.969400006812066, 831773.391499996418133 ], [ 2801106.173299998510629, 831707.055099997436628 ], [ 2801106.170199994463474, 831707.039900001138449 ], [ 2801097.533000000286847, 831662.748700000345707 ], [ 2801066.226299999281764, 831525.820300000254065 ], [ 2801060.552100004628301, 831498.133500000927597 ], [ 2801049.781499997712672, 831448.514199999626726 ], [ 2801036.325900005176663, 831364.112300004344434 ], [ 2801001.617500003892928, 831216.963599998271093 ], [ 2800978.272399998269975, 831160.327200001804158 ], [ 2800977.434900002554059, 831158.43809999525547 ], [ 2800973.072800003923476, 831148.598500002874061 ], [ 2800958.618600007612258, 831114.231199997244403 ], [ 2800932.450699998065829, 831016.344700002344325 ], [ 2800925.80460000038147, 830975.473800000268966 ], [ 2800913.224999998230487, 830906.817099999636412 ], [ 2800894.232000004034489, 830792.8739 ], [ 2800890.89549999916926, 830749.480400000931695 ], [ 2800891.194100001826882, 830730.070999995572492 ], [ 2800898.311599999200553, 830706.624000005889684 ], [ 2800902.302700000815094, 830699.524899996584281 ], [ 2800915.565700004808605, 830675.933599999407306 ], [ 2800928.416799996513873, 830656.98130000079982 ], [ 2800950.719699999783188, 830624.089400000404567 ], [ 2801048.590800005476922, 830441.651800001040101 ], [ 2801079.960900004953146, 830379.788699997356161 ], [ 2801095.02909999853, 830349.006799997529015 ], [ 2801104.410400000400841, 830329.842100002104416 ], [ 2801117.129199997987598, 830303.859399997396395 ], [ 2801124.701199997682124, 830288.278899997705594 ], [ 2801196.879800000693649, 830188.76289999531582 ], [ 2801200.9932, 830170.6949 ], [ 2801200.993900001514703, 830170.691799995722249 ], [ 2801194.293700000271201, 830069.606899995589629 ], [ 2801184.844700003508478, 829989.097100002225488 ], [ 2801177.041400001384318, 829915.813700005412102 ], [ 2801176.244499996770173, 829908.684799999929965 ], [ 2801169.184199997689575, 829845.518599997041747 ], [ 2801154.838499997276813, 829744.041299994802102 ], [ 2801140.242599997669458, 829617.485800003167242 ], [ 2801124.344599998556077, 829498.340399996144697 ], [ 2801112.645300000905991, 829406.282899999758229 ], [ 2801112.57030000211671, 829405.560000003082678 ], [ 2801112.569799993187189, 829405.555600001243874 ], [ 2801112.516099993605167, 829405.038900001905859 ], [ 2801102.600399997085333, 829309.530300002079457 ], [ 2801088.502200003247708, 829222.243399996776134 ], [ 2801071.670100003480911, 829098.49850000324659 ], [ 2801061.87850000243634, 829007.687800001585856 ], [ 2801052.710700002033263, 828927.330900000408292 ], [ 2801048.538900002837181, 828879.598000004887581 ], [ 2801036.639599998947233, 828786.390099999494851 ], [ 2801033.875000001862645, 828764.018000002019107 ], [ 2801025.544500004034489, 828695.523199999006465 ], [ 2801018.040199999231845, 828643.96550000179559 ], [ 2801012.132299999706447, 828601.901800002902746 ], [ 2801004.397700000554323, 828525.992499995743856 ], [ 2800989.645800004713237, 828431.158399997511879 ], [ 2800985.593900001142174, 828404.809400004101917 ], [ 2800984.210400001145899, 828393.628200000151992 ], [ 2800980.297499999403954, 828328.625300001585856 ], [ 2800975.512900004629046, 828295.766899997834116 ], [ 2800972.878499996848404, 828278.70189999951981 ], [ 2800972.041599997784942, 828272.791000001132488 ], [ 2800959.752699997741729, 828164.058499996783212 ], [ 2800948.279200004413724, 828068.764399998355657 ], [ 2800937.958300003781915, 827999.158400000538677 ], [ 2800930.538800001144409, 827986.710399999981746 ], [ 2800916.330600003711879, 827956.05090000317432 ], [ 2800880.184399997349828, 827868.482399998232722 ], [ 2800837.792299999389797, 827762.86569999740459 ], [ 2800824.837300006765872, 827721.494099999079481 ], [ 2800803.480200001969934, 827567.590200003469363 ], [ 2800800.327200001571327, 827533.352200001943856 ], [ 2800781.321099997498095, 827391.939199994783849 ], [ 2800767.477100001648068, 827275.250699997879565 ], [ 2800762.377600003033876, 827232.268499997677281 ], [ 2800755.8175999969244, 827186.077900004340336 ], [ 2800739.295499999076128, 827076.967099998146296 ], [ 2800728.442299999296665, 826988.939199997810647 ], [ 2800733.875899996608496, 826953.489399997517467 ], [ 2800736.362400001380593, 826946.742300001205876 ], [ 2800748.466999999713153, 826913.89649999840185 ], [ 2800750.646799999289215, 826907.981199997942895 ], [ 2800767.570499998051673, 826831.069799996912479 ], [ 2800768.609700001310557, 826826.346800002269447 ], [ 2800779.078899999149144, 826775.111800004262477 ], [ 2800786.755700003355742, 826735.060500000603497 ], [ 2800796.949000001419336, 826695.8719999990426 ], [ 2800798.213299998547882, 826691.011299999896437 ], [ 2800798.905599992256612, 826688.794100001454353 ], [ 2800798.91450000135228, 826688.765699999406934 ], [ 2800817.5735999988392, 826629.005000002449378 ], [ 2800831.138599999248981, 826580.902100000297651 ], [ 2800833.446300000417978, 826571.484999995445833 ], [ 2800843.258900002576411, 826531.443300002487376 ], [ 2800844.466399995610118, 826517.191600003046915 ], [ 2800844.466899995692074, 826517.185999999754131 ], [ 2800845.318899994716048, 826507.131099999183789 ], [ 2800845.32490000128746, 826507.059899996966124 ], [ 2800846.300199997611344, 826495.549499996006489 ], [ 2800846.680600004270673, 826479.225399996619672 ], [ 2800846.680999998934567, 826479.209499998949468 ], [ 2800846.964500001631677, 826467.04230000032112 ], [ 2800892.142600001301616, 826447.147100005764514 ], [ 2800914.040500001516193, 826385.615600001532584 ], [ 2800930.921300003305078, 826328.624600005103275 ], [ 2800944.869400002062321, 826265.8628 ], [ 2800954.450799998361617, 826228.030000001424924 ], [ 2800958.7319, 826211.729200000641868 ], [ 2800991.602200002875179, 826048.486699998145923 ], [ 2801011.185900004580617, 825953.618699999758974 ], [ 2801011.087599998340011, 825953.59690000070259 ], [ 2801006.98170000500977, 825952.687199994456023 ], [ 2800993.110600004903972, 825949.613999998196959 ], [ 2800985.980200000107288, 825948.034200000809506 ], [ 2800984.253200001548976, 825947.65160000231117 ], [ 2800937.555200003553182, 825937.305299998261034 ], [ 2800930.100399998482317, 825935.866399997379631 ], [ 2800868.764399993699044, 825921.739500003634021 ], [ 2800821.781999998725951, 825905.301499997964129 ], [ 2800803.121200000401586, 825899.284100002842024 ], [ 2800779.461099994368851, 825891.571300003211945 ], [ 2800756.457199999131262, 825883.516199997160584 ], [ 2800738.610699993558228, 825877.48309999727644 ], [ 2800701.94400000013411, 825865.932100005913526 ], [ 2800701.624599997885525, 825865.831399996532127 ], [ 2800697.34389999974519, 825864.482900001574308 ], [ 2800684.4668, 825860.426299997838214 ], [ 2800679.232600003946573, 825858.604999999981374 ], [ 2800665.764200000558048, 825853.918400004506111 ], [ 2800660.818100002594292, 825852.197299998486415 ], [ 2800659.951300001703203, 825851.895600000629202 ], [ 2800614.840300000738353, 825836.198399997316301 ], [ 2800584.987400006968528, 825827.043800002895296 ], [ 2800559.125500001013279, 825820.573399996152148 ], [ 2800530.777000002097338, 825815.293100002920255 ], [ 2800507.972900002729148, 825811.680499996524304 ], [ 2800501.801099998876452, 825810.887899996945634 ], [ 2800473.762599993497133, 825808.216099999612197 ], [ 2800452.769500005990267, 825807.190000005532056 ], [ 2800446.276699995156378, 825806.77749999682419 ], [ 2800406.550399996805936, 825807.692799997515976 ], [ 2800393.861599997151643, 825808.163199997739866 ], [ 2800356.51309999730438, 825809.974200000986457 ], [ 2800334.731600002385676, 825811.131599998334423 ], [ 2800301.616899996530265, 825813.63899999903515 ], [ 2800276.834800001699477, 825814.711100002750754 ], [ 2800258.267300002742559, 825815.178899998543784 ], [ 2800223.763899997342378, 825817.095699996920303 ], [ 2800174.74440000532195, 825818.689100003568456 ], [ 2800174.500500002410263, 825818.697000004118308 ], [ 2800171.239100002218038, 825818.803000001003966 ], [ 2800165.193699999712408, 825818.999500000150874 ], [ 2800163.150099996477365, 825819.107800003141165 ], [ 2800157.254100004676729, 825819.420199998887256 ], [ 2800153.449199999216944, 825819.621800001477823 ], [ 2800152.947800001595169, 825819.648399997036904 ], [ 2800112.999300003051758, 825821.765200002118945 ], [ 2800068.848700000438839, 825823.499399999855086 ], [ 2800022.329800004605204, 825825.539699997520074 ], [ 2799995.23990000365302, 825826.41060000192374 ], [ 2799986.773499999195337, 825822.882700001588091 ], [ 2799972.554700000211596, 825816.957700002938509 ], [ 2799970.516299996525049, 825815.250199997331947 ], [ 2799965.004700000863522, 825810.633499997667968 ], [ 2799961.195600004401058, 825807.442800000309944 ], [ 2799948.564599999692291, 825791.483999998541549 ], [ 2799931.504699996206909, 825775.265599997714162 ], [ 2799909.545900005381554, 825767.253599999006838 ], [ 2799889.576700002420694, 825763.368399998173118 ], [ 2799874.314400003291667, 825763.192800003802404 ], [ 2799862.485200005583465, 825764.733000001404434 ], [ 2799851.998399999458343, 825767.717799999751151 ], [ 2799842.220600000582635, 825770.500800002599135 ], [ 2799827.169699998572469, 825778.411800002679229 ], [ 2799817.60180000634864, 825789.626300001516938 ], [ 2799812.089599996805191, 825802.95620000269264 ], [ 2799809.117299993988127, 825809.176499998196959 ], [ 2799805.427599992603064, 825816.898100001737475 ], [ 2799801.613799995742738, 825821.409299995750189 ], [ 2799795.052900004200637, 825829.1700999957975 ], [ 2799793.729000005405396, 825830.736099999863654 ], [ 2799787.171599995344877, 825833.402699997415766 ], [ 2799762.542699999175966, 825834.680799996713176 ], [ 2799712.749499996192753, 825836.464800001122057 ], [ 2799703.610200003255159, 825836.792200000258163 ], [ 2799691.566399998497218, 825837.277299996931106 ], [ 2799605.3144, 825840.751600002404302 ], [ 2799518.56319999601692, 825844.425200004363433 ], [ 2799510.2856, 825844.7757000005804 ], [ 2799497.53490000218153, 825845.171600001165643 ], [ 2799421.551700000651181, 825847.530500002903864 ], [ 2799331.824099998921156, 825851.112699999241158 ], [ 2799243.475200000219047, 825854.557900001294911 ], [ 2799235.034400000236928, 825854.887000001734123 ], [ 2799222.722599996253848, 825855.271599999628961 ], [ 2799157.783200000878423, 825857.300299996044487 ], [ 2799078.363100001588464, 825860.107900004135445 ], [ 2799009.362400002311915, 825862.494999997317791 ], [ 2798993.700900005642325, 825863.036800001515076 ], [ 2798973.993599999230355, 825864.002600001636893 ], [ 2798895.7031, 825867.839100000681356 ], [ 2798883.49950000224635, 825868.095299997599795 ], [ 2798801.483900002203882, 825870.901300000958145 ], [ 2798716.061300005763769, 825872.885899999411777 ], [ 2798682.342399997636676, 825872.780600004130974 ], [ 2798624.8303, 825872.601700003724545 ], [ 2798613.044299996923655, 825872.720699995756149 ], [ 2798595.585800000466406, 825872.524700005305931 ], [ 2798494.793100001756102, 825871.390900004655123 ], [ 2798461.431500003207475, 825871.390200003050268 ], [ 2798450.19609999936074, 825871.390000001527369 ], [ 2798446.256800003815442, 825871.389899996109307 ], [ 2798445.69229999743402, 825871.389899996109307 ], [ 2798427.804300006944686, 825871.066300002625212 ], [ 2798347.635899999178946, 825869.616000002250075 ], [ 2798337.964299998711795, 825869.552999998675659 ], [ 2798281.47730000410229, 825869.135299998801202 ], [ 2798213.941200007218868, 825867.699099998688325 ], [ 2798141.638499999884516, 825865.969899999210611 ], [ 2797919.839000005740672, 825862.073700002161786 ], [ 2797902.211999999824911, 825861.763900001998991 ], [ 2797883.237599995452911, 825861.385499994968995 ], [ 2797821.500400002114475, 825860.15420000301674 ], [ 2797804.386799998581409, 825860.163699999684468 ], [ 2797765.580700003076345, 825855.061000000219792 ], [ 2797738.843400002457201, 825849.995799995958805 ], [ 2797716.247799998149276, 825844.046599995577708 ], [ 2797658.499600001610816, 825826.606899999314919 ], [ 2797614.889400000218302, 825811.989200000651181 ], [ 2797574.315800002776086, 825798.592900002608076 ], [ 2797527.317799999844283, 825782.915700000943616 ], [ 2797454.710400004405528, 825757.994400002062321 ], [ 2797401.006599997170269, 825740.341099998913705 ], [ 2797386.950700004119426, 825735.720699998782948 ], [ 2797372.509900006465614, 825730.730399997206405 ], [ 2797342.374099997337908, 825720.316199996741489 ], [ 2797329.993199995718896, 825716.03370000096038 ], [ 2797283.703100003302097, 825700.0234999966342 ], [ 2797237.805399995297194, 825684.613999996567145 ], [ 2797197.144100001547486, 825669.600599998841062 ], [ 2797184.324400002136827, 825664.867199995554984 ], [ 2797171.949699999764562, 825660.580600004876032 ], [ 2797142.74859999679029, 825650.465400001499802 ], [ 2797108.276600000914186, 825637.839299998478964 ], [ 2797084.269599994644523, 825629.286499995272607 ], [ 2797026.122400002088398, 825606.682400002842769 ], [ 2796971.534900005441159, 825584.48569999798201 ], [ 2796926.816799997352064, 825563.323300003539771 ], [ 2796874.570900001563132, 825540.033899997128174 ], [ 2796843.095199999865144, 825526.897699998226017 ], [ 2796811.618200000375509, 825513.760900002671406 ], [ 2796748.6442, 825487.706399999326095 ], [ 2796681.710799997672439, 825458.706800002837554 ], [ 2796637.994800000917166, 825441.871700003743172 ], [ 2796615.880000005476177, 825435.116699998034164 ], [ 2796601.08060000045225, 825430.596200000494719 ], [ 2796594.179999998304993, 825428.737399998819456 ], [ 2796586.73219999903813, 825426.731099997647107 ], [ 2796583.182, 825425.774800003040582 ], [ 2796569.934100004378706, 825422.205400000093505 ], [ 2796491.505800004117191, 825401.074399997945875 ], [ 2796371.117299993988127, 825368.639900002395734 ], [ 2796356.396899995394051, 825364.674000002676621 ], [ 2796336.598600004334003, 825359.339599997503683 ], [ 2796340.529299997724593, 825377.109799996949732 ], [ 2796343.704599997028708, 825404.869499999796972 ], [ 2796343.140000002924353, 825409.20409999974072 ], [ 2796341.828000003471971, 825419.277199995471165 ], [ 2796341.750899999868125, 825419.55790000106208 ], [ 2796335.90140000032261, 825440.840100002940744 ], [ 2796301.856399999000132, 825564.70699999644421 ], [ 2796299.535700003150851, 825573.150499996962026 ], [ 2796297.581400000490248, 825580.260699998820201 ], [ 2796296.743600007146597, 825584.919600002467632 ], [ 2796287.656499996781349, 825625.155999997165054 ], [ 2796287.446400006301701, 825626.086199996061623 ], [ 2796283.279099996667355, 825644.161699997493997 ], [ 2796273.933299999218434, 825684.698799999197945 ], [ 2796271.632100004702806, 825699.590699997032061 ], [ 2796261.565999997779727, 825764.733000001404434 ], [ 2796261.193599997553974, 825767.14310000394471 ], [ 2796198.237499993760139, 825781.085599999176338 ], [ 2796188.091500003356487, 825784.200700001325458 ], [ 2796099.415800001937896, 825811.792900003260002 ], [ 2796009.59279999602586, 825840.845499998191372 ], [ 2795998.378200000617653, 825844.598500001477078 ], [ 2795937.521799994632602, 825864.964400002965704 ], [ 2795912.472299996297807, 825873.347300002817065 ], [ 2795861.327699995599687, 825889.904099998762831 ], [ 2795816.541400001849979, 825904.928099998040125 ], [ 2795721.168399992864579, 825935.972900002729148 ], [ 2795623.436000000219792, 825969.878600003197789 ], [ 2795563.536200004629791, 825991.756399996811524 ], [ 2795537.115200002212077, 826001.406300003640354 ], [ 2795434.907300004269928, 826034.956900004297495 ], [ 2795339.701800005510449, 826066.837499994784594 ], [ 2795248.726199998520315, 826095.111300001153722 ], [ 2795060.098499994724989, 826154.258299998939037 ], [ 2794980.618199997581542, 826180.368500001262873 ], [ 2794918.673799998592585, 826200.717300003860146 ], [ 2794918.663699997123331, 826200.720600000815466 ], [ 2794869.661999996751547, 826216.817899996414781 ], [ 2794866.951800001319498, 826217.70819999743253 ], [ 2794942.903300003614277, 826384.017800001893193 ], [ 2794947.593999993987381, 826393.667100003454834 ], [ 2794997.155100005678833, 826488.020799996331334 ], [ 2795004.3483000039123, 826501.931000005220994 ], [ 2795032.953599995933473, 826542.339800002286211 ], [ 2795046.961600002832711, 826562.128099997062236 ], [ 2795070.03589999396354, 826601.311700005549937 ], [ 2795084.625699998810887, 826626.087499995715916 ], [ 2795137.753100000787526, 826723.250600002706051 ], [ 2795164.604599996469915, 826762.959699996747077 ], [ 2795186.589500000700355, 826803.788500000024214 ], [ 2795200.439400007016957, 826828.167300002183765 ], [ 2795251.346400000620633, 826922.742300000973046 ], [ 2795269.392800007481128, 826958.489500002469867 ], [ 2795327.106499998364598, 827079.040300004882738 ], [ 2795348.969400003086776, 827121.872900001471862 ], [ 2795404.966200006194413, 827233.205000001238659 ], [ 2795470.219400000292808, 827365.036600003251806 ], [ 2795470.221199997700751, 827365.039699998684227 ], [ 2795493.282399997115135, 827410.963300000643358 ], [ 2795513.6636, 827458.830700000282377 ], [ 2795526.631800007540733, 827495.705699995858595 ], [ 2795540.692000005859882, 827506.067200004821643 ], [ 2795554.75209999922663, 827516.428699996322393 ], [ 2795589.708700000308454, 827578.76579999551177 ], [ 2795606.482600002083927, 827590.536400000564754 ], [ 2795620.007200004532933, 827593.858499997993931 ], [ 2795631.528199998196214, 827601.595600004773587 ], [ 2795638.871399994939566, 827610.006700004683807 ], [ 2795641.721800003200769, 827614.265600004000589 ], [ 2795644.572299999184906, 827618.524599999655038 ], [ 2795651.516099995933473, 827627.112199997296557 ], [ 2795659.279500000178814, 827639.288299995940179 ], [ 2795662.578700002748519, 827653.124199998332188 ], [ 2795664.622499999124557, 827669.758200003299862 ], [ 2795668.352000001817942, 827684.773899998515844 ], [ 2795672.905599992722273, 827692.295399999013171 ], [ 2795673.488300003111362, 827700.629700002260506 ], [ 2795670.357500005047768, 827709.14589999592863 ], [ 2795671.004499998874962, 827717.090699999593198 ], [ 2795678.191900000907481, 827738.515599995618686 ], [ 2795739.803599995560944, 827865.352699995972216 ], [ 2795747.047399998176843, 827873.746399998897687 ], [ 2795755.631999996956438, 827879.530200002947822 ], [ 2795764.108900006860495, 827881.154399996623397 ], [ 2795773.144599996972829, 827879.827700000721961 ], [ 2795778.413900002837181, 827876.962900002952665 ], [ 2795781.3668, 827883.111699997913092 ], [ 2795802.315999999642372, 827915.892699999734759 ], [ 2795798.568000003695488, 827926.397499999031425 ], [ 2795797.75969999935478, 827928.662999995984137 ], [ 2795786.34159999853, 827933.796700001694262 ], [ 2795736.434400001075119, 827947.234800000442192 ], [ 2795709.436700003687292, 827945.983299996703863 ], [ 2795679.673400000669062, 827948.270799994468689 ], [ 2795647.541799995582551, 827953.005899998592213 ], [ 2795647.53870000038296, 827953.006399998441339 ], [ 2795647.534700002055615, 827953.007000003475696 ], [ 2795647.530000001657754, 827953.007699996232986 ], [ 2795620.623400003183633, 827956.972799998009577 ], [ 2795603.643700007349253, 827959.474999998928979 ], [ 2795533.97389999916777, 827971.068500001216307 ], [ 2795530.87049999460578, 827971.584900002228096 ], [ 2795588.541900002863258, 828075.182299997890368 ], [ 2795630.137599995359778, 828148.302700000815094 ], [ 2795650.28440000070259, 828180.445300001651049 ], [ 2795677.712600000668317, 828230.658199995523319 ], [ 2795731.177899997681379, 828320.747900003334507 ], [ 2795739.178600002080202, 828333.884699998656288 ], [ 2795824.031799999531358, 828473.213500003097579 ], [ 2795829.967899999115616, 828483.376499996287748 ], [ 2795859.755500000435859, 828534.392300001578405 ], [ 2795872.402700000908226, 828556.046200002543628 ], [ 2795921.395900004077703, 828636.084900003159419 ], [ 2795998.915299995802343, 828791.514500001678243 ], [ 2796036.944499997422099, 828868.644799997331575 ], [ 2796079.909300000406802, 828954.64009999926202 ], [ 2796126.690499995835125, 829037.637200004188344 ], [ 2796158.509300001431257, 829088.727700001792982 ], [ 2796182.909499999601394, 829130.868899998953566 ], [ 2796244.877300002146512, 829232.712299996986985 ], [ 2796336.321699995547533, 829392.778200002154335 ], [ 2796393.868000000249594, 829486.122699998319149 ], [ 2796425.623499995097518, 829538.894599996972829 ], [ 2796457.094199998769909, 829596.799900003243238 ], [ 2796488.007999998051673, 829667.831200001761317 ], [ 2796511.853099998552352, 829722.975100002484396 ], [ 2796541.9161, 829793.521499997470528 ], [ 2796564.122599999886006, 829842.533900003880262 ], [ 2796617.046300002839416, 829965.347800000803545 ], [ 2796664.461300004739314, 830083.5588 ], [ 2796716.297100002877414, 830179.590799998492002 ], [ 2796728.339899999089539, 830208.959600003669038 ], [ 2796734.283799994271249, 830228.04060000134632 ], [ 2796752.146199997514486, 830312.974300004541874 ], [ 2796766.409900001250207, 830379.214500001398847 ], [ 2796774.402800001669675, 830418.3350000011269 ], [ 2796782.167399998754263, 830459.201799999456853 ], [ 2796790.154300000984222, 830502.115200000116602 ], [ 2796799.361299997661263, 830546.980700002284721 ], [ 2796810.789899994619191, 830611.096599997021258 ], [ 2796818.163299999665469, 830654.788300004089251 ], [ 2796828.051100002601743, 830710.340699997497723 ], [ 2796849.613099998328835, 830822.70060000102967 ], [ 2796860.195500001311302, 830875.466000002110377 ], [ 2796866.339499999769032, 830911.143099997425452 ], [ 2796867.559199999086559, 830982.065100002102554 ], [ 2796868.380099995527416, 831117.000800001434982 ], [ 2796868.383100003004074, 831117.047600000165403 ], [ 2796870.44469999987632, 831148.089800000656396 ], [ 2796871.953800003509969, 831170.811799998162314 ], [ 2796874.1431, 831209.110800005262718 ], [ 2796884.306699998211116, 831323.170100003480911 ], [ 2796890.351699997205287, 831385.02140000439249 ], [ 2796900.799599996302277, 831493.779199997661635 ], [ 2796906.755099992733449, 831555.77360000484623 ], [ 2796906.755600001197308, 831555.776700000045821 ], [ 2796906.762000002432615, 831555.820000000298023 ], [ 2796916.312400001101196, 831619.995800003176555 ], [ 2796916.57749999826774, 831621.778299999190494 ], [ 2796916.936000000685453, 831624.188799996161833 ], [ 2796930.359899993985891, 831693.919899997999892 ], [ 2796941.166199998464435, 831748.17860000138171 ], [ 2796954.616099999751896, 831815.68690000125207 ], [ 2796970.061999998986721, 831895.558899998897687 ], [ 2796977.2588000013493, 831915.510099999606609 ], [ 2796992.023799997754395, 831946.535400002729148 ], [ 2797003.067700000479817, 831963.148300001164898 ], [ 2797016.023999999742955, 831979.685299997450784 ], [ 2797029.169800000730902, 831994.794300000881776 ], [ 2797054.875000000465661, 832017.392400004435331 ], [ 2797077.627300002612174, 832035.860900004161522 ], [ 2797126.834400001913309, 832076.336399996653199 ], [ 2797163.223300001118332, 832107.42009999952279 ], [ 2797185.361400004476309, 832130.032800003187731 ], [ 2797204.540999997872859, 832154.675599997397512 ], [ 2797219.703400003258139, 832178.972799997311085 ], [ 2797246.957200000993907, 832231.043500002007931 ], [ 2797265.877800000831485, 832268.809099996695295 ], [ 2797287.413799996953458, 832312.1790999956429 ], [ 2797319.345500000286847, 832364.353599996073171 ], [ 2797337.713799999561161, 832393.085900003323331 ], [ 2797347.790700001176447, 832404.611700002104044 ], [ 2797362.864600003231317, 832418.873800001339987 ], [ 2797383.708499998785555, 832435.261500000488013 ], [ 2797409.415499995928258, 832451.307400002377108 ], [ 2797430.411899997852743, 832461.21149999788031 ], [ 2797472.580799995921552, 832474.55779999634251 ], [ 2797504.491600003093481, 832479.821200000820681 ], [ 2797542.413099997676909, 832480.776999995810911 ], [ 2797570.3193, 832478.30210000090301 ], [ 2797594.595400002319366, 832474.399700004374608 ], [ 2797652.612499992828816, 832463.353899998823181 ], [ 2797699.224800002295524, 832451.791900002630427 ], [ 2797741.417900001630187, 832442.163499996997416 ], [ 2797813.911600001621991, 832429.344499998958781 ], [ 2797860.594999999273568, 832420.492199998814613 ], [ 2797958.185000004712492, 832402.984500000718981 ], [ 2797973.855900001712143, 832399.798399998107925 ], [ 2798000.024800002109259, 832397.141900002257898 ], [ 2798036.012999995611608, 832393.487100000493228 ], [ 2798089.866800001356751, 832387.650299998000264 ], [ 2798161.132299995515496, 832379.501199999591336 ], [ 2798251.318199996836483, 832369.684000002685934 ], [ 2798280.011799999047071, 832369.386500004911795 ], [ 2798305.093800002709031, 832372.058499995153397 ], [ 2798334.877599998377264, 832378.920699998969212 ], [ 2798469.404999997932464, 832416.982200004393235 ], [ 2798512.15080000134185, 832428.823899997631088 ], [ 2798542.237100001890212, 832437.157400002935901 ], [ 2798573.595899998210371, 832447.630300001706928 ], [ 2798618.214599994942546, 832462.531000003218651 ], [ 2798667.861000000499189, 832478.657799996901304 ], [ 2798690.064099997747689, 832485.868900000816211 ], [ 2798721.905900003854185, 832496.211500004399568 ], [ 2798774.456699998117983, 832513.281799999065697 ], [ 2798832.694900001399219, 832532.196499997284263 ], [ 2799053.636600000783801, 832619.05939999781549 ], [ 2799120.185500002000481, 832676.709499998018146 ], [ 2799130.607499997597188, 832685.296999999089167 ], [ 2799154.254699995741248, 832699.140000004088506 ], [ 2799176.040100001730025, 832705.581700002076104 ], [ 2799196.176100003998727, 832705.052499998593703 ] ] ] ] } },
{ "type": "Feature", "properties": { "CVEGEO": "09007", "CVE_ENT": "09", "CVE_MUN": "007", "NOMGEO": "Iztapalapa" }, "geometry": { "type": "MultiPolygon", "coordinates": [ [ [ [ 2808094.132199998479337, 825698.59719999646768 ], [ 2808094.184600000735372, 825698.59160000202246 ], [ 2808093.949299999512732, 825695.558499996550381 ], [ 2808115.43360000429675, 825686.787400003988296 ], [ 2808149.354199993889779, 825672.939100002637133 ], [ 2808287.802699993830174, 825616.416699999943376 ], [ 2808307.625500002410263, 825608.324900005478412 ], [ 2808364.940100001171231, 825584.926300001796335 ], [ 2808429.358299998566508, 825558.62779999896884 ], [ 2808434.810699996072799, 825556.140800003195181 ], [ 2808434.831299994140863, 825556.131400003097951 ], [ 2808434.845600004773587, 825556.124800000339746 ], [ 2808434.869999999180436, 825556.11369999893941 ], [ 2808512.142300005070865, 825520.877600002335384 ], [ 2808538.516200001817197, 825508.851099998457357 ], [ 2808552.959100003819913, 825502.227799999527633 ], [ 2808602.912500003818423, 825479.319200003053993 ], [ 2808646.651699993759394, 825459.262699998216704 ], [ 2808682.033099997788668, 825443.250800001900643 ], [ 2808693.840199998114258, 825437.909399999305606 ], [ 2808757.194799997843802, 825409.239900002488866 ], [ 2808806.057600000407547, 825387.12759999698028 ], [ 2808814.547700006980449, 825383.286899997619912 ], [ 2808861.934499999508262, 825361.843200001399964 ], [ 2808884.285499999765307, 825351.729699999094009 ], [ 2808900.174500002060086, 825344.539200001629069 ], [ 2808942.214200000744313, 825325.301999997347593 ], [ 2808992.08739999262616, 825302.481299998937175 ], [ 2809033.481200002599508, 825283.538999996613711 ], [ 2809043.570300001185387, 825278.923200000077486 ], [ 2809075.785700000356883, 825264.180700004566461 ], [ 2809117.505400001071393, 825245.090799997793511 ], [ 2809149.232399997767061, 825230.572399996453896 ], [ 2809164.509999998379499, 825223.581599998753518 ], [ 2809174.804499996360391, 825218.870899998117238 ], [ 2809176.478600001893938, 825218.104799997759983 ], [ 2809188.204800001811236, 825212.738899995340034 ], [ 2809229.18649999704212, 825194.299799997126684 ], [ 2809267.041499998420477, 825177.267100003082305 ], [ 2809285.353699994739145, 825169.028399996692315 ], [ 2809343.706699999049306, 825142.772099998081103 ], [ 2809399.391099997330457, 825117.718600001186132 ], [ 2809411.302900005597621, 825112.358899998245761 ], [ 2809456.216600000858307, 825092.150000001303852 ], [ 2809511.885499996133149, 825067.103200003970414 ], [ 2809525.331699997186661, 825061.053100001299754 ], [ 2809538.355999998282641, 825055.19310000538826 ], [ 2809553.640299998223782, 825048.25029999925755 ], [ 2809598.438999999780208, 825027.898100003134459 ], [ 2809643.064400004222989, 825007.626400004373863 ], [ 2809667.376900005619973, 824996.582899996079504 ], [ 2809687.030000003520399, 824987.654799998737872 ], [ 2809726.052800002042204, 824969.92960000038147 ], [ 2809769.750100003555417, 824950.078499995172024 ], [ 2809770.280900002922863, 824949.837699996307492 ], [ 2809770.695299996994436, 824949.649099997710437 ], [ 2809770.741700001060963, 824949.628000000258908 ], [ 2809770.809799999464303, 824949.597099998965859 ], [ 2809817.632100002840161, 824928.328400000929832 ], [ 2809824.882499999832362, 824925.03489999845624 ], [ 2809841.489100002218038, 824917.4913999971468 ], [ 2809884.127600002102554, 824897.887099997373298 ], [ 2809921.2834, 824880.803900003898889 ], [ 2809924.220499996095896, 824879.45469999848865 ], [ 2809964.266900006681681, 824861.04239999782294 ], [ 2809995.588699999265373, 824846.642100003082305 ], [ 2810008.576899999286979, 824840.67140000150539 ], [ 2810041.275899995584041, 824825.637200004188344 ], [ 2810086.695600000675768, 824804.755999997723848 ], [ 2810128.967799994628876, 824785.319199998863041 ], [ 2810169.540400001220405, 824766.667500002076849 ], [ 2810169.66419999813661, 824766.610100001795217 ], [ 2810169.691899999044836, 824766.597200002986938 ], [ 2810169.738499996252358, 824766.576000000117347 ], [ 2810169.845000001601875, 824766.527200001990423 ], [ 2810202.937200006563216, 824751.313200001139194 ], [ 2810211.935500006657094, 824747.176199996611103 ], [ 2810253.257200001738966, 824728.177200004458427 ], [ 2810295.283399996813387, 824708.857199996709824 ], [ 2810315.059000003151596, 824699.764500000746921 ], [ 2810334.708800003863871, 824690.730000003241003 ], [ 2810381.63979999627918, 824669.154399998486042 ], [ 2810418.359699998982251, 824652.278700000373647 ], [ 2810461.177300001028925, 824632.602300003869459 ], [ 2810463.767600001301616, 824631.412699998589233 ], [ 2810506.450000006705523, 824611.797700001159683 ], [ 2810549.696199999190867, 824591.9239999987185 ], [ 2810579.762500006705523, 824578.106099998578429 ], [ 2810583.672900000587106, 824576.309000002685934 ], [ 2810661.667199999559671, 824540.467899996554479 ], [ 2810685.07010000012815, 824529.713000003248453 ], [ 2810703.821199999190867, 824521.095300002489239 ], [ 2810745.22649999614805, 824502.067199997836724 ], [ 2810764.125799996312708, 824493.383200005395338 ], [ 2810786.782099998090416, 824482.971700005466118 ], [ 2810828.091300006490201, 824463.988299995427951 ], [ 2810868.964900000486523, 824445.204600002616644 ], [ 2810911.706600000150502, 824425.563200002303347 ], [ 2810919.001700000371784, 824422.210000002058223 ], [ 2810959.089599995873868, 824403.788899997249246 ], [ 2810983.782399998512119, 824392.440700001083314 ], [ 2810998.663599998224527, 824385.754800002090633 ], [ 2811039.118600006680936, 824367.577800002181903 ], [ 2811073.99949999852106, 824351.904199995566159 ], [ 2811082.973599996883422, 824347.872699996689335 ], [ 2811123.544099999126047, 824329.641999996965751 ], [ 2811166.630500007420778, 824310.283300001407042 ], [ 2811166.709399999585003, 824310.247799996752292 ], [ 2811166.751799996942282, 824310.228699998464435 ], [ 2811166.824499998707324, 824310.195900003192946 ], [ 2811166.990200001746416, 824310.121299998601899 ], [ 2811167.102700004819781, 824310.070599997648969 ], [ 2811167.110699993558228, 824310.067000002367422 ], [ 2811167.290100002195686, 824309.986300003482029 ], [ 2811167.589699995703995, 824309.851700003026053 ], [ 2811204.632999998982996, 824293.207799998112023 ], [ 2811207.659000001382083, 824291.848099996568635 ], [ 2811249.297899997793138, 824273.139799997676164 ], [ 2811288.308999998494983, 824255.610300000524148 ], [ 2811315.87129999930039, 824243.225699998205528 ], [ 2811335.700999999884516, 824234.317600002279505 ], [ 2811381.833700001705438, 824213.588499998673797 ], [ 2811421.574699996504933, 824195.732199998572469 ], [ 2811460.083800002932549, 824178.43010000186041 ], [ 2811466.363499998115003, 824175.60810000426136 ], [ 2811504.377800001297146, 824158.527699999278411 ], [ 2811545.2676, 824140.155600003432482 ], [ 2811573.762100007385015, 824127.352599999634549 ], [ 2811602.254500001203269, 824114.550600004149601 ], [ 2811609.818100000731647, 824111.152499999152496 ], [ 2811618.503700006753206, 824107.248900001402944 ], [ 2811660.618500001262873, 824088.327399998670444 ], [ 2811701.7763, 824069.833199997665361 ], [ 2811742.410699999891222, 824051.576700000325218 ], [ 2811756.36310000391677, 824045.306099998531863 ], [ 2811790.969499998260289, 824029.758700000820681 ], [ 2811834.444800001103431, 824010.224499998381361 ], [ 2811839.631100002210587, 824007.893299997318536 ], [ 2811876.618300002533942, 823991.274900000775233 ], [ 2811877.932899997569621, 823990.683899994939566 ], [ 2811919.66449999762699, 823971.933999996865168 ], [ 2811922.839299997314811, 823970.507300002267584 ], [ 2811962.514, 823952.681899994378909 ], [ 2812003.287600004114211, 823934.36049999948591 ], [ 2812009.094800003338605, 823931.751899998402223 ], [ 2812046.91679999884218, 823914.759300003759563 ], [ 2812089.84910000488162, 823895.469500004546717 ], [ 2812090.982900005765259, 823894.907900000456721 ], [ 2812119.948999996762723, 823880.578799999319017 ], [ 2812132.083600001875311, 823874.57660000026226 ], [ 2812172.038000002037734, 823854.81220000050962 ], [ 2812174.173399996478111, 823853.697400001809001 ], [ 2812217.132500000298023, 823831.27299999864772 ], [ 2812256.276500000152737, 823810.837200001114979 ], [ 2812262.494000006932765, 823807.592600002186373 ], [ 2812303.738599998876452, 823786.061299997149035 ], [ 2812340.01759999897331, 823767.122900005895644 ], [ 2812343.912400002125651, 823765.090700001688674 ], [ 2812348.974099998828024, 823762.448299997253343 ], [ 2812388.431199995800853, 823741.850199998822063 ], [ 2812418.922999999020249, 823725.932899999665096 ], [ 2812422.834600002504885, 823723.890900000929832 ], [ 2812426.840600001625717, 823721.799299997510388 ], [ 2812442.840000002644956, 823713.402399993967265 ], [ 2812453.034599998500198, 823708.051199996611103 ], [ 2812495.14329999871552, 823685.950000001117587 ], [ 2812505.936399997677654, 823680.2844 ], [ 2812546.574199999682605, 823659.049199998611584 ], [ 2812572.448299994692206, 823645.526499998755753 ], [ 2812592.179899999406189, 823635.215799995930865 ], [ 2812642.315100001636893, 823609.017000002553686 ], [ 2812643.378699999768287, 823608.455100000603124 ], [ 2812692.188199997413903, 823582.681499995524064 ], [ 2812696.579300003126264, 823580.364999999525025 ], [ 2812742.069000000599772, 823556.343100003665313 ], [ 2812754.384199998341501, 823549.84169999929145 ], [ 2812789.998500000219792, 823531.035100002540275 ], [ 2812835.3857, 823507.069800000172108 ], [ 2812838.064900006633252, 823505.653899999568239 ], [ 2812888.394199997186661, 823479.078999996650964 ], [ 2812919.292400005739182, 823462.763400003081188 ], [ 2812935.672800000756979, 823454.114500002935529 ], [ 2812985.758800001814961, 823427.667299999389797 ], [ 2812998.837100000586361, 823420.76130000455305 ], [ 2813029.963299997150898, 823404.324900003615767 ], [ 2813081.913199994247407, 823376.894500002963468 ], [ 2813083.356100002769381, 823376.132999997353181 ], [ 2813129.513400000985712, 823351.760599996661767 ], [ 2813168.572800000198185, 823331.136299997102469 ], [ 2813201.6107, 823311.273599999491125 ], [ 2813226.269500006455928, 823296.449200003640726 ], [ 2813231.1014, 823293.543700001202524 ], [ 2813243.910600003320724, 823285.84289999702014 ], [ 2813244.738199999090284, 823285.34569999971427 ], [ 2813257.735500000882894, 823277.560499996179715 ], [ 2813262.965199998114258, 823274.429199998266995 ], [ 2813263.374400001019239, 823274.184199999086559 ], [ 2813268.076099996455014, 823271.368199999444187 ], [ 2813268.328100001905113, 823271.217799997655675 ], [ 2813268.580000001937151, 823271.067400004481897 ], [ 2813278.077100004069507, 823265.378699997672811 ], [ 2813294.842100005596876, 823255.338199995458126 ], [ 2813294.858399997930974, 823255.328400000697002 ], [ 2813316.477100001182407, 823242.380799999926239 ], [ 2813328.408200000878423, 823235.234800004167482 ], [ 2813338.891999999061227, 823228.956099999835715 ], [ 2813339.752999994903803, 823228.440400000428781 ], [ 2813351.306000003125519, 823221.521100003272295 ], [ 2813351.366099995560944, 823221.485199995106086 ], [ 2813393.310999995097518, 823196.365599999437109 ], [ 2813396.44030000269413, 823194.491500004893169 ], [ 2813425.519699994940311, 823177.074700003955513 ], [ 2813428.064199996646494, 823175.55079999868758 ], [ 2813431.850800001528114, 823173.282999995630234 ], [ 2813455.500999998301268, 823159.119200003100559 ], [ 2813471.395000007469207, 823149.600499994587153 ], [ 2813513.1283, 823124.608099998673424 ], [ 2813555.512100002262741, 823099.224099998595193 ], [ 2813593.46419999981299, 823076.493499998934567 ], [ 2813633.197800002526492, 823052.698300001909956 ], [ 2813643.287199999671429, 823046.655699996510521 ], [ 2813673.195800000801682, 823028.744300002465025 ], [ 2813712.252700001001358, 823005.352500003296882 ], [ 2813738.683400001376867, 822989.52369999862276 ], [ 2813756.534400005359203, 822978.832899996312335 ], [ 2813797.853800002951175, 822954.086400002473965 ], [ 2813799.000399997457862, 822953.42150000249967 ], [ 2813844.872500000521541, 822926.820500003872439 ], [ 2813893.883199997246265, 822898.398400000063702 ], [ 2813934.315700005274266, 822874.950900001917034 ], [ 2813937.776499998290092, 822872.944300002651289 ], [ 2813966.007500004023314, 822856.572799999266863 ], [ 2814009.535200000274926, 822831.332000001799315 ], [ 2814053.021600004285574, 822806.115899997297674 ], [ 2814096.89000000199303, 822780.674999996554106 ], [ 2814139.3108, 822756.075000002747402 ], [ 2814181.766800004523247, 822731.454799996688962 ], [ 2814226.066300000995398, 822705.764899998437613 ], [ 2814230.220899995416403, 822703.356600002385676 ], [ 2814238.355099995620549, 822698.640200001886114 ], [ 2814268.37000000057742, 822680.872400004882365 ], [ 2814305.223800002131611, 822659.054500001948327 ], [ 2814310.947600001934916, 822655.666700000176206 ], [ 2814351.704700002912432, 822631.541400003014132 ], [ 2814392.937299998942763, 822607.131299996515736 ], [ 2814422.382799995597452, 822589.701799998292699 ], [ 2814436.620800007134676, 822581.273399997502565 ], [ 2814453.552500002551824, 822571.249699996085837 ], [ 2814471.437000003177673, 822560.662999996449798 ], [ 2814482.781700000632554, 822553.947599999373779 ], [ 2814498.768200002610683, 822544.484399997163564 ], [ 2814498.782100001350045, 822544.476199998287484 ], [ 2814498.795900003518909, 822544.467999999644235 ], [ 2814507.151900000404567, 822539.521100003505126 ], [ 2814512.846100005321205, 822536.149900001008064 ], [ 2814540.98909999942407, 822519.490400005364791 ], [ 2814547.283799997996539, 822515.76579999551177 ], [ 2814585.387100003659725, 822493.209599997848272 ], [ 2814585.447199996095151, 822493.174100001808256 ], [ 2814585.507100004237145, 822493.138500000583008 ], [ 2814585.72150000045076, 822493.011199995875359 ], [ 2814585.942400002852082, 822492.880800004350021 ], [ 2814585.99910000199452, 822492.847299998858944 ], [ 2814586.055500002577901, 822492.813899998785928 ], [ 2814621.376200000289828, 822471.904200002318248 ], [ 2814631.260300002992153, 822466.054400004679337 ], [ 2814654.211000007111579, 822452.469400002853945 ], [ 2814666.090800000820309, 822445.436999997356907 ], [ 2814689.87450000224635, 822431.358299996936694 ], [ 2814713.11610000114888, 822417.599400001810864 ], [ 2814713.290899997577071, 822417.496799998451024 ], [ 2814713.334600001107901, 822417.469799999380484 ], [ 2814713.464199994690716, 822417.39280000096187 ], [ 2814737.174000001512468, 822403.357199998805299 ], [ 2814742.330199999269098, 822400.304899998707697 ], [ 2814763.342999998480082, 822387.866299998247996 ], [ 2814789.825999996159226, 822372.190499999560416 ], [ 2814807.445800002664328, 822361.759799996158108 ], [ 2814819.83799999859184, 822354.423599997069687 ], [ 2814853.413999993819743, 822334.549799998290837 ], [ 2814853.642899993807077, 822334.413699998287484 ], [ 2814853.686000000685453, 822334.388100002426654 ], [ 2814853.72619999665767, 822334.364199998788536 ], [ 2814853.77250000461936, 822334.33669999986887 ], [ 2814854.133299995213747, 822334.123300003353506 ], [ 2814865.693099999334663, 822327.280399999581277 ], [ 2814875.712899998761714, 822321.34910000488162 ], [ 2814888.42119999974966, 822313.826200001407415 ], [ 2814897.021599999628961, 822308.735699999378994 ], [ 2814924.684800002258271, 822292.360500004375353 ], [ 2814942.837499995250255, 822281.61320000491105 ], [ 2814963.415399998892099, 822269.433000002289191 ], [ 2814984.432800001930445, 822256.990400003269315 ], [ 2814995.385399995837361, 822250.507399995811284 ], [ 2815030.167200000490993, 822229.918800002895296 ], [ 2815030.173299994785339, 822229.915199998766184 ], [ 2815030.448700004257262, 822229.751500003505498 ], [ 2815030.704099994152784, 822229.599699998740107 ], [ 2815031.226499993354082, 822229.292000002926216 ], [ 2815031.236400001682341, 822229.286100001540035 ], [ 2815061.96269999910146, 822211.097299999091774 ], [ 2815061.968999994918704, 822211.093599998624995 ], [ 2815066.678199996240437, 822208.305900004459545 ], [ 2815075.108, 822203.3156999994535 ], [ 2815102.147900001611561, 822187.309800000861287 ], [ 2815106.989599998574704, 822182.472900000168011 ], [ 2815117.045799997169524, 822172.427100001368672 ], [ 2815122.757899999152869, 822122.214699998730794 ], [ 2815122.775799996219575, 822122.057299999520183 ], [ 2815117.693700003437698, 822106.62749999971129 ], [ 2815111.471000005491078, 822087.730100002372637 ], [ 2815110.183600001968443, 822081.611799996346235 ], [ 2815106.928099994547665, 822066.121900004101917 ], [ 2815104.079500001389533, 822052.559499999275431 ], [ 2815103.101899998728186, 822047.908500005025417 ], [ 2815100.382700006477535, 822034.974899999331683 ], [ 2815095.570499998517334, 822012.074900005012751 ], [ 2815093.883099999278784, 822004.050499998498708 ], [ 2815081.512500000651926, 821945.187099999981001 ], [ 2815075.145900007337332, 821914.900500003714114 ], [ 2815071.783699993044138, 821898.900499997427687 ], [ 2815066.786499998997897, 821875.123300002655014 ], [ 2815059.239700000733137, 821839.207600000547245 ], [ 2815054.634699998423457, 821817.303500000620261 ], [ 2815051.7135, 821803.407100002514198 ], [ 2815044.189299998804927, 821767.605499999597669 ], [ 2815042.337300001643598, 821758.786099999910221 ], [ 2815039.507299998309463, 821745.330999998375773 ], [ 2815037.744900000281632, 821736.943100000498816 ], [ 2815034.55009999871254, 821721.739100005012006 ], [ 2815028.672300002537668, 821693.774500002618879 ], [ 2815025.42790000513196, 821678.338899997761473 ], [ 2815025.08690000558272, 821676.716500001726672 ], [ 2815017.288099992554635, 821639.609700004104525 ], [ 2815016.411600002553314, 821635.83420000039041 ], [ 2815012.523900002706796, 821619.101099999621511 ], [ 2815010.693899997510016, 821611.227100003743544 ], [ 2815006.244900000281632, 821592.079700000118464 ], [ 2815001.775499998126179, 821572.845899998210371 ], [ 2814993.122500003315508, 821535.604099996387959 ], [ 2814989.73529999749735, 821521.0289000000339 ], [ 2814966.67729999916628, 821421.797300003701821 ], [ 2814958.759300001431257, 821387.718499999027699 ], [ 2814953.944199999794364, 821377.62120000156574 ], [ 2814946.105900001246482, 821361.185099998721853 ], [ 2814899.06710000615567, 821262.55689999833703 ], [ 2814887.726499994751066, 821238.772699997061864 ], [ 2814859.649099999573082, 821215.877499999245629 ], [ 2814849.873799999710172, 821184.795900000724941 ], [ 2814849.874599997885525, 821138.070099997334182 ], [ 2814849.874700002837926, 821137.858499998459592 ], [ 2814880.355799999088049, 821106.537699996959418 ], [ 2814935.935700000263751, 821055.594699998619035 ], [ 2815069.146100002340972, 820942.78330000047572 ], [ 2815072.432099998928607, 820940.001499998848885 ], [ 2815164.845899996347725, 820861.738200000487268 ], [ 2815179.654100005049258, 820849.198899999726564 ], [ 2815190.935900004580617, 820838.325300003634766 ], [ 2815230.465499992948025, 820800.23150000302121 ], [ 2815241.830999998841435, 820789.277900001034141 ], [ 2815258.433499997947365, 820773.277099997038022 ], [ 2815273.114299996290356, 820759.129500000271946 ], [ 2815325.218299996107817, 820708.9153 ], [ 2815376.707700002007186, 820659.294499999145046 ], [ 2815424.764100003521889, 820612.984700003406033 ], [ 2815467.413900006562471, 820571.880900003015995 ], [ 2815540.541100005153567, 820501.408299997216091 ], [ 2815591.8717, 820451.282499994849786 ], [ 2815595.071900003124028, 820448.157900005113333 ], [ 2815638.821500001475215, 820405.436899999622256 ], [ 2815760.3684, 820286.746600000187755 ], [ 2815778.592499997001141, 820268.950800004648045 ], [ 2815822.573099999688566, 820226.004599999869242 ], [ 2815849.012299997266382, 820200.186300000641495 ], [ 2815891.042900003027171, 820159.144300002604723 ], [ 2815903.130099995527416, 820147.341900001978502 ], [ 2815926.599299996159971, 820124.423099998617545 ], [ 2815993.280700002331287, 820060.278100000461563 ], [ 2816132.469100001268089, 819926.389499996323138 ], [ 2816150.9109, 819908.6484999966342 ], [ 2816167.808099999558181, 819892.395099999848753 ], [ 2816245.9731, 819817.205299995606765 ], [ 2816270.160600002855062, 819793.506300000473857 ], [ 2816335.752700000535697, 819729.235499996924773 ], [ 2816343.815699998289347, 819721.33509999839589 ], [ 2816420.326300005894154, 819646.366700005484745 ], [ 2816445.890899998601526, 819621.318899999605492 ], [ 2816459.805500000715256, 819607.684899997897446 ], [ 2816492.642700001131743, 819575.508699995232746 ], [ 2816511.031499993056059, 819557.489699999568984 ], [ 2816513.867299992591143, 819554.713099997956306 ], [ 2816535.529499997384846, 819533.487100003752857 ], [ 2816562.493299995083362, 819501.292699996847659 ], [ 2816612.483300004154444, 819441.606999999145046 ], [ 2816612.52370000211522, 819441.558700000867248 ], [ 2816612.564099999610335, 819441.510499998927116 ], [ 2816614.003500000573695, 819439.790900001302361 ], [ 2816639.954099994152784, 819408.80489999987185 ], [ 2816641.412699998356402, 819407.063300001202151 ], [ 2816671.96410000231117, 819355.337699999799952 ], [ 2816699.112200001720339, 819309.368900003610179 ], [ 2816711.659299998078495, 819288.127700004260987 ], [ 2816788.360000003129244, 819158.318099999334663 ], [ 2816825.619700002018362, 819100.281499998643994 ], [ 2816856.81570000667125, 819051.692000000504777 ], [ 2816857.001100004184991, 819051.403299997793511 ], [ 2816894.196500001940876, 818993.468300000531599 ], [ 2816922.563800000585616, 818961.145599998068064 ], [ 2816950.033599999267608, 818929.845099996309727 ], [ 2816984.689900005701929, 818890.35480000032112 ], [ 2817018.179099998902529, 818852.19690000009723 ], [ 2817018.239499998278916, 818852.145499997539446 ], [ 2817018.243500005453825, 818852.142099995398894 ], [ 2817018.269500004593283, 818852.119999998016283 ], [ 2817018.44150000391528, 818851.973600003635511 ], [ 2817018.564800001680851, 818851.868700003018603 ], [ 2817018.601099995430559, 818851.837899998296052 ], [ 2817019.440800000913441, 818851.123499998589978 ], [ 2817021.050800006370991, 818849.753800000762567 ], [ 2817021.516699999570847, 818849.357400000095367 ], [ 2817022.632499997969717, 818848.408100002910942 ], [ 2817030.644599993247539, 818841.591900000115857 ], [ 2817037.776299995835871, 818835.524600001983345 ], [ 2817040.270099996123463, 818833.403000000398606 ], [ 2817048.511599999852479, 818826.391499999677762 ], [ 2817050.615199998952448, 818824.601900001056492 ], [ 2817059.101200001779944, 818817.382500001695007 ], [ 2817066.48369999974966, 818811.101799998199567 ], [ 2817066.506700000260025, 818811.082200000062585 ], [ 2817068.225999999791384, 818809.619299998972565 ], [ 2817125.639799999538809, 818760.774599994998425 ], [ 2817173.590700004249811, 818719.980400001863018 ], [ 2817182.210400003939867, 818712.648299997905269 ], [ 2817185.567400000989437, 818709.942399998661131 ], [ 2817206.802100002765656, 818692.826499997870997 ], [ 2817280.56539999647066, 818633.377699996810406 ], [ 2817305.328100003302097, 818613.420400002039969 ], [ 2817351.489699998404831, 818573.498900002334267 ], [ 2817420.39959999686107, 818513.904199997894466 ], [ 2817455.922599998768419, 818483.358599998755381 ], [ 2817490.230899999383837, 818453.857599995564669 ], [ 2817504.88329999614507, 818441.25820000236854 ], [ 2817652.797100002411753, 818314.069700002670288 ], [ 2817662.233299997169524, 818305.955300002358854 ], [ 2817681.626199999358505, 818289.278600002406165 ], [ 2817688.553599998820573, 818283.322500000940636 ], [ 2817690.096199999097735, 818281.996100003132597 ], [ 2817726.43089999910444, 818250.751699995016679 ], [ 2817728.027500005904585, 818249.37880000541918 ], [ 2817770.568499997723848, 818212.799299999373034 ], [ 2817778.319800001103431, 818206.135400001192465 ], [ 2817808.839599993545562, 818179.889099998632446 ], [ 2817823.615900001954287, 818167.507699996931478 ], [ 2817851.258599994238466, 818144.340700002619997 ], [ 2817899.917900000233203, 818103.563899998087436 ], [ 2817939.393100005108863, 818070.481399999931455 ], [ 2817965.562799994833767, 818048.549500002991408 ], [ 2817973.559799998998642, 818041.847500004572794 ], [ 2817977.732399995904416, 818038.350600001867861 ], [ 2817982.770100001711398, 818034.128100001718849 ], [ 2818120.440600001718849, 817918.7537 ], [ 2818143.969099997077137, 817898.749599997419864 ], [ 2818227.395499994046986, 817827.820099995471537 ], [ 2818276.838699992280453, 817785.783200002508238 ], [ 2818382.236200000625104, 817696.173799994867295 ], [ 2818403.396700000856072, 817678.183099996065721 ], [ 2818419.191799998283386, 817664.754000002751127 ], [ 2818420.615800001192838, 817663.543300000019372 ], [ 2818427.514300007838756, 817657.67820000089705 ], [ 2818453.024400002788752, 817635.989300003740937 ], [ 2818458.959899997338653, 817630.941300003789365 ], [ 2818499.00590000487864, 817596.882899995427579 ], [ 2818499.177100006025285, 817596.737399995326996 ], [ 2818454.432599995285273, 817598.200800004880875 ], [ 2818451.266000003088266, 817598.304300002753735 ], [ 2818448.539199999067932, 817598.393499998375773 ], [ 2818444.660699997562915, 817598.520100001944229 ], [ 2818443.901600003708154, 817598.544799994677305 ], [ 2818438.320499998051673, 817598.724399996455759 ], [ 2818421.008900004904717, 817599.281899996567518 ], [ 2818411.438300002831966, 817599.590100001078099 ], [ 2818409.161300001200289, 817599.663399999029934 ], [ 2818408.999099996872246, 817599.668599999044091 ], [ 2818405.734899999573827, 817599.773700001416728 ], [ 2818362.178099999669939, 817601.176299999700859 ], [ 2818359.58159999968484, 817601.259799995692447 ], [ 2818356.327299993485212, 817601.364599999971688 ], [ 2818313.836999994236976, 817602.732799998484552 ], [ 2818307.773900005500764, 817602.927999999839813 ], [ 2818300.06370000122115, 817603.176300004823133 ], [ 2818297.402300003450364, 817603.262000001734123 ], [ 2818248.118300002068281, 817604.848900001961738 ], [ 2818244.302500005811453, 817604.971799995983019 ], [ 2818240.145799997728318, 817605.105700003914535 ], [ 2818192.531299998052418, 817606.638700002338737 ], [ 2818190.195000002160668, 817606.713999999687076 ], [ 2818185.996300000697374, 817606.849199996329844 ], [ 2818127.860499998554587, 817608.721200003987178 ], [ 2818122.027300000190735, 817608.909000004408881 ], [ 2818117.921199996490031, 817609.041200002422556 ], [ 2818063.386499996762723, 817610.797199999215081 ], [ 2818060.783299997448921, 817610.88100000214763 ], [ 2818056.825000000186265, 817611.0085 ], [ 2817949.030700000468642, 817614.479400003328919 ], [ 2817936.053699998185039, 817614.897300004959106 ], [ 2817926.283099998254329, 817615.211900001624599 ], [ 2817922.218599993735552, 817615.342800001846626 ], [ 2817901.379199996590614, 817616.01369999954477 ], [ 2817897.40100000333041, 817616.141600000672042 ], [ 2817889.700000006239861, 817616.389599998714402 ], [ 2817879.968699999153614, 817616.702599999727681 ], [ 2817678.404399998951703, 817618.044700002297759 ], [ 2817678.338300000410527, 817618.045099996961653 ], [ 2817674.343999998643994, 817611.738999999128282 ], [ 2817643.602300003170967, 817563.208900000667199 ], [ 2817608.867999998852611, 817508.377900004154071 ], [ 2817608.864799998234957, 817508.372699995525181 ], [ 2817599.878599999006838, 817509.08799999835901 ], [ 2817572.445900001097471, 817511.27519999910146 ], [ 2817513.853799999225885, 817518.645799997961149 ], [ 2817458.359999998472631, 817525.627200004411861 ], [ 2817415.896999996621162, 817552.856500002322719 ], [ 2817374.3405, 817579.503300000214949 ], [ 2817004.399200002662838, 817597.707200002623722 ], [ 2816940.070700000505894, 817593.729000000283122 ], [ 2816875.402699998579919, 817515.436700003687292 ], [ 2816853.148300004191697, 817514.384399999631569 ], [ 2816849.59749999968335, 817514.216399999102578 ], [ 2816840.214299994986504, 817513.772699999855831 ], [ 2816848.442300003487617, 817443.039500004146248 ], [ 2816818.328100000973791, 817437.931700001237914 ], [ 2816808.965300000738353, 817514.126300000119954 ], [ 2816771.877899999730289, 817526.660199999343604 ], [ 2816724.274299999698997, 817542.837200002744794 ], [ 2816723.845600003842264, 817542.982900004601106 ], [ 2816723.783300001639873, 817543.004099998623133 ], [ 2816722.60859999479726, 817536.42969999439083 ], [ 2816714.737700002733618, 817492.377300001913682 ], [ 2816656.409500005654991, 817515.854899994563311 ], [ 2816668.198100003879517, 817548.435300002107397 ], [ 2816639.12349999928847, 817552.89040000224486 ], [ 2816634.930299995932728, 817525.567800004733726 ], [ 2816634.928900001570582, 817525.55879999930039 ], [ 2816634.732299997005612, 817524.27809999557212 ], [ 2816627.401400003116578, 817476.511000001803041 ], [ 2816611.049699999857694, 817472.69619999662973 ], [ 2816610.19420000212267, 817461.59349999926053 ], [ 2816607.929399997927248, 817432.199900004547089 ], [ 2816606.243299996480346, 817410.317200000397861 ], [ 2816605.020099998451769, 817394.442099996609613 ], [ 2816605.019800000358373, 817394.43820000323467 ], [ 2816579.31959999864921, 817395.960600000340492 ], [ 2816566.454499994870275, 817396.722700002137572 ], [ 2816541.166199997067451, 817398.220300001092255 ], [ 2816523.258899997919798, 817399.280800003791228 ], [ 2816484.479300001170486, 817405.967599997296929 ], [ 2816433.241999996826053, 817417.794499997748062 ], [ 2816425.815900000743568, 817422.417899996740744 ], [ 2816388.79860000545159, 817473.152300003683195 ], [ 2816421.0176, 817511.650899996515363 ], [ 2816441.960500003304332, 817536.675700001884252 ], [ 2816495.122299996204674, 817600.19889999856241 ], [ 2816462.788299999665469, 817638.443500004243106 ], [ 2816355.354799999389797, 817641.471100002992898 ], [ 2815763.632000001147389, 817657.81559999845922 ], [ 2815463.846899997442961, 817666.128300004405901 ], [ 2815091.83869999833405, 817676.440199999837205 ], [ 2814564.195100006181747, 817691.069900002796203 ], [ 2814209.478100003674626, 817700.906800003256649 ], [ 2814209.416899997740984, 817700.908500004559755 ], [ 2813564.715699996799231, 817470.732099999440834 ], [ 2813367.245499996002764, 817400.245200000703335 ], [ 2812400.60240000160411, 817055.210100002354011 ], [ 2811649.234399997163564, 816786.881900000153109 ], [ 2811647.65789999673143, 816786.376699996879324 ], [ 2810716.730900001246482, 816487.755199998850003 ], [ 2810319.307499993592501, 816360.512999999336898 ], [ 2810313.115399998612702, 816355.980799995362759 ], [ 2810306.923299994785339, 816351.448600000236183 ], [ 2810294.332800001837313, 816333.78600000217557 ], [ 2810288.468200002331287, 816325.559000002220273 ], [ 2810280.829800005536526, 816312.63249999913387 ], [ 2810276.111599998548627, 816304.647900003008544 ], [ 2810269.005000000819564, 816292.622699996922165 ], [ 2810267.352500001899898, 816289.826400000602007 ], [ 2810262.005699997302145, 816280.781399998115376 ], [ 2810259.698400000110269, 816276.875999994110316 ], [ 2810255.831100004725158, 816271.818799995817244 ], [ 2810253.375399996060878, 816268.608099996577948 ], [ 2810239.810500001069158, 816250.871800005901605 ], [ 2810232.367400001734495, 816244.050400003092363 ], [ 2810214.257299998775125, 816259.578099997481331 ], [ 2810201.960499998182058, 816270.120900000678375 ], [ 2810182.5222, 816286.786499999463558 ], [ 2810177.112000006251037, 816291.424900001846254 ], [ 2810140.887899998109788, 816322.481500000692904 ], [ 2810109.714700001291931, 816293.422499995678663 ], [ 2810010.595500003080815, 816201.030299995560199 ], [ 2810003.060900001786649, 816209.408699996769428 ], [ 2809985.362299999222159, 816186.857299995608628 ], [ 2809982.018100004643202, 816182.409299998311326 ], [ 2809961.746500002220273, 816155.453499997965991 ], [ 2809956.985100000165403, 816149.12249999679625 ], [ 2809940.289499994833022, 816126.919899999396876 ], [ 2809927.081299995537847, 816109.355700004380196 ], [ 2809918.640699997078627, 816098.131700000027195 ], [ 2809915.063700000755489, 816093.376299996161833 ], [ 2809900.791100005153567, 816074.394700001226738 ], [ 2809898.260899997316301, 816071.032300002407283 ], [ 2809875.651700001209974, 816040.966699996497482 ], [ 2809851.031499994918704, 816008.22749999538064 ], [ 2809827.020499998703599, 815976.296899996697903 ], [ 2809816.035100001376122, 815961.688099998282269 ], [ 2809711.779899999499321, 816037.134700004244223 ], [ 2809702.819499998353422, 816043.63670000503771 ], [ 2809686.504299999214709, 816022.143099996959791 ], [ 2809686.315300005953759, 816021.896300000138581 ], [ 2809676.028699999675155, 816030.965699997264892 ], [ 2809639.778899998869747, 816087.142900000093505 ], [ 2809622.689900000579655, 816106.911299998406321 ], [ 2809602.801099998410791, 816130.542700004065409 ], [ 2809598.760900001041591, 816135.343100000405684 ], [ 2809593.045500001870096, 816142.998299998231232 ], [ 2809581.603699998930097, 816158.327300001168624 ], [ 2809568.323900002986193, 816173.423300000606105 ], [ 2809546.774899993557483, 816191.0504999991972 ], [ 2809527.658299995120615, 816211.553299998864532 ], [ 2809495.080099997110665, 816249.737499996554106 ], [ 2809488.1269, 816226.690500002820045 ], [ 2809446.293700005393475, 816166.987600000575185 ], [ 2809404.355999995488673, 816107.135400001658127 ], [ 2809386.738700005691499, 816081.992499998770654 ], [ 2809341.503700005821884, 816017.434500000672415 ], [ 2809312.039600001648068, 815977.241500002564862 ], [ 2809266.803199998568743, 815915.533099997323006 ], [ 2809266.133300000336021, 815914.618299996480346 ], [ 2809210.907300006132573, 815955.716899997089058 ], [ 2809186.587500000372529, 815972.078299998771399 ], [ 2809112.781300001312047, 816021.732099996414036 ], [ 2809112.273699995595962, 816022.049499999266118 ], [ 2809100.038699997123331, 816029.69009999698028 ], [ 2809075.480999994557351, 815999.937899995129555 ], [ 2809053.2605000003241, 815973.017300001578405 ], [ 2809048.612199997995049, 815966.784000001847744 ], [ 2808934.608699995558709, 815813.908900001086295 ], [ 2808932.498499993234873, 815810.936500001698732 ], [ 2808912.88149999640882, 815783.304100003791973 ], [ 2808751.195699994452298, 815901.361099997302517 ], [ 2808730.995699997525662, 815874.630499996244907 ], [ 2808729.475199994631112, 815872.669199996395037 ], [ 2808710.08750000083819, 815847.674300001235679 ], [ 2808707.759200002066791, 815844.670700002694502 ], [ 2808683.278800005093217, 815813.870599999092519 ], [ 2808662.005500003695488, 815787.274700003676116 ], [ 2808637.170800005085766, 815753.149500003550202 ], [ 2808613.086499992758036, 815721.574899999191985 ], [ 2808607.654900003690273, 815714.454299997538328 ], [ 2808591.315099999308586, 815692.120200003730133 ], [ 2808577.940300002228469, 815673.839399999473244 ], [ 2808548.279100002720952, 815634.393799997866154 ], [ 2808514.937899999786168, 815589.559700005454943 ], [ 2808504.234100002329797, 815575.098899997537956 ], [ 2808430.013299998827279, 815474.828799999319017 ], [ 2808279.828599993605167, 815272.900099996011704 ], [ 2808130.004600000567734, 815069.436299998546019 ], [ 2808064.969899997580796, 815095.656699998071417 ], [ 2808022.778899993747473, 815113.343499997863546 ], [ 2807835.115799997001886, 815173.820600002538413 ], [ 2807757.468500004149973, 815199.193200003355742 ], [ 2807754.949900005478412, 815191.037300000432879 ], [ 2807753.985699992626905, 815187.914799997583032 ], [ 2807726.287199995946139, 815098.218899994855747 ], [ 2807715.03749999916181, 815062.19040000019595 ], [ 2807695.2179, 814998.508999997517094 ], [ 2807681.394599998369813, 814954.178800001973286 ], [ 2807664.237099998630583, 814896.760300002293661 ], [ 2807650.284799999557436, 814850.835299997357652 ], [ 2807649.267700002528727, 814847.569399998756126 ], [ 2807622.225399998016655, 814750.144599996739998 ], [ 2807643.437500002793968, 814689.141299996292219 ], [ 2807661.803699997253716, 814636.323300000280142 ], [ 2807665.976899999659508, 814626.195399999851361 ], [ 2807714.296400007326156, 814513.267400003271177 ], [ 2807752.002999997232109, 814424.870300003094599 ], [ 2807773.968899999279529, 814395.341599999228492 ], [ 2807820.530400002375245, 814332.748600001679733 ], [ 2807838.314900003839284, 814308.83940000180155 ], [ 2807855.786799998953938, 814275.832299997564405 ], [ 2807858.772500000428408, 814241.391299999319017 ], [ 2807860.272500002291054, 814224.101300003472716 ], [ 2807862.115999993868172, 814210.877199997426942 ], [ 2807871.6308, 814167.997300002258271 ], [ 2807878.104500004090369, 814143.379400002537295 ], [ 2807883.818700001575053, 814121.653200003085658 ], [ 2807889.780199995730072, 814098.960399996954948 ], [ 2807891.06449999473989, 814094.457499998155981 ], [ 2807915.344700000714511, 814003.020600001793355 ], [ 2807931.93900000071153, 813959.503900001756847 ], [ 2807959.487599995452911, 813937.391399994492531 ], [ 2807976.238799995277077, 813923.676599997561425 ], [ 2807973.337300000246614, 813864.409500002861023 ], [ 2807972.704099999275059, 813810.68529999954626 ], [ 2807972.176099997013807, 813765.795299997553229 ], [ 2807970.440999995917082, 813762.139600001275539 ], [ 2807966.924899998586625, 813754.731299996608868 ], [ 2807962.863600003533065, 813749.761100002098829 ], [ 2807924.763800004962832, 813703.1339999998454 ], [ 2807882.812200005631894, 813651.786299997009337 ], [ 2807850.347499993164092, 813612.207800004864112 ], [ 2807825.354000001214445, 813583.820500004570931 ], [ 2807792.692299998365343, 813546.727899994468316 ], [ 2807787.915700000245124, 813541.302499996032566 ], [ 2807777.23549999948591, 813529.325700002256781 ], [ 2807756.790100000333041, 813506.397900002077222 ], [ 2807712.936899998690933, 813457.544499999377877 ], [ 2807701.857299998402596, 813445.198499997146428 ], [ 2807689.435099995695055, 813431.448199995560572 ], [ 2807654.907699998933822, 813393.222300002118573 ], [ 2807632.57890000147745, 813368.504900003317744 ], [ 2807625.770599999465048, 813360.967699997825548 ], [ 2807590.8780000009574, 813322.337000003550202 ], [ 2807573.841599997598678, 813303.710200001252815 ], [ 2807555.803999994881451, 813284.001899995375425 ], [ 2807549.530999999027699, 813277.148100000806153 ], [ 2807528.540999998338521, 813254.212699998170137 ], [ 2807521.647499999031425, 813246.731200000736862 ], [ 2807504.87379999877885, 813228.528400003211573 ], [ 2807487.224200005177408, 813209.372399997431785 ], [ 2807451.852099996060133, 813170.981699995463714 ], [ 2807420.110600004438311, 813136.534299995983019 ], [ 2807416.265300001483411, 813132.361400000751019 ], [ 2807401.493400004226714, 813115.722199996002018 ], [ 2807383.616199999116361, 813095.585599997313693 ], [ 2807363.609299999661744, 813073.049199999542907 ], [ 2807342.782399997580796, 813049.33779999660328 ], [ 2807326.463699999731034, 813030.753600002033636 ], [ 2807310.572300003841519, 813012.655100000090897 ], [ 2807307.518600000534207, 813009.198499998543411 ], [ 2807289.199000003281981, 812985.867400005692616 ], [ 2807270.914099995046854, 812962.576799998059869 ], [ 2807262.373499997891486, 812951.700799999525771 ], [ 2807254.066699993330985, 812941.234700005268678 ], [ 2807235.811300000641495, 812918.238499999977648 ], [ 2807220.874799996148795, 812899.420899998396635 ], [ 2807201.070900002028793, 812913.358000000938773 ], [ 2807123.416199999395758, 812983.430799995083362 ], [ 2806963.63599999807775, 813127.610100000631064 ], [ 2806947.02639999659732, 813143.131299997447059 ], [ 2806877.124600002076477, 813208.452899996424094 ], [ 2806858.881700004916638, 813222.424500004155561 ], [ 2806676.288199997041374, 813345.764600005466491 ], [ 2806632.370899995788932, 813374.995399999199435 ], [ 2806584.073500002734363, 813410.039700005669147 ], [ 2806551.276100003626198, 813451.454299997305498 ], [ 2806479.63869999954477, 813550.127499999012798 ], [ 2806337.563600006978959, 813752.88050000066869 ], [ 2806327.920100001618266, 813765.295499995583668 ], [ 2806284.940300003625453, 813793.685999996727332 ], [ 2806252.609700000844896, 813820.194699995452538 ], [ 2806184.260099999606609, 813900.411600003484637 ], [ 2806150.789399999659508, 813941.176000000210479 ], [ 2806125.457500003743917, 813971.535100005567074 ], [ 2806073.04109999909997, 814035.138299999525771 ], [ 2806043.277199999894947, 814069.196699999272823 ], [ 2806000.3227, 814120.148200003197417 ], [ 2805791.025800000410527, 814374.921499998075888 ], [ 2805699.538000001572073, 814491.105800000019372 ], [ 2805677.220999998040497, 814537.749799999408424 ], [ 2805653.571500002872199, 814573.779300002381206 ], [ 2805626.284999997355044, 814607.928399997297674 ], [ 2805597.446799998637289, 814642.244800000218675 ], [ 2805570.994299998972565, 814677.815399999031797 ], [ 2805558.768200000282377, 814693.903000005055219 ], [ 2805546.542099993675947, 814709.990600002231076 ], [ 2805517.367700000293553, 814744.515599996317178 ], [ 2805487.738300004974008, 814775.798400002764538 ], [ 2805460.775700000114739, 814810.755899998592213 ], [ 2805434.854499999433756, 814843.068200001260266 ], [ 2805407.926399999763817, 814875.877799998037517 ], [ 2805377.605800007004291, 814909.885000005597249 ], [ 2805363.349800001829863, 814920.614500004565343 ], [ 2805318.231299994979054, 814940.803300003521144 ], [ 2805268.49379999935627, 814978.910000002942979 ], [ 2805267.09690000070259, 814980.647100003203377 ], [ 2805238.38359999563545, 815015.179699999745935 ], [ 2805217.683999998494983, 815036.639800002565607 ], [ 2805217.68220000108704, 815036.644000002648681 ], [ 2805187.252499998547137, 815107.017199996858835 ], [ 2805185.71180000109598, 815108.863599999807775 ], [ 2805164.771899996325374, 815133.958500002510846 ], [ 2805142.796600002795458, 815163.913499999558553 ], [ 2805138.284300004132092, 815170.064399998867884 ], [ 2805136.851900000590831, 815171.437299997545779 ], [ 2805132.620200002100319, 815175.493299996247515 ], [ 2805122.0499, 815187.795499998610467 ], [ 2805114.177900003269315, 815196.957300001056865 ], [ 2805110.109600001946092, 815201.122600002447143 ], [ 2805090.000200004316866, 815221.711700004059821 ], [ 2805077.094099997542799, 815234.925699999555945 ], [ 2805070.740599995478988, 815241.430799995549023 ], [ 2805068.333599997218698, 815244.803300004685298 ], [ 2805047.909500006120652, 815273.419799994211644 ], [ 2805040.001300003379583, 815282.329000003635883 ], [ 2805032.724000004120171, 815290.527399999788031 ], [ 2805020.626700001303107, 815304.155900003621355 ], [ 2805012.696000006515533, 815321.943500000284985 ], [ 2805008.056900002527982, 815332.3485000024084 ], [ 2805000.761699997354299, 815342.251000002026558 ], [ 2804989.688200000207871, 815357.282299996819347 ], [ 2804978.42340000346303, 815368.077200001804158 ], [ 2804962.582599994260818, 815383.576899997424334 ], [ 2804934.00119999749586, 815411.542799997609109 ], [ 2804926.195299999788404, 815422.104400001000613 ], [ 2804924.69749999884516, 815424.037200002465397 ], [ 2804907.882499997969717, 815445.735299997963011 ], [ 2804903.811800002586097, 815450.545900001190603 ], [ 2804879.550899996887892, 815479.216899997321889 ], [ 2804877.880799998529255, 815481.190599996130913 ], [ 2804875.060099998954684, 815484.939500004285946 ], [ 2804834.505699996370822, 815538.840000003809109 ], [ 2804813.22850000159815, 815567.119399995775893 ], [ 2804812.703299996443093, 815567.817399997962639 ], [ 2804778.619499993510544, 815613.435100001748651 ], [ 2804772.3744, 815620.545999996364117 ], [ 2804758.069000001065433, 815637.851100000785664 ], [ 2804755.254799998831004, 815641.138099996838719 ], [ 2804723.39639999344945, 815678.348299995996058 ], [ 2804721.1402000002563, 815680.540500003611669 ], [ 2804712.800399999134243, 815688.643600000767037 ], [ 2804704.065100000239909, 815698.736000005388632 ], [ 2804683.812200001440942, 815722.135599999921396 ], [ 2804677.344699997454882, 815730.1948000008706 ], [ 2804672.103000004310161, 815736.726500001270324 ], [ 2804670.832700000144541, 815738.414800003403798 ], [ 2804660.640699999872595, 815751.959500004071742 ], [ 2804636.364900004584342, 815782.863200001884252 ], [ 2804623.130699997302145, 815799.710799996275455 ], [ 2804618.742099999450147, 815805.69230000092648 ], [ 2804600.642099997960031, 815829.093000000342727 ], [ 2804581.13509999634698, 815854.312800005311146 ], [ 2804542.140700000338256, 815904.727099999785423 ], [ 2804525.586499999742955, 815926.477299999445677 ], [ 2804507.314200000837445, 815915.42689999891445 ], [ 2804431.956000001635402, 816015.456699998117983 ], [ 2804336.656200003344566, 816137.595800003735349 ], [ 2804239.068499995395541, 816265.179699995554984 ], [ 2804165.574100004509091, 816356.214299998711795 ], [ 2804136.542499992996454, 816393.888600001810119 ], [ 2804079.471200001426041, 816479.601699998602271 ], [ 2804057.336099997162819, 816513.703600000124425 ], [ 2804035.25990000134334, 816548.316899995785207 ], [ 2804030.9929, 816557.529300002614036 ], [ 2804028.18189999833703, 816570.776999996509403 ], [ 2804034.566399997565895, 816588.862300001550466 ], [ 2804050.794499996583909, 816598.081999995280057 ], [ 2804027.680000000633299, 816664.229600002756342 ], [ 2804014.964199993759394, 816753.043999999761581 ], [ 2803987.891699998639524, 816751.807299997657537 ], [ 2803986.103099999483675, 816751.724699995946139 ], [ 2803986.035400004591793, 816752.012600000714883 ], [ 2803986.031800000928342, 816752.028099995106459 ], [ 2803980.561999997124076, 816775.423799996264279 ], [ 2803971.340000005904585, 816803.929699994158 ], [ 2803967.510700006037951, 816811.610800003632903 ], [ 2803961.355500000994653, 816823.959299996262416 ], [ 2803949.079800006467849, 816839.579200002830476 ], [ 2803936.812200005631894, 816855.188900002744049 ], [ 2803935.780100005213171, 816856.502199999988079 ], [ 2803929.414800000842661, 816864.506499999668449 ], [ 2803890.851099999621511, 816913.000400000717491 ], [ 2803842.354999997653067, 816965.540100002428517 ], [ 2803812.6056999983266, 816995.673499999800697 ], [ 2803795.672700005117804, 817012.62140000006184 ], [ 2803773.88230000063777, 817028.651900003897026 ], [ 2803760.895300001837313, 817038.208099998766556 ], [ 2803734.515000004321337, 817055.53929999913089 ], [ 2803704.331800000276417, 817075.369399994378909 ], [ 2803676.20979999890551, 817092.191900001605973 ], [ 2803665.66539999935776, 817098.49949999875389 ], [ 2803630.311399998143315, 817119.648500003153458 ], [ 2803589.824100003112108, 817142.695600002305582 ], [ 2803530.08470000512898, 817174.70699999644421 ], [ 2803518.121699996292591, 817181.117399998474866 ], [ 2803479.767700000200421, 817199.188600003253669 ], [ 2803477.741099999286234, 817200.244700004113838 ], [ 2803462.132500004488975, 817208.378500000806525 ], [ 2803440.9731, 817223.091699999989942 ], [ 2803424.962799999397248, 817236.839000002946705 ], [ 2803365.607299997936934, 817295.567899997346103 ], [ 2803362.074899999424815, 817299.063099998980761 ], [ 2803343.119800003711134, 817317.819599999813363 ], [ 2803333.74140000436455, 817327.098799998406321 ], [ 2803331.906099993735552, 817328.91470000334084 ], [ 2803330.760099995881319, 817330.048500003991649 ], [ 2803308.156900006346405, 817352.410799998091534 ], [ 2803295.601000006310642, 817364.835700001800433 ], [ 2803279.770200002472848, 817380.499399999389425 ], [ 2803275.976800001692027, 817384.252700000768527 ], [ 2803273.037300002761185, 817387.923699998296797 ], [ 2803271.58659999910742, 817389.735299997963011 ], [ 2803241.89170000096783, 817426.829899998381734 ], [ 2803238.684199993498623, 817430.168499998515472 ], [ 2803236.936599997337908, 817431.987400002544746 ], [ 2803200.414599996991456, 817470.000600000843406 ], [ 2803188.572999999858439, 817482.32569999829866 ], [ 2803159.234399994369596, 817512.863599998643622 ], [ 2803132.279299995396286, 817540.920500000938773 ], [ 2803076.763099999167025, 817599.555499999551103 ], [ 2803040.091899998486042, 817647.347499996423721 ], [ 2803031.142099998425692, 817661.32810000074096 ], [ 2802996.076700003352016, 817716.097300003748387 ], [ 2802994.295699997805059, 817718.879099996527657 ], [ 2802965.19950000429526, 817764.328500001458451 ], [ 2802930.168099996633828, 817819.045499995350838 ], [ 2802909.085499998182058, 817852.471900004195049 ], [ 2802891.180899999570101, 817880.857100000139326 ], [ 2802856.174099997151643, 817929.337699998868629 ], [ 2802846.261899999342859, 817945.996300000231713 ], [ 2802835.518300000578165, 817975.051299997838214 ], [ 2802833.174700000323355, 817982.946100002154708 ], [ 2802817.125900004990399, 818037.00770000112243 ], [ 2802815.453100006096065, 818041.276700001908466 ], [ 2802804.893099998589605, 818068.24649999733083 ], [ 2802796.754699998069555, 818080.779500002041459 ], [ 2802780.022699993569404, 818100.669300003908575 ], [ 2802768.625699998810887, 818109.671900000656024 ], [ 2802757.137100005988032, 818118.744700000155717 ], [ 2802751.687700007576495, 818121.83549999515526 ], [ 2802737.883100000675768, 818128.933900003088638 ], [ 2802679.711499996017665, 818158.845300001790747 ], [ 2802642.613300000317395, 818184.832499996060506 ], [ 2802609.236500005237758, 818216.876500001177192 ], [ 2802584.789899994619191, 818244.529499996686354 ], [ 2802554.450299999676645, 818289.864100001286715 ], [ 2802500.92729999544099, 818369.83629999938421 ], [ 2802497.753899998497218, 818376.488500000210479 ], [ 2802491.310700001195073, 818390.630099999019876 ], [ 2802470.163300001528114, 818436.430299998493865 ], [ 2802428.719700002577156, 818509.651299996534362 ], [ 2802410.587099999189377, 818539.761299998965114 ], [ 2802394.635100001934916, 818584.945099998265505 ], [ 2802388.798500001430511, 818618.057100003119558 ], [ 2802381.417099999263883, 818653.526299999793991 ], [ 2802379.118299998342991, 818672.969299998367205 ], [ 2802375.739300000481308, 818685.427100002299994 ], [ 2802367.836900002788752, 818728.082099996274337 ], [ 2802362.702699996996671, 818764.640899999300018 ], [ 2802362.085100004449487, 818769.59569999598898 ], [ 2802358.114299994427711, 818793.280099999858066 ], [ 2802346.731700006872416, 818859.421700000762939 ], [ 2802342.739100006408989, 818885.908899998525158 ], [ 2802336.525099997874349, 818924.312900003045797 ], [ 2802332.443300001323223, 818942.419300005538389 ], [ 2802330.681299997959286, 818952.691500004846603 ], [ 2802327.454700001049787, 818964.977899997029454 ], [ 2802319.380099993664771, 818984.695499997818843 ], [ 2802275.052900005597621, 819083.358299999963492 ], [ 2802257.245299998670816, 819122.992900003213435 ], [ 2802251.970700005069375, 819133.773100003134459 ], [ 2802243.227100002579391, 819153.935700000962242 ], [ 2802236.160700000356883, 819170.230699996929616 ], [ 2802224.254899998661131, 819197.076699994970113 ], [ 2802207.141500005498528, 819235.665099997539073 ], [ 2802197.688900005072355, 819254.095300004119053 ], [ 2802189.797899997327477, 819264.941900000907481 ], [ 2802174.404499996919185, 819283.740500000771135 ], [ 2802152.105499995872378, 819311.808100000955164 ], [ 2802137.433700002264231, 819328.31929999939166 ], [ 2802117.37070000031963, 819358.612299996893853 ], [ 2802046.997299995273352, 819485.471899997908622 ], [ 2802045.348499996587634, 819488.511299999430776 ], [ 2802024.25559999467805, 819527.926600004779175 ], [ 2802009.925599998794496, 819554.666200002655387 ], [ 2801969.538699997123331, 819625.170100003946573 ], [ 2801937.266699995845556, 819681.507599999662489 ], [ 2801929.153100002091378, 819693.839799999957904 ], [ 2801918.844400007277727, 819709.508600001223385 ], [ 2801846.13560000108555, 819820.024500004714355 ], [ 2801786.355099995620549, 819910.888399997493252 ], [ 2801776.67729999544099, 819925.597799999872223 ], [ 2801775.234299999661744, 819928.150099996710196 ], [ 2801746.733999995980412, 819969.276000003097579 ], [ 2801712.009499995037913, 820016.63969999877736 ], [ 2801701.69530000211671, 820031.16189999692142 ], [ 2801688.673799998592585, 820062.141699998872355 ], [ 2801688.615600000135601, 820062.280099996132776 ], [ 2801674.619599997997284, 820095.577299997210503 ], [ 2801674.510199998971075, 820095.837500001536682 ], [ 2801642.783600005321205, 820171.323499996680766 ], [ 2801625.596199995372444, 820223.264599999180064 ], [ 2801588.712299999315292, 820335.700500001665205 ], [ 2801567.3449, 820399.29710000148043 ], [ 2801551.617900000419468, 820478.066400001291186 ], [ 2801514.816000001505017, 820735.690600004047155 ], [ 2801504.385899994522333, 820808.065000004833564 ], [ 2801504.255900006275624, 820808.966800001682714 ], [ 2801503.943799999542534, 820811.131799999857321 ], [ 2801503.943400005344301, 820811.135299998568371 ], [ 2801503.168599997647107, 820811.213100003777072 ], [ 2801502.0898999995552, 820811.321399997919798 ], [ 2801501.876199996098876, 820811.341499995905906 ], [ 2801501.700499996542931, 820811.357999998843297 ], [ 2801462.464800001587719, 820815.052999996580184 ], [ 2801461.263300006277859, 820815.166099996073171 ], [ 2801451.700099996291101, 820816.066700000315905 ], [ 2801443.720999998040497, 820816.818100003991276 ], [ 2801428.566399996634573, 820818.245200002333149 ], [ 2801331.632499996107072, 820827.373599995626137 ], [ 2801314.34009999781847, 820829.001900001894683 ], [ 2801226.323099996894598, 820837.290300000691786 ], [ 2801174.819700004532933, 820842.140100000193343 ], [ 2801122.414399992674589, 820847.075700002256781 ], [ 2801095.940900000743568, 820849.568000002996996 ], [ 2801069.960900005418807, 820852.015000004554167 ], [ 2801051.667599996551871, 820853.708600002806634 ], [ 2801020.662400000263005, 820856.651199997169897 ], [ 2801004.821999994572252, 820858.147700000088662 ], [ 2800967.565300003625453, 820861.657400005031377 ], [ 2800958.965899994596839, 820862.466600003885105 ], [ 2800902.497900002170354, 820867.783100003143772 ], [ 2800896.318300002254546, 820868.365999997826293 ], [ 2800842.802500005811453, 820873.406200002180412 ], [ 2800830.147200003266335, 820874.664200003724545 ], [ 2800798.922499998472631, 820877.537699999986216 ], [ 2800774.228899998124689, 820879.901700005168095 ], [ 2800756.645599995739758, 820881.518199999816716 ], [ 2800726.376999992877245, 820884.369000002741814 ], [ 2800711.648500001057982, 820885.755700003122911 ], [ 2800676.816200005821884, 820889.036400003358722 ], [ 2800646.970700004138052, 820891.847299999557436 ], [ 2800627.476899999659508, 820893.682899999199435 ], [ 2800570.606000000145286, 820899.038999998243526 ], [ 2800538.256599996704608, 820902.086000002222136 ], [ 2800519.711400005500764, 820870.230700000887737 ], [ 2800513.352800000458956, 820857.343900002771989 ], [ 2800479.057999995071441, 820796.662500003585592 ], [ 2800463.750699994619936, 820774.640700000571087 ], [ 2800441.841099996585399, 820750.031499999342486 ], [ 2800425.314000000245869, 820735.975299999350682 ], [ 2800416.86819999339059, 820729.52000000118278 ], [ 2800403.127499993890524, 820719.76020000455901 ], [ 2800383.604500006884336, 820706.537399996304885 ], [ 2800360.421500000637025, 820693.19400000013411 ], [ 2800343.862800001632422, 820685.692099997773767 ], [ 2800300.838399997446686, 820668.493099995190278 ], [ 2800281.42870000237599, 820664.11389999743551 ], [ 2800250.439500000327826, 820661.481900001410395 ], [ 2800218.994599994737655, 820661.624099995708093 ], [ 2800205.782300000544637, 820662.007000001147389 ], [ 2800188.643500003963709, 820663.550299994181842 ], [ 2800168.997199993114918, 820663.776000002166256 ], [ 2800139.184100001119077, 820665.373000003863126 ], [ 2800087.489299995824695, 820668.097399996127933 ], [ 2800046.481700006406754, 820669.845199994277209 ], [ 2800010.950400000438094, 820672.272200003033504 ], [ 2799977.337100002914667, 820673.791399999521673 ], [ 2799939.284699999727309, 820675.53340000147 ], [ 2799903.443400000687689, 820677.638700001873076 ], [ 2799856.993199999444187, 820679.540100002195686 ], [ 2799698.586799999698997, 820687.070800001267344 ], [ 2799635.191399998962879, 820691.581500004045665 ], [ 2799629.177500002551824, 820716.01799999573268 ], [ 2799628.139000000432134, 820741.344099995680153 ], [ 2799650.849300000350922, 820850.435899999924004 ], [ 2799675.097299998626113, 820981.548799996962771 ], [ 2799695.211800000164658, 821086.73210000153631 ], [ 2799709.2774, 821157.682900002924725 ], [ 2799722.071500003803521, 821233.217700005043298 ], [ 2799734.962799999862909, 821305.560500003164634 ], [ 2799747.144099998753518, 821374.244500000961125 ], [ 2799758.329700004775077, 821435.22219999670051 ], [ 2799771.213500003796071, 821507.969799995888025 ], [ 2799786.284199996385723, 821577.137600001180544 ], [ 2799800.332800002768636, 821642.748599995858967 ], [ 2799812.508699999656528, 821707.945800001267344 ], [ 2799823.796800003852695, 821775.832499999552965 ], [ 2799832.217100002337247, 821832.000699996948242 ], [ 2799849.430800001136959, 821920.812200000043958 ], [ 2799862.709399996325374, 821988.121300000231713 ], [ 2799885.688800000585616, 822098.596400002483279 ], [ 2799908.924400001764297, 822228.662200004328042 ], [ 2799928.50870000012219, 822321.374999999068677 ], [ 2799954.339899998158216, 822459.358700002077967 ], [ 2799975.702299999073148, 822567.419700003461912 ], [ 2799997.412699997425079, 822681.013399997958913 ], [ 2800003.025200003758073, 822720.637600001413375 ], [ 2800016.33609999390319, 822791.756900003179908 ], [ 2800022.74880000250414, 822827.245999996317551 ], [ 2800045.979300000239164, 822937.605099996784702 ], [ 2800052.317799998447299, 822950.899500001920387 ], [ 2800093.346899997908622, 822962.126800003228709 ], [ 2800185.287600003182888, 822972.789599998155609 ], [ 2800216.876400004141033, 822969.874800000805408 ], [ 2800271.349100000225008, 822965.271299998275936 ], [ 2800318.81880000140518, 822961.024700001580641 ], [ 2800364.031099999323487, 822956.765199997462332 ], [ 2800410.3462, 822952.530099996598437 ], [ 2800458.337899996899068, 822948.968999997945502 ], [ 2800473.799799999222159, 822947.900499998126179 ], [ 2800508.696500001009554, 822944.924399998504668 ], [ 2800532.701899994164705, 822942.121299997670576 ], [ 2800561.309199993964285, 822939.925899998284876 ], [ 2800600.177899998612702, 822936.65080000134185 ], [ 2800612.422200000844896, 822935.740999998757616 ], [ 2800652.501900006551296, 822932.307000003056601 ], [ 2800665.07030000211671, 822929.132799999555573 ], [ 2800669.500999998766929, 822928.672799999127164 ], [ 2800675.899800000246614, 822926.871000003069639 ], [ 2800715.067399996798486, 822919.92360000195913 ], [ 2800787.762500006239861, 822908.054600002709776 ], [ 2800793.077299995813519, 822906.977500000968575 ], [ 2800801.946000002324581, 822905.427299998002127 ], [ 2800849.680800000205636, 822897.022199995815754 ], [ 2800871.623500000685453, 822893.108499996364117 ], [ 2800889.281399998348206, 822889.489900000859052 ], [ 2800902.353699999861419, 822887.676199996843934 ], [ 2800911.046699997968972, 822886.535500003956258 ], [ 2800957.240900003816932, 822879.773599997162819 ], [ 2800971.952299996744841, 822877.211100002517924 ], [ 2800975.697199997492135, 822876.388399999821559 ], [ 2800994.761600004509091, 822872.199900005012751 ], [ 2801000.514200000558048, 822871.073100001784042 ], [ 2801023.743199998978525, 822868.072000002255663 ], [ 2801041.925399998668581, 822864.713199998950586 ], [ 2801044.290200002025813, 822864.276299995370209 ], [ 2801052.787600004114211, 822862.960600004298612 ], [ 2801083.714199997019023, 822858.777500002412125 ], [ 2801100.907899994403124, 822856.451900004409254 ], [ 2801118.560399999842048, 822853.629500003531575 ], [ 2801144.748399998992682, 822849.62239999929443 ], [ 2801190.809600000269711, 822840.103999997721985 ], [ 2801203.779200001619756, 822837.106400005752221 ], [ 2801208.905400001443923, 822835.921599997207522 ], [ 2801241.857100004795939, 822830.481500002322719 ], [ 2801253.755900000222027, 822828.162099994951859 ], [ 2801298.642700001597404, 822820.628699995111674 ], [ 2801339.057300003711134, 822814.42440000269562 ], [ 2801392.273199999704957, 822804.5833000021521 ], [ 2801405.949399996548891, 822800.611500000813976 ], [ 2801405.107700000982732, 822824.567700001178309 ], [ 2801399.233299997635186, 822991.774599995464087 ], [ 2801398.647600005846471, 823008.444400003179908 ], [ 2801398.116800006479025, 823023.551500004017726 ], [ 2801397.421800003387034, 823041.550799996126443 ], [ 2801397.145700001623482, 823048.703500000294298 ], [ 2801396.591200000140816, 823063.06209999951534 ], [ 2801393.063000001944602, 823154.437799998791888 ], [ 2801391.902400003746152, 823269.895899998256937 ], [ 2801391.800300000235438, 823280.047000000951812 ], [ 2801391.730400004424155, 823287.001499995822087 ], [ 2801389.630600002128631, 823305.394400000106543 ], [ 2801389.637000003363937, 823306.218300004024059 ], [ 2801390.514099998399615, 823419.937300004065037 ], [ 2801390.670900001656264, 823440.468699998455122 ], [ 2801396.493100004270673, 823535.823199996259063 ], [ 2801397.03379999473691, 823544.678399998927489 ], [ 2801538.6119, 823537.303300001658499 ], [ 2801567.446600000374019, 823535.844199997605756 ], [ 2801598.663500000722706, 823534.924300001934171 ], [ 2801616.058800000697374, 823534.5923999955412 ], [ 2801644.762199997436255, 823533.522700003348291 ], [ 2801679.161600005347282, 823532.419499996816739 ], [ 2801723.17900000186637, 823530.517099996795878 ], [ 2801752.917400001548231, 823529.661699995398521 ], [ 2801782.181499999016523, 823528.685199997620657 ], [ 2801821.267300000879914, 823526.541600003838539 ], [ 2801848.204700004309416, 823525.187300004065037 ], [ 2801857.123800004832447, 823524.714099997887388 ], [ 2801873.752899999264628, 823524.193699998315424 ], [ 2801884.851099998224527, 823523.885800000745803 ], [ 2801889.189399998635054, 823523.689199996413663 ], [ 2801896.364199999719858, 823523.793700002366677 ], [ 2801901.767700002994388, 823523.561199998715892 ], [ 2801911.950800002552569, 823523.217099995119497 ], [ 2801932.59610000345856, 823522.941000001970679 ], [ 2801950.695499999448657, 823522.353199996752664 ], [ 2801968.259400005452335, 823521.667400000849739 ], [ 2801979.540299992542714, 823521.231800003908575 ], [ 2801995.517800007015467, 823519.718099996680394 ], [ 2802005.809100004378706, 823518.486499998020008 ], [ 2802026.333700003102422, 823517.588699999731034 ], [ 2802042.641000001691282, 823516.141399998217821 ], [ 2802061.309299997519702, 823515.137900001369417 ], [ 2802074.278699997346848, 823513.68410000228323 ], [ 2802093.484500000718981, 823511.89659999939613 ], [ 2802104.5921, 823510.186799996299669 ], [ 2802119.368500004522502, 823507.808999997796491 ], [ 2802138.048100003041327, 823506.761599995661527 ], [ 2802148.971900000236928, 823505.959099996369332 ], [ 2802167.840799998957664, 823504.101899999193847 ], [ 2802176.888300000689924, 823502.713999997358769 ], [ 2802201.652900001965463, 823500.428999998839572 ], [ 2802208.546499997843057, 823499.552000000141561 ], [ 2802237.427199998870492, 823494.828199998708442 ], [ 2802243.741300002671778, 823494.019099996425211 ], [ 2802276.083300005178899, 823489.681900001130998 ], [ 2802295.16639999859035, 823487.018899998627603 ], [ 2802311.443699998781085, 823484.720000001601875 ], [ 2802331.828900000546128, 823482.73899999842979 ], [ 2802351.403399995528162, 823481.428400001954287 ], [ 2802379.188699994236231, 823480.383600004250184 ], [ 2802385.132300000172108, 823480.381799997761846 ], [ 2802408.726700001396239, 823480.122600001981482 ], [ 2802420.493600006215274, 823478.915500003146008 ], [ 2802433.288400002289563, 823477.301900002174079 ], [ 2802456.183200005441904, 823474.212200003210455 ], [ 2802474.155100004281849, 823471.214600002625957 ], [ 2802491.32890000520274, 823468.936199998017401 ], [ 2802500.434100005310029, 823467.81240000249818 ], [ 2802524.533499999437481, 823464.541800003964454 ], [ 2802542.384499994572252, 823461.927099999971688 ], [ 2802566.181800005026162, 823457.89099999750033 ], [ 2802588.354200002737343, 823453.793499996187165 ], [ 2802608.054300000891089, 823449.266399995656684 ], [ 2802634.021500002592802, 823446.588500004028901 ], [ 2802645.140600006096065, 823445.441900000907481 ], [ 2802647.904800000134856, 823445.169700001133606 ], [ 2802651.089900003280491, 823444.956699999049306 ], [ 2802658.137999995611608, 823444.322600003797561 ], [ 2802662.714499999303371, 823443.692799996351823 ], [ 2802665.7074000001885, 823443.459399998188019 ], [ 2802765.568800003733486, 823432.910399995511398 ], [ 2802767.883000002708286, 823432.57749999826774 ], [ 2802769.527000004891306, 823432.34099999605678 ], [ 2802792.024300002492964, 823430.109499995596707 ], [ 2802818.750500001944602, 823427.459900000831112 ], [ 2802837.178000007756054, 823425.201600003056228 ], [ 2802856.547199999447912, 823422.759199996478856 ], [ 2802861.471499998122454, 823422.49639999656938 ], [ 2802915.732600004412234, 823416.353700004750863 ], [ 2802950.829300004057586, 823412.702799996361136 ], [ 2802975.76860000519082, 823410.857600003713742 ], [ 2802983.273400001227856, 823409.401499998290092 ], [ 2802988.272699999623001, 823408.945899999933317 ], [ 2803000.240800003055483, 823407.910000002477318 ], [ 2803017.269599995110184, 823406.434099997393787 ], [ 2803028.78760000737384, 823405.477399999275804 ], [ 2803036.671899998094887, 823404.841600002720952 ], [ 2803048.038400003220886, 823403.858700003707781 ], [ 2803067.602300005499274, 823403.344800001708791 ], [ 2803094.643799994140863, 823404.588200003141537 ], [ 2803116.76879999646917, 823403.480200000107288 ], [ 2803132.684700001496822, 823401.916800000239164 ], [ 2803155.062799996696413, 823399.997000003000721 ], [ 2803161.116100000217557, 823400.122500001452863 ], [ 2803188.834300000220537, 823396.909499996341765 ], [ 2803219.888800003100187, 823393.376400004839525 ], [ 2803256.965699999593198, 823388.843299997737631 ], [ 2803308.296699997968972, 823382.963000002317131 ], [ 2803361.85549999633804, 823376.288800000678748 ], [ 2803402.366899996995926, 823371.913699998054653 ], [ 2803439.33690000185743, 823365.731699995696545 ], [ 2803624.90059999935329, 823346.539799999445677 ], [ 2803636.015099999494851, 823347.040500004542992 ], [ 2803641.53270000172779, 823347.289099998772144 ], [ 2803672.748499997425824, 823346.672499997075647 ], [ 2803807.174500003457069, 823333.484099997673184 ], [ 2803811.974699998274446, 823333.009600002551451 ], [ 2803846.795800004620105, 823329.57010000012815 ], [ 2803890.446099997032434, 823325.313900001812726 ], [ 2803933.059600006323308, 823321.199300001375377 ], [ 2803969.459899995941669, 823317.091300003696233 ], [ 2804006.545299998018891, 823313.302100003231317 ], [ 2804040.800499995239079, 823310.299100000876933 ], [ 2804068.855899997986853, 823308.107099995017052 ], [ 2804106.30910000577569, 823305.611600002273917 ], [ 2804144.382200003135949, 823303.338700004620478 ], [ 2804177.336000001989305, 823302.622700000181794 ], [ 2804204.143600001465529, 823291.443999995244667 ], [ 2804213.106700004078448, 823287.706300002522767 ], [ 2804223.213799996301532, 823305.062300000805408 ], [ 2804252.118600002489984, 823354.6975 ], [ 2804271.2841000049375, 823387.610499997856095 ], [ 2804290.628999998327345, 823420.829700000816956 ], [ 2804296.206700001377612, 823430.407500002067536 ], [ 2804307.802699994295835, 823450.32069999887608 ], [ 2804323.560999997891486, 823477.3828999993857 ], [ 2804344.16610000282526, 823512.765100001124665 ], [ 2804388.911399994045496, 823589.603599998867139 ], [ 2804427.112800004892051, 823655.205299998400733 ], [ 2804456.368600007146597, 823705.448699998669326 ], [ 2804466.484300001524389, 823722.816999999806285 ], [ 2804483.327200004830956, 823749.159399999072775 ], [ 2804486.175499999895692, 823755.981300001498312 ], [ 2804490.257600002922118, 823765.757899999152869 ], [ 2804491.502400007564574, 823768.739400000544265 ], [ 2804492.718800001312047, 823772.703599999193102 ], [ 2804496.561700001358986, 823785.229099998017773 ], [ 2804498.845700000412762, 823789.082500003278255 ], [ 2804550.13719999557361, 823875.615600001998246 ], [ 2804558.159900000784546, 823890.978500005090609 ], [ 2804592.891100001521409, 823951.352100003277883 ], [ 2804627.013499995227903, 824010.623699996387586 ], [ 2804666.521300002466887, 824081.129900003783405 ], [ 2804689.617100003175437, 824120.594700000248849 ], [ 2804709.893200004007667, 824155.266099997563288 ], [ 2804729.136599999386817, 824187.339800002286211 ], [ 2804736.264799994416535, 824199.220200001029298 ], [ 2804745.331299997866154, 824214.864899996900931 ], [ 2804762.664300004951656, 824245.514300000853837 ], [ 2804798.097400000318885, 824306.058100000722334 ], [ 2804817.227799992542714, 824337.736500001046807 ], [ 2804834.933199999853969, 824367.681400005007163 ], [ 2804852.833700003102422, 824399.81300000124611 ], [ 2804872.168700005393475, 824433.690400004852563 ], [ 2804886.294099999591708, 824458.411300002597272 ], [ 2804905.95520000346005, 824492.274399995571002 ], [ 2804919.745300006587058, 824490.081300002289936 ], [ 2804925.854000002145767, 824489.109800002537668 ], [ 2804964.647100002504885, 824482.940299995709211 ], [ 2805004.838100001215935, 824478.241899997694418 ], [ 2805043.49009999493137, 824473.220800000242889 ], [ 2805081.878600004594773, 824467.982500000856817 ], [ 2805109.491899995598942, 824464.34379999851808 ], [ 2805119.640100004617125, 824462.399299999698997 ], [ 2805131.132200004998595, 824461.608199999667704 ], [ 2805140.3051, 824461.159899996593595 ], [ 2805144.694199997466058, 824471.706199998734519 ], [ 2805160.740000003017485, 824466.593800001079217 ], [ 2805315.372699996456504, 824422.004100002814084 ], [ 2805349.665200004354119, 824401.150899994652718 ], [ 2805354.75800000410527, 824451.273100001970306 ], [ 2805367.935000004246831, 824529.564399999100715 ], [ 2805373.511299995705485, 824565.538599997526035 ], [ 2805375.239699997007847, 824578.378099996829405 ], [ 2805382.312600005418062, 824621.799499998101965 ], [ 2805390.363899996969849, 824669.703200000105426 ], [ 2805400.650599999818951, 824735.697500003501773 ], [ 2805401.96289999736473, 824744.114800003124401 ], [ 2805421.430200002621859, 824739.115899999625981 ], [ 2805440.897100004833192, 824734.11699999589473 ], [ 2805447.847399999387562, 824729.105900003807619 ], [ 2805487.496199999470264, 824709.878699995810166 ], [ 2805494.742700003087521, 824706.679900004761294 ], [ 2805530.821899998467416, 824686.912199998972937 ], [ 2805568.898899998050183, 824665.966299996478483 ], [ 2805575.736199998762459, 824662.288899997714907 ], [ 2805603.530099999625236, 824647.193899997975677 ], [ 2805624.59830000018701, 824636.83629999961704 ], [ 2805639.209299999289215, 824630.568000003928319 ], [ 2805675.924900005105883, 824611.31590000144206 ], [ 2805682.3808, 824608.415700004203245 ], [ 2805715.82989999325946, 824589.616099996026605 ], [ 2805730.540299995336682, 824582.590300002368167 ], [ 2805753.875699993688613, 824570.38129999442026 ], [ 2805779.733899999875575, 824557.912300001364201 ], [ 2805787.770499994978309, 824553.685199997853488 ], [ 2805833.500100005418062, 824527.703699994366616 ], [ 2805892.141600001603365, 824497.421100005507469 ], [ 2805894.825000000186265, 824495.7027000002563 ], [ 2805947.962800001725554, 824468.600499996682629 ], [ 2805953.087899996433407, 824465.66769999708049 ], [ 2806001.428400005679578, 824442.171999996993691 ], [ 2806054.565900000277907, 824413.243999997153878 ], [ 2806117.142299998551607, 824380.083700002869591 ], [ 2806170.469800003338605, 824354.287799998885021 ], [ 2806217.0855000060983, 824331.41110000316985 ], [ 2806261.995299999136478, 824308.71390000381507 ], [ 2806373.332500002346933, 824247.7901999973692 ], [ 2806408.031800001859665, 824230.140999997965991 ], [ 2806408.274800001643598, 824230.017400002339855 ], [ 2806427.628399993758649, 824220.173399999272078 ], [ 2806450.08380000339821, 824209.135699995793402 ], [ 2806450.644100001081824, 824208.860300004249439 ], [ 2806471.986400004010648, 824198.369700001552701 ], [ 2806516.597000007051975, 824175.011399999028072 ], [ 2806566.895799999590963, 824147.756100001744926 ], [ 2806618.671499996911734, 824123.281299999216571 ], [ 2806660.81369999377057, 824100.887499999022111 ], [ 2806702.28330000070855, 824081.157400002703071 ], [ 2806740.185900007374585, 824061.526799996616319 ], [ 2806788.438500000629574, 824033.842899999814108 ], [ 2806809.166599995922297, 824022.669599996414036 ], [ 2806839.072300003841519, 824006.490499997278675 ], [ 2806891.451700003817677, 823980.058200000785291 ], [ 2806941.358900001272559, 823953.975199999054894 ], [ 2806996.67149999551475, 823925.524299998767674 ], [ 2807139.616799999494106, 823852.180300001055002 ], [ 2807231.855700004380196, 823803.78029999579303 ], [ 2807251.381900000851601, 823794.26170000131242 ], [ 2807270.908299998845905, 823784.743099998217076 ], [ 2807292.57709999801591, 823781.896399999037385 ], [ 2807292.819399996194988, 823781.864599994849414 ], [ 2807326.600799999665469, 823777.426699999021366 ], [ 2807356.656400000210851, 823772.243599998764694 ], [ 2807357.151199995074421, 823772.158300005132332 ], [ 2807357.356200000271201, 823772.123000002000481 ], [ 2807414.688000002875924, 823762.23610000195913 ], [ 2807506.29299999633804, 823746.047100002877414 ], [ 2807555.343900006730109, 823739.269099996658042 ], [ 2807587.758500006049871, 823733.605000003706664 ], [ 2807598.568499993067235, 823731.716099998913705 ], [ 2807688.590699999127537, 823717.485300004016608 ], [ 2807779.602700005285442, 823702.350099999457598 ], [ 2807830.722499999217689, 823694.829399996902794 ], [ 2807850.845699999015778, 823691.86889999685809 ], [ 2807851.218399997800589, 823733.894499995512888 ], [ 2807851.228700000792742, 823735.060699996771291 ], [ 2807851.346700001973659, 823748.371799997752532 ], [ 2807851.380999996792525, 823752.241800002288073 ], [ 2807854.255400005262345, 823772.365400005597621 ], [ 2807855.446000000927597, 823790.268199997488409 ], [ 2807855.642700002063066, 823793.223100003087893 ], [ 2807855.680100000929087, 823793.787500004516914 ], [ 2807858.338999999221414, 823813.174999996554106 ], [ 2807858.34210000326857, 823813.197999997064471 ], [ 2807858.40999999968335, 823813.694099998334423 ], [ 2807868.255599998869002, 823885.484499999554828 ], [ 2807880.250100005418062, 823986.456700003705919 ], [ 2807887.796500000637025, 824038.535099998582155 ], [ 2807893.064400003291667, 824076.555399999488145 ], [ 2807895.018600000534207, 824086.817699998850003 ], [ 2807903.9746999964118, 824150.771200004732236 ], [ 2807907.878700006753206, 824185.296900000423193 ], [ 2807911.560200000181794, 824216.266399999149144 ], [ 2807923.007200003135949, 824289.129599996842444 ], [ 2807927.8056, 824323.112699999241158 ], [ 2807932.680100001394749, 824365.773799996357411 ], [ 2807933.379100003279746, 824371.890799995744601 ], [ 2807933.524099994450808, 824373.160500003490597 ], [ 2807938.487000002525747, 824416.595399999758229 ], [ 2807940.852799996268004, 824437.300000003539026 ], [ 2807940.885300002060831, 824437.583900001132861 ], [ 2807944.980300004594028, 824473.422600004589185 ], [ 2807952.947499994654208, 824513.128800004953519 ], [ 2807957.03310000570491, 824542.754099996294826 ], [ 2807957.0337999984622, 824542.759199999738485 ], [ 2807963.457900006324053, 824589.342099998611957 ], [ 2807969.458299998659641, 824646.2826000044588 ], [ 2807972.827099998481572, 824665.974600000539795 ], [ 2807977.193400006275624, 824695.458699997514486 ], [ 2807979.611599993426353, 824721.352399999275804 ], [ 2807985.662599999457598, 824765.29290000256151 ], [ 2807996.452799995429814, 824847.357500002253801 ], [ 2808000.596900003030896, 824872.2509999955073 ], [ 2808003.342499997932464, 824885.339200003072619 ], [ 2808010.081100006122142, 824928.69649999588728 ], [ 2808020.432899999432266, 824983.336999999824911 ], [ 2808019.889200001489371, 825014.498900002567098 ], [ 2808020.305200000293553, 825021.066500002285466 ], [ 2808023.778800004161894, 825075.900299995904788 ], [ 2808033.187600004952401, 825143.779600002337247 ], [ 2808037.441699998918921, 825189.19230000115931 ], [ 2808046.818099998869002, 825302.614800003124401 ], [ 2808052.033100000116974, 825376.024699998088181 ], [ 2808053.719300006516278, 825399.762100000400096 ], [ 2808054.825800001155585, 825415.337400000309572 ], [ 2808055.319999999832362, 825422.295499999076128 ], [ 2808055.120700003113598, 825429.967699999688193 ], [ 2808055.821000002790242, 825435.977700002724305 ], [ 2808057.55899999756366, 825450.895000003743917 ], [ 2808058.243300002533942, 825456.769200004870072 ], [ 2808059.229900002013892, 825465.23580000246875 ], [ 2808071.086800000630319, 825594.00829999987036 ], [ 2808072.762199995107949, 825613.85420000506565 ], [ 2808075.794599998742342, 825649.818899998208508 ], [ 2808080.043700003065169, 825700.092200000071898 ], [ 2808080.044099997729063, 825700.097800003131852 ], [ 2808094.132199998479337, 825698.59719999646768 ] ] ] ] } },
{ "type": "Feature", "properties": { "CVEGEO": "09008", "CVE_ENT": "09", "CVE_MUN": "008", "NOMGEO": "La Magdalena Contreras" }, "geometry": { "type": "MultiPolygon", "coordinates": [ [ [ [ 2792551.368900004308671, 818448.864100002218038 ], [ 2792586.991700003389269, 818443.195099998731166 ], [ 2792559.521000001579523, 818395.292299999855459 ], [ 2792556.977700001560152, 818390.857299997704104 ], [ 2792518.20490000071004, 818323.066699996124953 ], [ 2792478.172899996861815, 818251.734100003028288 ], [ 2792469.522900000680238, 818238.352099998155609 ], [ 2792504.563299996312708, 818252.124100002460182 ], [ 2792529.556499999016523, 818261.947900002356619 ], [ 2792556.207099994178861, 818272.618700003251433 ], [ 2792632.57410000404343, 818304.186099999817088 ], [ 2792668.17910000262782, 818277.603499997872859 ], [ 2792680.128899997100234, 818269.159499997505918 ], [ 2792667.117899998556823, 818256.763500004541129 ], [ 2792653.194299999624491, 818243.547099997522309 ], [ 2792598.031700003892183, 818189.555700001074001 ], [ 2792544.994900001212955, 818141.073300004703924 ], [ 2792521.070500005036592, 818115.144299999810755 ], [ 2792496.664300000760704, 818083.883300001267344 ], [ 2792477.459100002422929, 818056.617499999003485 ], [ 2792446.932899999432266, 818009.570699997711927 ], [ 2792427.419699998572469, 817978.842099994421005 ], [ 2792402.469699999317527, 817939.145300003001466 ], [ 2792380.510300003457814, 817895.915299997432157 ], [ 2792336.771899993997067, 817797.908300002338365 ], [ 2792315.268700001761317, 817749.725099995965138 ], [ 2792311.173699999693781, 817740.46610000054352 ], [ 2792296.221299997530878, 817706.665300000691786 ], [ 2792293.406099995598197, 817700.30089999944903 ], [ 2792288.325499993283302, 817689.390900004422292 ], [ 2792272.769099998753518, 817655.972700003301725 ], [ 2792158.548299998044968, 817399.523100001970306 ], [ 2792127.013700005132705, 817332.043699995148927 ], [ 2792090.9399000024423, 817265.830699998885393 ], [ 2792068.456300001591444, 817230.970700002973899 ], [ 2792058.703900005668402, 817216.87949999817647 ], [ 2791974.066299997270107, 817118.185900000389665 ], [ 2791897.773900000378489, 817050.830899995751679 ], [ 2791733.455499996896833, 816925.12749999971129 ], [ 2791566.004100003745407, 816799.447700000135228 ], [ 2791462.483100001700222, 816721.645100003574044 ], [ 2791411.408899996429682, 816682.76529999752529 ], [ 2791385.341899997554719, 816662.922100001713261 ], [ 2791308.067500004544854, 816605.093300003092736 ], [ 2791277.649099996313453, 816580.253500001039356 ], [ 2791267.747100005391985, 816572.167500002775341 ], [ 2791265.58620000211522, 816570.403099996503443 ], [ 2791260.523100002668798, 816565.441300002392381 ], [ 2791260.329099993687123, 816565.250099999597296 ], [ 2791255.153099996503443, 816560.176899998215958 ], [ 2791252.213299999479204, 816557.255900001386181 ], [ 2791240.156499999575317, 816545.27689999807626 ], [ 2791221.35189999314025, 816521.679100003326312 ], [ 2791207.90250000031665, 816499.091699997661635 ], [ 2791196.442500002216548, 816479.429900001036003 ], [ 2791187.821899998933077, 816460.083700001006946 ], [ 2791180.060500002466142, 816439.300099999643862 ], [ 2791170.344100002665073, 816409.868900004541501 ], [ 2791164.917099999263883, 816371.870299997506663 ], [ 2791163.694900000467896, 816335.249299997696653 ], [ 2791165.082100001163781, 816304.71509999781847 ], [ 2791168.109300004784018, 816285.338499996578321 ], [ 2791171.489899998996407, 816263.696300001814961 ], [ 2791177.821699997875839, 816236.87049999833107 ], [ 2791183.891300002112985, 816210.98889999743551 ], [ 2791186.689499992411584, 816199.057100005215034 ], [ 2791194.539499997161329, 816162.428500002948567 ], [ 2791197.633699994534254, 816147.980699999025092 ], [ 2791202.260100001003593, 816124.523500002454966 ], [ 2791211.570700000505894, 816075.269299997249618 ], [ 2791215.719700000714511, 816052.42870000237599 ], [ 2791223.723500000778586, 816012.034899999853224 ], [ 2791223.930100001394749, 816010.878899996634573 ], [ 2791225.167300003580749, 816003.956500004045665 ], [ 2791238.908300001639873, 815930.879100003046915 ], [ 2791243.160899995826185, 815908.164100003195927 ], [ 2791249.149499994236976, 815877.649299999698997 ], [ 2791251.75050000147894, 815864.374300000024959 ], [ 2791260.5345000019297, 815821.589699994772673 ], [ 2791276.376300001982599, 815757.492699996801093 ], [ 2791288.129299999214709, 815722.051499998895451 ], [ 2791300.16089999768883, 815688.087499994784594 ], [ 2791320.039099998306483, 815643.213699997402728 ], [ 2791341.507700006943196, 815598.339699998497963 ], [ 2791286.270300004631281, 815493.378699999535456 ], [ 2791276.990700002759695, 815482.918699999572709 ], [ 2791266.864699996076524, 815473.619100004900247 ], [ 2791261.950700000394136, 815471.613699998240918 ], [ 2791234.442300001624972, 815465.427499995799735 ], [ 2791199.293300005141646, 815462.806499995756894 ], [ 2791153.943899998907, 815459.379699999466538 ], [ 2791022.287699998356402, 815447.208300000522286 ], [ 2790924.928100000601262, 815439.332499998388812 ], [ 2790912.041300002951175, 815435.094899998512119 ], [ 2790852.290900000371039, 815419.387499997159466 ], [ 2790820.312500003259629, 815404.31830000388436 ], [ 2790812.057600000873208, 815375.226599999936298 ], [ 2790796.812900000717491, 815333.142499996116385 ], [ 2790617.133900000713766, 815185.253600001567975 ], [ 2790583.342200003098696, 815157.943900002865121 ], [ 2790563.157600004225969, 815137.472300002584234 ], [ 2790544.900700003374368, 815118.957800001837313 ], [ 2790533.696500007994473, 815102.492200000910088 ], [ 2790531.54230000404641, 815087.961300004273653 ], [ 2790535.332800002302974, 815068.826500001596287 ], [ 2790542.917400002945215, 815043.531300002709031 ], [ 2790548.9778, 815023.069100002525374 ], [ 2790542.052899999544024, 815008.486899999668822 ], [ 2790540.476600001100451, 815005.168399997521192 ], [ 2790533.244499995838851, 814997.473199996631593 ], [ 2790518.187799997627735, 814985.460899998201057 ], [ 2790504.384999997448176, 814979.355499999830499 ], [ 2790494.409999997820705, 814974.943200000096112 ], [ 2790437.722000006120652, 814949.868299998808652 ], [ 2790408.265300002880394, 814942.12790000368841 ], [ 2790365.025800000410527, 814940.746999999275431 ], [ 2790345.637400005478412, 814929.659299996448681 ], [ 2790319.176899999380112, 814907.583899998804554 ], [ 2790306.594500000122935, 814888.151500001782551 ], [ 2790282.215000005438924, 814871.262599997688085 ], [ 2790257.113700001500547, 814860.216899997321889 ], [ 2790235.078000000212342, 814850.219899996882305 ], [ 2790204.376199994236231, 814837.6210000035353 ], [ 2790174.951400000136346, 814823.380599998403341 ], [ 2790123.623600002378225, 814795.201099999947473 ], [ 2790101.676099997013807, 814777.048899998189881 ], [ 2790099.511500002350658, 814749.99389999685809 ], [ 2790094.900500002317131, 814692.359000001568347 ], [ 2790089.729099999647588, 814648.599500003270805 ], [ 2790089.722699998412281, 814648.596300002653152 ], [ 2790068.329299999866635, 814638.000900004524738 ], [ 2790060.713699992746115, 814548.858500003349036 ], [ 2790038.658499998506159, 814550.388099999632686 ], [ 2790029.431500000413507, 814492.914500005776063 ], [ 2789996.507700007874519, 814418.149300002492964 ], [ 2790075.314499994274229, 814381.952700002118945 ], [ 2790057.979300003964454, 814365.835900004953146 ], [ 2790020.228899996727705, 814334.479300000471994 ], [ 2790002.157700000796467, 814320.329300001263618 ], [ 2789968.338699996937066, 814304.594499997561797 ], [ 2789954.276299997698516, 814307.598099996102974 ], [ 2789959.18749999627471, 814243.158700004452839 ], [ 2789958.578500005882233, 814226.153500000247732 ], [ 2789975.186899997293949, 814228.389499998884276 ], [ 2789990.610299996100366, 814229.007300002034754 ], [ 2790017.728500002529472, 814215.678499997127801 ], [ 2790028.244499999564141, 814206.701699997996911 ], [ 2790026.765900002326816, 814196.733899997547269 ], [ 2790019.68729999428615, 814187.67610000143759 ], [ 2790014.458700001705438, 814172.654300003079697 ], [ 2790016.430900001432747, 814158.629300002474338 ], [ 2790018.636900002136827, 814143.828099999809638 ], [ 2790021.830300000496209, 814129.208299996796995 ], [ 2790026.809500000905246, 814114.502700000070035 ], [ 2790028.903699999675155, 814100.126700003398582 ], [ 2790029.258500001393259, 814082.934699998237193 ], [ 2790029.372100000735372, 814077.479300001868978 ], [ 2790029.439900000579655, 814074.187099997187033 ], [ 2790029.808300002478063, 814056.342899997951463 ], [ 2790033.557700001634657, 814040.672700002556667 ], [ 2790045.21969999698922, 814013.109499999089167 ], [ 2790052.099499999545515, 813999.819499995792285 ], [ 2790056.338899997062981, 813984.992499995511025 ], [ 2790055.438899997621775, 813969.378299997420982 ], [ 2790041.608300000429153, 813943.084100000094622 ], [ 2789985.100299996323884, 813853.623499998124316 ], [ 2789973.315300001762807, 813841.913300001062453 ], [ 2789957.183899995870888, 813827.108500003349036 ], [ 2789938.764899995643646, 813815.396099996753037 ], [ 2789918.338900001719594, 813803.768899996066466 ], [ 2789902.046700003091246, 813792.951099995756522 ], [ 2789891.833899994846433, 813782.012100002262741 ], [ 2789881.706500002648681, 813770.995299994945526 ], [ 2789861.634100000374019, 813745.756699998630211 ], [ 2789854.848899994976819, 813739.732099995482713 ], [ 2789846.249899997841567, 813736.876699997810647 ], [ 2789837.00270000519231, 813735.449700004886836 ], [ 2789829.632099997717887, 813733.032900003017858 ], [ 2789822.102100000251085, 813728.347700001904741 ], [ 2789807.914700001943856, 813705.891300001414493 ], [ 2789785.58050000295043, 813690.345299997832626 ], [ 2789770.593900002539158, 813681.019099998753518 ], [ 2789757.637900001369417, 813673.52970000077039 ], [ 2789749.033500003162771, 813660.994300001999363 ], [ 2789738.890099999029189, 813660.326099996222183 ], [ 2789727.751100007910281, 813671.641699998872355 ], [ 2789714.095299998298287, 813676.585499999579042 ], [ 2789696.435099994298071, 813676.78830000362359 ], [ 2789683.483300002291799, 813672.134500003186986 ], [ 2789677.3213000013493, 813659.6649000053294 ], [ 2789679.090100000612438, 813649.039900003699586 ], [ 2789692.08089999621734, 813641.612299998989329 ], [ 2789703.051299999468029, 813629.687300002435222 ], [ 2789708.340099998284131, 813619.306699994951487 ], [ 2789705.34849999519065, 813606.119900000281632 ], [ 2789698.342299999669194, 813600.460900001926348 ], [ 2789683.065900000277907, 813597.569700001273304 ], [ 2789655.338500001933426, 813595.357099997578189 ], [ 2789640.020499994978309, 813589.658299997914582 ], [ 2789619.586100000422448, 813592.69929999508895 ], [ 2789596.970700005069375, 813583.129299998050556 ], [ 2789583.1371, 813577.495500001125038 ], [ 2789567.933900002390146, 813576.125100001925603 ], [ 2789540.421699997968972, 813582.057500001275912 ], [ 2789523.887299997266382, 813583.94489999813959 ], [ 2789509.96510000154376, 813588.19370000436902 ], [ 2789496.010300003457814, 813593.52510000183247 ], [ 2789488.898500005714595, 813596.132899996126071 ], [ 2789487.037699996028095, 813597.108499999623746 ], [ 2789484.281099996063858, 813598.658500000601634 ], [ 2789482.242900002747774, 813599.802900002803653 ], [ 2789426.189499997533858, 813620.801300003891811 ], [ 2789418.949700002092868, 813622.322499999776483 ], [ 2789412.24089999916032, 813621.743900001747534 ], [ 2789340.518299997784197, 813597.470299998531118 ], [ 2789312.451100000645965, 813584.697500003268942 ], [ 2789298.640100001823157, 813577.49770000227727 ], [ 2789276.972100000828505, 813566.031699997605756 ], [ 2789260.867099997587502, 813556.016500002006069 ], [ 2789259.145299998577684, 813554.945500003173947 ], [ 2789253.082099995575845, 813552.299899997888133 ], [ 2789247.018900001421571, 813549.654300001682714 ], [ 2789237.546700002159923, 813546.778900002362207 ], [ 2789226.778900001663715, 813551.747900004498661 ], [ 2789217.355700002517551, 813555.967700003879145 ], [ 2789209.767699999734759, 813560.654299999121577 ], [ 2789205.046899997163564, 813562.667899996042252 ], [ 2789195.535099998582155, 813561.682100003119558 ], [ 2789189.748900000471622, 813559.141699996776879 ], [ 2789177.584299997426569, 813549.576899999752641 ], [ 2789162.907699998933822, 813546.666700006229803 ], [ 2789148.168299998622388, 813544.071100000524893 ], [ 2789131.680299993604422, 813541.202300004195422 ], [ 2789122.024899997748435, 813531.441700000548735 ], [ 2789119.426899998448789, 813516.041100000729784 ], [ 2789115.960900005418807, 813501.48509999900125 ], [ 2789108.56969999987632, 813488.472300002584234 ], [ 2789091.814700003713369, 813463.67269999650307 ], [ 2789077.273699996527284, 813443.618099994724616 ], [ 2789116.845299996435642, 813413.374500000383705 ], [ 2789043.130500002764165, 813416.470300002489239 ], [ 2789036.434300000779331, 813410.967899996554479 ], [ 2789011.145900006406009, 813369.349700003163889 ], [ 2789001.241100000683218, 813345.948500003898516 ], [ 2788984.043899995740503, 813301.212299997219816 ], [ 2788978.136699997354299, 813279.762699999613687 ], [ 2788968.214500003494322, 813253.066299996804446 ], [ 2788988.935899999458343, 813113.685099998954684 ], [ 2788994.822899993974715, 813056.094500003615394 ], [ 2788997.262100000400096, 813024.269700000062585 ], [ 2789002.211300002411008, 813015.014099998166785 ], [ 2789025.818300004582852, 813012.716499998932704 ], [ 2789038.140100005082786, 813011.193499996792525 ], [ 2789049.1801000055857, 813004.682900002691895 ], [ 2789069.138100001960993, 812988.132700000889599 ], [ 2789088.701300002634525, 812975.317899994319305 ], [ 2789100.077499997802079, 812966.604299998376518 ], [ 2789124.063899997621775, 812943.60750000551343 ], [ 2789131.721299996599555, 812934.39629999990575 ], [ 2789151.042699998244643, 812911.16169999842532 ], [ 2789176.67189999949187, 812885.563100000610575 ], [ 2789183.309900003485382, 812876.538699995726347 ], [ 2789183.344899999443442, 812868.817499995464459 ], [ 2789183.525500000920147, 812829.048899996792898 ], [ 2789188.770700001623482, 812816.891899996204302 ], [ 2789204.286700007040054, 812801.827499999431893 ], [ 2789207.367100002244115, 812785.91110000340268 ], [ 2789207.199299994390458, 812766.890500005101785 ], [ 2789193.271100000943989, 812747.71090000262484 ], [ 2789188.083099998999387, 812744.358299998799339 ], [ 2789173.134499993640929, 812738.097500000381842 ], [ 2789168.18590000551194, 812734.727299997583032 ], [ 2789159.182700003497303, 812728.595300003420562 ], [ 2789134.105899999383837, 812705.515699998475611 ], [ 2789125.011099999304861, 812689.481099999742582 ], [ 2789116.11670000012964, 812664.003300000214949 ], [ 2789112.272500001825392, 812646.219099997077137 ], [ 2789102.981700002215803, 812620.472100005252287 ], [ 2789094.18249999685213, 812600.618500001030043 ], [ 2789092.147699997294694, 812596.028099998831749 ], [ 2789082.596299998927861, 812579.628099997062236 ], [ 2789053.363699998706579, 812529.428699998417869 ], [ 2789048.181699994485825, 812520.529899997403845 ], [ 2789018.947700000368059, 812470.328499999595806 ], [ 2789016.415500001516193, 812469.529100004350767 ], [ 2788998.603699994273484, 812463.902100003091618 ], [ 2788991.050499994773418, 812454.813500002259389 ], [ 2788986.74910000199452, 812447.645499996840954 ], [ 2788992.15209999633953, 812426.030000003054738 ], [ 2788999.457, 812406.761000003200024 ], [ 2789027.166599997784942, 812384.27919999952428 ], [ 2789054.876199996098876, 812361.798599997535348 ], [ 2789079.233499996829778, 812358.208299998659641 ], [ 2789088.3594, 812353.565300001529977 ], [ 2789093.946099999826401, 812340.231100003933534 ], [ 2789095.071000000461936, 812324.86439999518916 ], [ 2789088.419500001240522, 812312.934400000376627 ], [ 2789075.356500003486872, 812304.011300001293421 ], [ 2789009.342799995094538, 812268.797599999932572 ], [ 2788994.865700003225356, 812263.348600004566833 ], [ 2788975.573299999348819, 812256.08790000458248 ], [ 2788962.841799996327609, 812251.295199998188764 ], [ 2788953.886900001671165, 812247.924499995540828 ], [ 2788951.916100005153567, 812246.606900001643226 ], [ 2788950.694899997673929, 812245.7905000038445 ], [ 2788940.689699998125434, 812239.101500000571832 ], [ 2788930.246900002472103, 812231.410299998242408 ], [ 2788921.968099996913224, 812217.368899999884889 ], [ 2788920.540299997199327, 812204.736700002802536 ], [ 2788926.43929999647662, 812190.983900002203882 ], [ 2788935.858900000341237, 812179.35670000128448 ], [ 2788944.744300002697855, 812167.313700003549457 ], [ 2788955.811800002120435, 812148.875299998326227 ], [ 2788956.988899994175881, 812140.005300002638251 ], [ 2788956.611699997447431, 812125.045899994205683 ], [ 2788951.985299999359995, 812108.832099996972829 ], [ 2788941.8925, 812099.023300000466406 ], [ 2788931.243100003805012, 812088.508100001141429 ], [ 2788920.657700002193451, 812077.930300001986325 ], [ 2788910.071300000883639, 812067.351099999621511 ], [ 2788899.469899995718151, 812056.790500004542992 ], [ 2788889.142900000791997, 812045.959299996728078 ], [ 2788880.171899997629225, 812033.982500003185123 ], [ 2788868.263500000350177, 812024.918499998748302 ], [ 2788854.836900006048381, 812018.309500001836568 ], [ 2788841.027099999599159, 812015.054099999601021 ], [ 2788824.895500001031905, 812010.084700002800673 ], [ 2788791.358200002461672, 812002.000599998515099 ], [ 2788789.218000002205372, 811994.59709999919869 ], [ 2788791.899699999485165, 811974.361299999756739 ], [ 2788799.629300000146031, 811936.255800001556054 ], [ 2788802.072899999562651, 811924.195700004696846 ], [ 2788804.414299998898059, 811912.639699997380376 ], [ 2788806.092499999329448, 811900.879700002726167 ], [ 2788805.524700004607439, 811890.70409999997355 ], [ 2788804.440099996514618, 811884.121499996865168 ], [ 2788798.564700002782047, 811863.15029999660328 ], [ 2788783.481299994979054, 811813.549699999159202 ], [ 2788772.429299999028444, 811768.691700003109872 ], [ 2788760.483000002801418, 811720.203400005120784 ], [ 2788751.445400001481175, 811662.980000001611188 ], [ 2788750.413199995178729, 811650.831199999898672 ], [ 2788751.819200004916638, 811631.840500002959743 ], [ 2788760.331699998117983, 811612.638500005239621 ], [ 2788769.481200006324798, 811598.759699997259304 ], [ 2788802.360100002959371, 811568.518499996745959 ], [ 2788815.2051, 811581.462900005746633 ], [ 2788831.207999999634922, 811574.601200001779944 ], [ 2788847.527800002600998, 811569.914099997607991 ], [ 2788873.732799995224923, 811556.83009999897331 ], [ 2788884.183500000275671, 811548.794000003719702 ], [ 2788898.3706, 811534.179499996826053 ], [ 2788914.044200006872416, 811541.349599998211488 ], [ 2788953.287300002295524, 811509.56270000198856 ], [ 2788952.8813, 811490.920300000114366 ], [ 2788951.788700003642589, 811478.759199996013194 ], [ 2788949.761999997776002, 811470.737299997359514 ], [ 2788946.554499999154359, 811456.671800002455711 ], [ 2788937.279600006062537, 811428.296999997459352 ], [ 2788926.785999995656312, 811402.059700000565499 ], [ 2788914.010300006717443, 811368.21610000054352 ], [ 2788907.429899995680898, 811355.174499998800457 ], [ 2788895.038299995940179, 811339.85700000054203 ], [ 2788884.418599999509752, 811320.50269999797456 ], [ 2788870.983299998100847, 811287.585000000195578 ], [ 2788858.835500004701316, 811245.168799996841699 ], [ 2788838.112999995239079, 811204.054200002225116 ], [ 2788846.821899999864399, 811199.204299997305498 ], [ 2788850.185700001660734, 811182.937500001629815 ], [ 2788871.46870000148192, 811155.324400003999472 ], [ 2788894.969300003256649, 811142.349900000728667 ], [ 2788907.430299999192357, 811118.116700004087761 ], [ 2788922.930300001520663, 811082.722100003156811 ], [ 2788928.925300001632422, 811066.165900003397837 ], [ 2788933.731700004544109, 811047.080300002126023 ], [ 2788939.645499996840954, 811016.690699998987839 ], [ 2788942.30009999871254, 810996.907900002552196 ], [ 2788944.246299998369068, 810982.282499996013939 ], [ 2788944.171099997591227, 810962.355300004361197 ], [ 2788949.781499999575317, 810928.712700001662597 ], [ 2788949.662900002207607, 810915.302899999776855 ], [ 2788949.996699993498623, 810914.372099995845929 ], [ 2788957.343399997800589, 810893.885500001022592 ], [ 2788961.235100005287677, 810883.03330000070855 ], [ 2788963.445200000889599, 810870.398299997672439 ], [ 2788964.769199996255338, 810862.828999998513609 ], [ 2788962.520099996589124, 810851.432899998500943 ], [ 2788951.65110000455752, 810830.954000002704561 ], [ 2788936.827199999708682, 810813.851799998665228 ], [ 2788924.190700005739927, 810804.437499999767169 ], [ 2788915.506399997510016, 810797.967699998058379 ], [ 2788893.456499999389052, 810781.540399998892099 ], [ 2788859.509599994402379, 810756.249900000169873 ], [ 2788831.988999998196959, 810741.464799997163936 ], [ 2788822.782700003124774, 810736.518800004152581 ], [ 2788819.785100002307445, 810734.908399995183572 ], [ 2788809.75050000147894, 810719.405400002375245 ], [ 2788802.22720000334084, 810710.250200002919883 ], [ 2788791.251800002064556, 810696.894100000848994 ], [ 2788779.136299995705485, 810682.150600005406886 ], [ 2788773.714400004595518, 810676.68519999505952 ], [ 2788773.495200003031641, 810676.464200004702434 ], [ 2788769.495099996216595, 810672.967100000474602 ], [ 2788769.013099994976074, 810672.545700000133365 ], [ 2788767.411499998532236, 810671.145500004524365 ], [ 2788767.279899997171015, 810671.03039999702014 ], [ 2788766.6691, 810670.502499999944121 ], [ 2788766.419199999421835, 810670.286499999230728 ], [ 2788726.462799999862909, 810635.751600004965439 ], [ 2788718.96509999781847, 810627.651400001486763 ], [ 2788715.169100001454353, 810623.550299996044487 ], [ 2788709.03809999814257, 810614.552399999462068 ], [ 2788704.692500002682209, 810608.174699995899573 ], [ 2788699.149600002449006, 810588.692599997622892 ], [ 2788697.15940000070259, 810568.873499998357147 ], [ 2788699.320600002072752, 810553.413799996953458 ], [ 2788708.932899999432266, 810532.234100001864135 ], [ 2788713.470199998002499, 810495.804699999513105 ], [ 2788711.533100000116974, 810487.796600002795458 ], [ 2788709.2695999937132, 810480.67990000336431 ], [ 2788705.816999999340624, 810473.782200003741309 ], [ 2788701.457000005524606, 810466.305099999299273 ], [ 2788668.335399998817593, 810419.30009999871254 ], [ 2788638.510600000154227, 810407.887899999273941 ], [ 2788607.745500001590699, 810397.716499996837229 ], [ 2788603.75729999365285, 810392.768399999476969 ], [ 2788601.378399999346584, 810385.322700004791841 ], [ 2788598.071400001645088, 810333.313199997413903 ], [ 2788595.739700000733137, 810299.156599996378645 ], [ 2788606.263099998701364, 810271.476500005228445 ], [ 2788671.515300001949072, 810216.124800002202392 ], [ 2788722.288000002037734, 810175.406800000928342 ], [ 2788751.441700000781566, 810150.316099998308346 ], [ 2788761.498199997469783, 810119.012099997838959 ], [ 2788763.330099996645004, 810101.868800003314391 ], [ 2788760.629899997264147, 810059.237199995433912 ], [ 2788755.52359999390319, 810023.513500002911314 ], [ 2788752.720300000160933, 809967.680799998575822 ], [ 2788746.033499997574836, 809950.907200003741309 ], [ 2788723.847599996253848, 809909.759599994635209 ], [ 2788694.216099996119738, 809874.855599997099489 ], [ 2788687.264500003773719, 809859.25620000064373 ], [ 2788668.596500006038696, 809848.468899997882545 ], [ 2788630.807200000621378, 809834.768299997551367 ], [ 2788593.847499998752028, 809810.896800003480166 ], [ 2788589.902199996635318, 809805.293600000673905 ], [ 2788594.885200002696365, 809796.99099999666214 ], [ 2788635.054999998304993, 809744.767999995965511 ], [ 2788684.993400003761053, 809704.3725999975577 ], [ 2788724.839599997270852, 809671.260999995982274 ], [ 2788735.63809999730438, 809666.257800004445016 ], [ 2788749.99260000186041, 809660.860399995697662 ], [ 2788766.322400000877678, 809657.8327999971807 ], [ 2788785.153800004627556, 809657.832400002516806 ], [ 2788800.302800002507865, 809657.043499994790182 ], [ 2788817.307300005108118, 809662.671199997421354 ], [ 2788836.092699998989701, 809669.26849999697879 ], [ 2788852.038099993485957, 809679.531100003048778 ], [ 2788867.652199995238334, 809690.719199999468401 ], [ 2788891.006600004155189, 809711.713100002147257 ], [ 2788896.564800005406141, 809716.110699996817857 ], [ 2788924.852500001899898, 809721.627500000875443 ], [ 2788931.592500003986061, 809715.92699999990873 ], [ 2788943.165700006764382, 809693.200500004226342 ], [ 2788945.239500001072884, 809677.67280000122264 ], [ 2788944.350100003182888, 809665.077099999645725 ], [ 2788943.190899999346584, 809655.823999996995553 ], [ 2788894.353600004687905, 809590.578899996355176 ], [ 2788886.2027000002563, 809577.690200004260987 ], [ 2788831.540800000540912, 809532.252500005532056 ], [ 2788800.354599999729544, 809504.607999998144805 ], [ 2788790.123400003183633, 809485.043299997923896 ], [ 2788789.773800001479685, 809466.557300004642457 ], [ 2788800.920700001996011, 809437.257000000914559 ], [ 2788807.027699996251613, 809426.352600000333041 ], [ 2788817.44240000564605, 809414.69610000308603 ], [ 2788834.907399999443442, 809396.589799996931106 ], [ 2788839.9586, 809390.950199995189905 ], [ 2788851.988300004508346, 809377.518900000955909 ], [ 2788851.546899993903935, 809369.49089999939315 ], [ 2788846.926800000481308, 809360.032099999021739 ], [ 2788840.531300005037338, 809344.139500001445413 ], [ 2788829.930100002326071, 809333.291700003203005 ], [ 2788827.468700002413243, 809323.754099998157471 ], [ 2788824.223300005309284, 809315.337599996477365 ], [ 2788817.06099999928847, 809294.316899996483698 ], [ 2788811.816299998667091, 809272.391199999023229 ], [ 2788809.142599998507649, 809254.683099999791011 ], [ 2788812.022699997760355, 809246.49440000182949 ], [ 2788813.780400004703552, 809241.49669999955222 ], [ 2788816.329500000458211, 809230.261100003030151 ], [ 2788823.703699994832277, 809220.979799999855459 ], [ 2788842.861100003588945, 809191.540800000540912 ], [ 2788850.126699996646494, 809179.234200005186722 ], [ 2788857.561200002208352, 809160.48690000269562 ], [ 2788862.187700005248189, 809121.146999999880791 ], [ 2788867.536099996417761, 809082.168799999402836 ], [ 2788875.202500001061708, 809046.332299996865913 ], [ 2788879.240000006277114, 809030.718500002054498 ], [ 2788880.813799997325987, 809016.489500005031005 ], [ 2788881.151, 809012.18579999753274 ], [ 2788883.838599998503923, 808977.879500004928559 ], [ 2788883.062899996526539, 808974.710900004720315 ], [ 2788881.198700001928955, 808967.09620000096038 ], [ 2788870.16449999762699, 808956.943399997195229 ], [ 2788863.379899997264147, 808945.89830000186339 ], [ 2788865.785200003068894, 808932.705500000389293 ], [ 2788841.757399997208267, 808874.704299998935312 ], [ 2788820.644000002648681, 808818.045499998377636 ], [ 2788817.704800001811236, 808789.479299997678027 ], [ 2788821.013299998827279, 808764.977199998218566 ], [ 2788822.530100001487881, 808741.975499994819984 ], [ 2788824.201999997254461, 808726.836199995363131 ], [ 2788821.013899995014071, 808716.576799998292699 ], [ 2788815.589699998032302, 808704.914100001798943 ], [ 2788809.664800004567951, 808695.507599998265505 ], [ 2788763.639300000853837, 808647.741399999242276 ], [ 2788748.307799998670816, 808635.865200000815094 ], [ 2788727.448199998121709, 808625.204599997960031 ], [ 2788710.652199998963624, 808618.760600002715364 ], [ 2788692.626899998635054, 808613.413600005675107 ], [ 2788682.858599996194243, 808609.78989999787882 ], [ 2788672.1946, 808599.891599998576567 ], [ 2788655.79620000300929, 808580.593699996825308 ], [ 2788638.248499993234873, 808568.397999999811873 ], [ 2788598.43360000429675, 808544.013200000161305 ], [ 2788590.420400003902614, 808530.627999994438142 ], [ 2788585.954200002830476, 808507.830499998060986 ], [ 2788578.543700005859137, 808483.148999998578802 ], [ 2788578.66969999531284, 808458.442200001096353 ], [ 2788572.862999996170402, 808433.473499998217449 ], [ 2788574.084200003650039, 808410.607299998635426 ], [ 2788578.137599998153746, 808390.657500000903383 ], [ 2788573.902500006370246, 808376.418499998748302 ], [ 2788563.002499999012798, 808350.222500002710149 ], [ 2788554.868700002320111, 808335.516599999042228 ], [ 2788546.384600002318621, 808323.711300004739314 ], [ 2788537.755599998403341, 808308.852400003699586 ], [ 2788519.290200002957135, 808313.356399998534471 ], [ 2788507.325200003106147, 808317.297299998579547 ], [ 2788474.45400000596419, 808319.644599999301136 ], [ 2788444.125399998389184, 808307.644400001736358 ], [ 2788421.856000000610948, 808290.630200000945479 ], [ 2788408.345600003376603, 808282.191300004022196 ], [ 2788390.615300001576543, 808272.486600001342595 ], [ 2788372.074199996422976, 808261.256000002846122 ], [ 2788370.771299999207258, 808247.166999998968095 ], [ 2788370.338100004941225, 808233.994699998991564 ], [ 2788367.26950000366196, 808218.027900000102818 ], [ 2788349.23810000019148, 808195.68800000147894 ], [ 2788337.416699997615069, 808191.04680000199005 ], [ 2788313.351799999829382, 808193.156899998895824 ], [ 2788294.302199994213879, 808189.295800003223121 ], [ 2788284.963600005023181, 808156.569899995578453 ], [ 2788282.043399997521192, 808135.592999995686114 ], [ 2788311.6085, 808103.534699997399002 ], [ 2788318.977200005203485, 808091.052999998675659 ], [ 2788317.87169999210164, 808078.807399998651817 ], [ 2788309.513700004667044, 808064.345800001407042 ], [ 2788296.063800002913922, 808059.794900002656505 ], [ 2788272.094300000462681, 808033.673000002512708 ], [ 2788244.557899994309992, 807997.867600002791733 ], [ 2788229.31509999698028, 807976.168600004166365 ], [ 2788209.400300004053861, 807930.54190000356175 ], [ 2788199.009299997240305, 807906.960499997483566 ], [ 2788184.847100000362843, 807881.671600003261119 ], [ 2788152.587699999567121, 807826.603799997828901 ], [ 2788150.01860000193119, 807781.493900001514703 ], [ 2788171.980300003662705, 807742.933800004655495 ], [ 2788194.633000001776963, 807721.082199994241819 ], [ 2788216.468100000172853, 807699.09900000016205 ], [ 2788231.979300000704825, 807660.367799998261034 ], [ 2788238.014100001659244, 807609.915100005222484 ], [ 2788188.634400006849319, 807566.593199994415045 ], [ 2788157.053300004918128, 807502.583299996564165 ], [ 2788148.251300001982599, 807444.604900002712384 ], [ 2788134.445599999278784, 807406.539500003913417 ], [ 2788117.08170000044629, 807380.331199996639043 ], [ 2788094.413999998942018, 807354.013599995523691 ], [ 2788063.409300002735108, 807315.76340000401251 ], [ 2788047.476799998432398, 807289.82990000071004 ], [ 2788055.23759999871254, 807246.098100002855062 ], [ 2788071.164800006430596, 807185.9852 ], [ 2788070.893200002610683, 807125.105999995023012 ], [ 2788055.786799994762987, 807086.475699995178729 ], [ 2788047.742200002539903, 807055.446100004250184 ], [ 2788025.4279, 807014.478299998678267 ], [ 2787994.25289999647066, 806982.007500000530854 ], [ 2787937.176299999468029, 806940.107800003606826 ], [ 2787896.719400005880743, 806897.969000000040978 ], [ 2787858.395699996966869, 806882.1187999995891 ], [ 2787817.940499995369464, 806856.473600004334003 ], [ 2787765.219999999273568, 806802.063499999698251 ], [ 2787732.554399994667619, 806752.234300000593066 ], [ 2787719.69270000141114, 806725.91370000061579 ], [ 2787692.442299996968359, 806724.743099997285753 ], [ 2787629.979999997653067, 806724.742899995762855 ], [ 2787596.753100004512817, 806715.908700002823025 ], [ 2787578.651799996383488, 806670.195499998517334 ], [ 2787559.646899993997067, 806640.466999998548999 ], [ 2787532.027599996887147, 806613.271399999037385 ], [ 2787513.392399994190782, 806582.962600000202656 ], [ 2787482.531999996397644, 806549.182599999941885 ], [ 2787458.959799997508526, 806525.176100001903251 ], [ 2787430.43020000634715, 806496.416299995733425 ], [ 2787319.013400000520051, 806422.400400000624359 ], [ 2787284.767700000200421, 806404.868400004459545 ], [ 2787219.466300004161894, 806371.078000004403293 ], [ 2787183.610299999825656, 806361.785899998154491 ], [ 2787147.753999997396022, 806353.821199998259544 ], [ 2787105.25660000462085, 806343.866999997990206 ], [ 2787060.87879999447614, 806336.367999998154119 ], [ 2787032.618500000797212, 806319.818799995817244 ], [ 2786969.425099997315556, 806280.665700002573431 ], [ 2786923.479000003542751, 806263.93160000233911 ], [ 2786896.685199996922165, 806233.78359999624081 ], [ 2786788.265100006014109, 806143.967900003306568 ], [ 2786783.087100000586361, 806120.523000000510365 ], [ 2786770.589199997019023, 806108.949000000022352 ], [ 2786738.096800001803786, 806106.158499999903142 ], [ 2786717.110500001348555, 806094.409299999475479 ], [ 2786691.518999997526407, 806089.291500000283122 ], [ 2786668.97669999813661, 806084.885499996365979 ], [ 2786640.67279999749735, 806070.852600003825501 ], [ 2786603.967899998184294, 806040.993200003867969 ], [ 2786516.045500003732741, 805974.447000003419816 ], [ 2786461.415799994021654, 805934.348299995996058 ], [ 2786425.194899995345622, 805880.806799998274073 ], [ 2786367.7554000033997, 805835.872600001748651 ], [ 2786332.751699996180832, 805810.423300000838935 ], [ 2786300.606999999377877, 805800.250000004423782 ], [ 2786223.490599993616343, 805786.613600000040606 ], [ 2786208.441400001756847, 805776.510800004471093 ], [ 2786199.154500003904104, 805749.115399999776855 ], [ 2786183.761499998159707, 805720.8661999986507 ], [ 2786164.151799996849149, 805703.419799994444475 ], [ 2786143.412000003736466, 805690.291399999521673 ], [ 2786127.090700001455843, 805682.375100003089756 ], [ 2786098.512699997983873, 805657.818199998699129 ], [ 2786076.831299998331815, 805634.249400002183393 ], [ 2786046.500100004021078, 805603.094799994956702 ], [ 2786016.079100000206381, 805544.886500001884997 ], [ 2785971.143399995286018, 805507.947500003036112 ], [ 2785912.673500003758818, 805480.489300005370751 ], [ 2785888.721800001803786, 805457.958700003800914 ], [ 2785871.4624, 805441.764199997764081 ], [ 2785850.367299997247756, 805420.314800001913682 ], [ 2785849.322800006251782, 805383.054400001652539 ], [ 2785857.33609999390319, 805349.972200001822785 ], [ 2785864.659499999601394, 805317.03700000140816 ], [ 2785867.908299998845905, 805273.544399997685105 ], [ 2785871.689099998679012, 805253.874099995475262 ], [ 2785865.132100000511855, 805178.949099999153987 ], [ 2785858.172300000675023, 805154.892899999860674 ], [ 2785857.840899994131178, 805135.466899995459244 ], [ 2785856.30159999942407, 805119.046699999133125 ], [ 2785851.168200000654906, 805101.600800003390759 ], [ 2785834.739100004080683, 805093.903600003104657 ], [ 2785826.011699997354299, 805071.838999999687076 ], [ 2785809.582899998873472, 805030.790100000565872 ], [ 2785738.378499996382743, 804978.330700003076345 ], [ 2785702.069100003223866, 804944.926400000229478 ], [ 2785679.257400001399219, 804924.666800002334639 ], [ 2785662.938600006978959, 804914.409000001382083 ], [ 2785641.411200004164129, 804906.66150000365451 ], [ 2785637.655000000726432, 804899.030700000468642 ], [ 2785632.075700001325458, 804859.925000002374873 ], [ 2785630.436699997633696, 804837.090700003551319 ], [ 2785625.054200004320592, 804827.274699999019504 ], [ 2785619.026900000404567, 804822.077499998733401 ], [ 2785610.209200001787394, 804818.935300001176074 ], [ 2785604.01750000147149, 804811.409499995177612 ], [ 2785598.70319999428466, 804802.420799996703863 ], [ 2785593.811399992089719, 804793.441200000466779 ], [ 2785587.600199998822063, 804782.021600000094622 ], [ 2785545.423699998296797, 804729.855900003574789 ], [ 2785529.764799997210503, 804716.043000001693144 ], [ 2785517.909300001803786, 804711.791899997973815 ], [ 2785512.415900001302361, 804712.22760000010021 ], [ 2785509.470899995882064, 804711.541199999162927 ], [ 2785506.595299995038658, 804708.352799998829141 ], [ 2785502.648500001989305, 804701.64600000390783 ], [ 2785496.292200003284961, 804697.200100002111867 ], [ 2785487.394499998539686, 804692.964299999875948 ], [ 2785467.351899992208928, 804690.196599998511374 ], [ 2785463.000100005418062, 804688.463199998717755 ], [ 2785459.499599998816848, 804685.375599995488301 ], [ 2785455.723200000822544, 804682.283899997361004 ], [ 2785439.543799994513392, 804666.037400001427159 ], [ 2785398.434899999760091, 804655.079599999124184 ], [ 2785376.509500000160187, 804642.411200004629791 ], [ 2785318.259199996013194, 804631.726899999892339 ], [ 2785297.016199999023229, 804623.831700001144782 ], [ 2785266.78609999967739, 804614.306399998487905 ], [ 2785236.663699998520315, 804600.92279999749735 ], [ 2785219.494200002867728, 804592.396200004266575 ], [ 2785190.747299995739013, 804592.547799998428673 ], [ 2785173.466100003570318, 804589.468400002922863 ], [ 2785159.226100001484156, 804595.118000000948086 ], [ 2785150.997800003737211, 804597.673999998252839 ], [ 2785143.283100001048297, 804599.248100004624575 ], [ 2785133.222500001080334, 804596.09140000352636 ], [ 2785112.6173, 804590.069200003286824 ], [ 2785087.11579999839887, 804576.944700001506135 ], [ 2785055.496900002937764, 804561.260699995327741 ], [ 2785029.589000004343688, 804542.014500003075227 ], [ 2785003.33100000442937, 804525.568599996622652 ], [ 2784929.285499997437, 804521.31339999800548 ], [ 2784908.39219999872148, 804532.590300004230812 ], [ 2784897.428100000135601, 804537.805400001583621 ], [ 2784882.776799999643117, 804561.07629999704659 ], [ 2784864.431599997449666, 804573.515700004296377 ], [ 2784840.163299999665469, 804580.230100001674145 ], [ 2784822.589000002946705, 804585.090399997541681 ], [ 2784790.381800002418458, 804582.789900004630908 ], [ 2784773.130300001241267, 804587.387999997008592 ], [ 2784766.804399995133281, 804588.249899995978922 ], [ 2784757.740300002973527, 804582.151899998309091 ], [ 2784747.255800003185868, 804573.842900001676753 ], [ 2784732.894899997394532, 804565.056400002213195 ], [ 2784723.823700002860278, 804561.212099998956546 ], [ 2784713.470600002910942, 804552.997199999867007 ], [ 2784702.193400007206947, 804545.219899997115135 ], [ 2784688.302499998360872, 804542.190799999050796 ], [ 2784669.599399999249727, 804539.520099997520447 ], [ 2784621.580399996601045, 804543.615599999669939 ], [ 2784595.023899999447167, 804545.864699999103323 ], [ 2784569.819799999240786, 804539.117999997455627 ], [ 2784539.214000002481043, 804530.121500003617257 ], [ 2784509.060400002170354, 804525.17280000122264 ], [ 2784466.303499997593462, 804522.923000000417233 ], [ 2784433.854900002013892, 804519.292499996954575 ], [ 2784410.1796, 804524.887099997373298 ], [ 2784394.400600001681596, 804538.93570000352338 ], [ 2784353.899699997156858, 804571.270999998087063 ], [ 2784337.059500003699213, 804583.086800005985424 ], [ 2784315.355699999723583, 804589.27309999614954 ], [ 2784303.094299998600036, 804593.6503000035882 ], [ 2784291.768900000955909, 804592.521899995626882 ], [ 2784264.182199996896088, 804583.297000001883134 ], [ 2784215.493499998003244, 804602.6976000033319 ], [ 2784176.622500004712492, 804619.753099996363744 ], [ 2784137.49079999839887, 804639.40080000157468 ], [ 2784091.54070000583306, 804659.833000003593042 ], [ 2784051.77310000685975, 804675.055399995995685 ], [ 2784017.832199999596924, 804639.594100000103936 ], [ 2783953.175299998838454, 804587.897300004027784 ], [ 2783915.459799999836832, 804581.434499999741092 ], [ 2783873.547099999152124, 804595.320499998051673 ], [ 2783846.803999993950129, 804620.972400001250207 ], [ 2783829.641500004567206, 804633.720100000500679 ], [ 2783820.542199996765703, 804640.084299999987707 ], [ 2783812.788200001697987, 804648.198499998543411 ], [ 2783805.878799995407462, 804661.807900003856048 ], [ 2783801.70610000193119, 804666.861499998252839 ], [ 2783788.684000002220273, 804675.156900003319606 ], [ 2783769.949199995025992, 804690.402600002940744 ], [ 2783761.3644999996759, 804701.573199996957555 ], [ 2783749.917999996803701, 804716.538999997777864 ], [ 2783735.995800001081079, 804726.956300002522767 ], [ 2783710.162999998312443, 804732.902100000763312 ], [ 2783694.066799999214709, 804739.794600000604987 ], [ 2783682.4888, 804749.665400000987574 ], [ 2783670.571000002324581, 804765.321300003444776 ], [ 2783647.017300006002188, 804817.508200002834201 ], [ 2783623.571900003124028, 804854.617000000085682 ], [ 2783586.270799998659641, 804905.251600001007318 ], [ 2783554.702499998733401, 804943.088399997912347 ], [ 2783522.64440000243485, 804988.554900002200156 ], [ 2783492.800600002054125, 805013.998699996387586 ], [ 2783459.393300000578165, 805020.986899998504668 ], [ 2783424.044299996923655, 805029.820100000360981 ], [ 2783377.403300005011261, 805051.410699999658391 ], [ 2783341.297100001946092, 805046.26499999826774 ], [ 2783291.7458999985829, 805028.577300003962591 ], [ 2783228.777700003236532, 805003.086500000441447 ], [ 2783167.501599997747689, 805005.427399999927729 ], [ 2783119.439000005833805, 805004.651699997717515 ], [ 2783089.9361, 805029.130900002084672 ], [ 2783044.290200004354119, 805053.611099997302517 ], [ 2782996.709399994462729, 805055.164799998747185 ], [ 2782988.726599995512515, 805062.598299995996058 ], [ 2782935.759999995585531, 805098.920599996810779 ], [ 2782887.338499998208135, 805135.697299994528294 ], [ 2782857.929199998732656, 805167.1187 ], [ 2782819.232600007206202, 805202.842900000978261 ], [ 2782803.481000002473593, 805228.26809999672696 ], [ 2782782.223800000268966, 805257.649800000945106 ], [ 2782754.638200001325458, 805283.864000000990927 ], [ 2782724.984600004274398, 805310.118700003717095 ], [ 2782645.923199999611825, 805392.218599997926503 ], [ 2782569.125200004782528, 805465.890899997903034 ], [ 2782539.957000002264977, 805489.958899999968708 ], [ 2782503.676599998958409, 805503.404399999650195 ], [ 2782457.057499993592501, 805507.559500003000721 ], [ 2782392.573600000701845, 805545.3378000035882 ], [ 2782319.214300001505762, 805591.717100000474602 ], [ 2782290.967399997636676, 805617.367399999173358 ], [ 2782254.530299996491522, 805623.988800003891811 ], [ 2782230.832000002730638, 805635.812800002051517 ], [ 2782196.502299997489899, 805670.490800002124161 ], [ 2782170.230300002731383, 805710.1409 ], [ 2782144.499999998137355, 805738.429200001060963 ], [ 2782123.699999998789281, 805759.58959999633953 ], [ 2782085.163599994964898, 805764.302600003313273 ], [ 2782031.317000005859882, 805809.149999997811392 ], [ 2781996.075599995441735, 805803.670300003141165 ], [ 2781975.422200001310557, 805828.44110000366345 ], [ 2781960.779000002890825, 805841.576999995857477 ], [ 2781948.01160000031814, 805853.960800000466406 ], [ 2781931.365199996158481, 805865.074899997096509 ], [ 2781901.944699999410659, 805879.366000003414229 ], [ 2781873.123400006443262, 805886.599199995864183 ], [ 2781843.070100002922118, 805894.702800001716241 ], [ 2781803.412700000684708, 805887.057199996896088 ], [ 2781770.371000004000962, 805869.5371999964118 ], [ 2781740.943599997088313, 805888.01670000096783 ], [ 2781708.758500002324581, 805912.948199997888878 ], [ 2781660.204400003887713, 805941.649900002172217 ], [ 2781613.647600000724196, 805956.745700000086799 ], [ 2781591.13960000500083, 805965.551999999443069 ], [ 2781549.71840000199154, 805986.123800000175834 ], [ 2781496.371200002729893, 806040.062100001843646 ], [ 2781514.897299995645881, 806239.289500000653788 ], [ 2780883.565099995117635, 806610.525400000391528 ], [ 2780783.123499997891486, 806606.700599998701364 ], [ 2780750.135099997278303, 806725.154500001342967 ], [ 2780749.617299993056804, 806736.374400001717731 ], [ 2780749.095200001262128, 806749.227299999911338 ], [ 2780740.579999998211861, 806764.164699998684227 ], [ 2780730.034999994095415, 806829.565199999138713 ], [ 2780724.014799993019551, 806899.061599996406585 ], [ 2780726.418099999893457, 806937.518800000892952 ], [ 2780698.763299997895956, 806965.159200004534796 ], [ 2780703.979599996469915, 807023.554000000469387 ], [ 2780712.192500005010515, 807054.41019999794662 ], [ 2780723.301200000103563, 807142.614100005012006 ], [ 2780719.812299994751811, 807154.048999998020008 ], [ 2780713.912199999205768, 807160.93829999724403 ], [ 2780709.717899999581277, 807170.109700001543388 ], [ 2780709.241099998354912, 807186.828000000445172 ], [ 2780707.424000000581145, 807198.374699995154515 ], [ 2780700.270900002215058, 807208.569700003135949 ], [ 2780681.054499997291714, 807217.981800000881776 ], [ 2780673.097100001759827, 807223.562899997690693 ], [ 2780668.248800001572818, 807229.842399999732152 ], [ 2780664.119600000791252, 807238.27849999954924 ], [ 2780661.426600000821054, 807245.456200003391132 ], [ 2780659.854300000704825, 807256.649700001114979 ], [ 2780674.571099995169789, 807313.657100003911182 ], [ 2780674.202699993271381, 807331.593100003199652 ], [ 2780701.621500001754612, 807396.835099999560043 ], [ 2780723.902900003828108, 807451.255299997050315 ], [ 2780779.722400002647191, 807519.937100002542138 ], [ 2780868.711599995847791, 807620.897600000491366 ], [ 2780916.963499996811152, 807673.673099994193763 ], [ 2780943.005800002720207, 807709.276800003601238 ], [ 2780961.581400004215539, 807738.111600000178441 ], [ 2780978.131599997170269, 807755.346700003836304 ], [ 2780991.723200001753867, 807769.494500002125278 ], [ 2781017.058300007134676, 807785.173599997768179 ], [ 2781046.178299998864532, 807798.551700000651181 ], [ 2781061.351299996953458, 807802.936200003605336 ], [ 2781074.826199998147786, 807804.193999994546175 ], [ 2781090.934900002088398, 807796.674300000537187 ], [ 2781115.538599996361881, 807781.967300000600517 ], [ 2781124.57720000622794, 807777.39390000118874 ], [ 2781131.721600006334484, 807779.450900003314018 ], [ 2781145.075200000777841, 807787.69600000185892 ], [ 2781165.891599997412413, 807809.742400001268834 ], [ 2781177.270099998451769, 807837.579400000628084 ], [ 2781235.844199997838587, 807909.631199998781085 ], [ 2781242.879799995105714, 807923.106699996162206 ], [ 2781246.293200001586229, 807934.77870000526309 ], [ 2781253.940300005953759, 807979.926700001815334 ], [ 2781254.837399994023144, 808012.365200004540384 ], [ 2781223.8794, 808052.823700003093109 ], [ 2781230.927000001538545, 808080.846899998374283 ], [ 2781233.443999995477498, 808083.814500001026317 ], [ 2781245.167100000195205, 808091.078400001861155 ], [ 2781247.187000001315027, 808098.868499998236075 ], [ 2781245.307600001804531, 808107.789300000062212 ], [ 2781230.809000000357628, 808133.974000001791865 ], [ 2781216.237000004388392, 808202.771599998930469 ], [ 2781215.280799997504801, 808213.136200003325939 ], [ 2781218.66969999531284, 808229.3678999976255 ], [ 2781223.459900002460927, 808239.698699998436496 ], [ 2781248.339299995452166, 808267.518700004089624 ], [ 2781271.986399997025728, 808316.809399995952845 ], [ 2781287.01340000377968, 808372.468899999978021 ], [ 2781300.437200000975281, 808438.139699997613207 ], [ 2781298.272099997382611, 808491.699700006050989 ], [ 2781289.838199998717755, 808566.1503000035882 ], [ 2781315.868400003761053, 808612.69199999794364 ], [ 2781320.707999996375293, 808618.747300000395626 ], [ 2781328.625399997923523, 808618.702200002735481 ], [ 2781335.556500006467104, 808614.478200003271922 ], [ 2781339.737199997063726, 808619.99549999833107 ], [ 2781350.351299999281764, 808640.095600001513958 ], [ 2781354.541300002019852, 808647.354399998672307 ], [ 2781360.126699995715171, 808649.3094999990426 ], [ 2781366.83079999871552, 808647.633999999379739 ], [ 2781382.571199996862561, 808627.870399997569621 ], [ 2781386.576800001319498, 808627.052099996944889 ], [ 2781389.6294, 808626.497499999124557 ], [ 2781393.3780000009574, 808626.635000002104789 ], [ 2781396.016900006681681, 808626.497799997217953 ], [ 2781398.653300004545599, 808626.497499999124557 ], [ 2781401.708800005260855, 808627.190599999390543 ], [ 2781405.85159999737516, 808629.350599999306723 ], [ 2781409.898399997968227, 808635.515800000634044 ], [ 2781409.707500001881272, 808642.802000000374392 ], [ 2781408.013700001873076, 808651.833200000692159 ], [ 2781404.589100006502122, 808676.408500001998618 ], [ 2781406.571600000374019, 808702.772200000472367 ], [ 2781409.235900000669062, 808716.519200005102903 ], [ 2781402.117700001690537, 808736.173600000794977 ], [ 2781392.755199999548495, 808748.38050000439398 ], [ 2781390.311600000597537, 808756.518799999495968 ], [ 2781392.754200000315905, 808763.844300000695512 ], [ 2781402.117999999783933, 808774.424000002909452 ], [ 2781411.075700000394136, 808793.142700001597404 ], [ 2781413.111499999649823, 808804.943499997491017 ], [ 2781403.0875, 808824.25969999958761 ], [ 2781404.085299997124821, 808843.900500003714114 ], [ 2781410.204300004988909, 808856.394800003152341 ], [ 2781424.853900004178286, 808866.883599999593571 ], [ 2781438.733400004915893, 808885.69000000343658 ], [ 2781448.012699999846518, 808900.21779999602586 ], [ 2781472.453599993605167, 808972.379500001901761 ], [ 2781478.751299999654293, 809016.997299995273352 ], [ 2781493.688500005751848, 809039.897799998288974 ], [ 2781509.896499997936189, 809070.312800004379824 ], [ 2781521.769300002604723, 809086.220799999777228 ], [ 2781520.031700002960861, 809112.593100000405684 ], [ 2781510.43530000327155, 809126.496899999212474 ], [ 2781500.263999997172505, 809136.264899994945154 ], [ 2781491.159100004006177, 809145.363799999002367 ], [ 2781479.453300000168383, 809158.624199998797849 ], [ 2781468.707700002007186, 809172.802499994868413 ], [ 2781449.915800001472235, 809188.155100003350526 ], [ 2781446.204199995845556, 809196.750999996205792 ], [ 2781445.089000002481043, 809204.115899995435029 ], [ 2781446.517899997998029, 809212.81800000439398 ], [ 2781456.721299997530878, 809237.405300001148134 ], [ 2781468.065399998798966, 809244.020699999528006 ], [ 2781491.020199998281896, 809251.691499996930361 ], [ 2781518.337600004393607, 809255.597199999261647 ], [ 2781536.451300002634525, 809280.546900000190362 ], [ 2781557.488499996718019, 809289.482599999988452 ], [ 2781577.5839, 809291.032699997536838 ], [ 2781590.906400000210851, 809289.825899997027591 ], [ 2781601.423099998384714, 809285.74199999589473 ], [ 2781623.911899999715388, 809273.498599997023121 ], [ 2781647.332999994978309, 809272.790099998703226 ], [ 2781724.634500000625849, 809280.348900001496077 ], [ 2781751.67299999948591, 809307.91290000313893 ], [ 2781779.792199994903058, 809323.585599997546524 ], [ 2781890.646500002592802, 809324.665600002044812 ], [ 2781936.879399996250868, 809337.38450000458397 ], [ 2781995.70479999948293, 809348.616199999116361 ], [ 2782044.044599998276681, 809384.461800003657117 ], [ 2782095.354599995538592, 809411.99709999631159 ], [ 2782143.810099998489022, 809442.264699999475852 ], [ 2782205.584100002422929, 809433.423799998592585 ], [ 2782272.525000002235174, 809423.511999995447695 ], [ 2782341.323599999304861, 809410.504000004380941 ], [ 2782410.627699997276068, 809408.329799999017268 ], [ 2782508.305500004440546, 809432.005100000882521 ], [ 2782655.330700002610683, 809483.450800003483891 ], [ 2782694.89049999974668, 809515.500799997476861 ], [ 2782745.223800005856901, 809516.487099998863414 ], [ 2782813.360099998302758, 809546.55289999791421 ], [ 2782834.348599999211729, 809594.137100001564249 ], [ 2782860.273900003638119, 809611.959000001661479 ], [ 2782879.829000002238899, 809670.455100003164262 ], [ 2782903.677500004414469, 809722.122199999168515 ], [ 2782951.928800000343472, 809764.60820000176318 ], [ 2782965.557900000363588, 809783.084400000516325 ], [ 2782997.930299995001405, 809789.4486 ], [ 2783033.115599994547665, 809772.554899999406189 ], [ 2783081.355700001586229, 809767.773499996168539 ], [ 2783167.213200001977384, 809806.276799998013303 ], [ 2783225.538099993485957, 809818.560600003460422 ], [ 2783267.956400001421571, 809833.970999998040497 ], [ 2783290.928299999330193, 809881.7113000031095 ], [ 2783339.034100004006177, 809927.386800001841038 ], [ 2783372.051099999342114, 809974.853800002252683 ], [ 2783387.652399998623878, 810019.339300001272932 ], [ 2783447.131300002802163, 810041.723299998091534 ], [ 2783496.503799998667091, 810065.653700000606477 ], [ 2783564.881100000347942, 810098.853200000245124 ], [ 2783596.912500004749745, 810126.361099999397993 ], [ 2783625.841200005728751, 810155.413799999514595 ], [ 2783654.167700003832579, 810188.144100000383332 ], [ 2783658.637799998279661, 810220.873699999647215 ], [ 2783678.913999995682389, 810264.060799999628216 ], [ 2783671.068300005048513, 810295.474900000728667 ], [ 2783674.388700001407415, 810346.116299997549504 ], [ 2783697.986500005237758, 810384.415100003127009 ], [ 2783724.549999999813735, 810441.916800000704825 ], [ 2783804.424400000367314, 810526.947600000305101 ], [ 2783815.97930000256747, 810581.224700000369921 ], [ 2783820.214999999385327, 810601.242200001841411 ], [ 2783855.556599993258715, 810628.393500001635402 ], [ 2783917.902999995741993, 810654.398699998157099 ], [ 2783957.486100000329316, 810682.862499997252598 ], [ 2783992.110499997157604, 810703.158199996221811 ], [ 2784033.939900003839284, 810744.465000002179295 ], [ 2784071.735400000121444, 810781.047200000146404 ], [ 2784091.420999994967133, 810801.786300000268966 ], [ 2784125.089500000234693, 810825.370000003604218 ], [ 2784156.539599996991456, 810833.124799997080117 ], [ 2784189.843800004571676, 810827.491599996341392 ], [ 2784268.601700005121529, 810815.40640000323765 ], [ 2784304.140900002792478, 810814.406799999764189 ], [ 2784345.697999995201826, 810816.883299999171868 ], [ 2784420.835000002756715, 810845.111099995905533 ], [ 2784484.962800005450845, 810875.741099994629622 ], [ 2784540.1524, 810959.003299996489659 ], [ 2784561.35800000699237, 811003.644300000742078 ], [ 2784562.874200004618615, 811044.798899998655543 ], [ 2784578.6963000013493, 811145.494600006146356 ], [ 2784610.26179999532178, 811164.555600002175197 ], [ 2784633.277000002097338, 811196.103799995267764 ], [ 2784654.976899995468557, 811235.537099994253367 ], [ 2784677.993299995083362, 811273.658299997216091 ], [ 2784701.12019999884069, 811311.692199998535216 ], [ 2784733.542999996803701, 811330.523499996867031 ], [ 2784775.343000001739711, 811368.864799995906651 ], [ 2784787.147299996111542, 811409.138799999607727 ], [ 2784790.007999998982996, 811439.723400002345443 ], [ 2784775.674199997447431, 811468.268699998268858 ], [ 2784729.137799999676645, 811492.682899999897927 ], [ 2784710.524899995885789, 811543.776500001549721 ], [ 2784704.961900006514043, 811573.377800001762807 ], [ 2784755.689700001850724, 811608.976500004297122 ], [ 2784800.004900002852082, 811664.320499999448657 ], [ 2784875.028100000694394, 811805.33870000205934 ], [ 2784900.533500004094094, 811827.009299998870119 ], [ 2784957.12479999428615, 811857.428699997952208 ], [ 2784976.703900001011789, 811938.169600000837818 ], [ 2784993.46170000359416, 811982.787200001301244 ], [ 2785027.911100002005696, 811998.648699996061623 ], [ 2785064.456600002944469, 811999.401300001190975 ], [ 2785089.786799998022616, 812006.837700000964105 ], [ 2785106.536600003018975, 812019.242299996083602 ], [ 2785149.76049999659881, 812044.822299995459616 ], [ 2785168.902599995024502, 812071.606200001901016 ], [ 2785194.553200000431389, 812102.598799997474998 ], [ 2785213.311099995858967, 812107.956500001251698 ], [ 2785251.574000001884997, 812098.30810000281781 ], [ 2785271.969499998260289, 812081.846200002124533 ], [ 2785287.903599997982383, 812074.348999999929219 ], [ 2785297.400200000498444, 812076.246200000168756 ], [ 2785306.506800003815442, 812084.102700002258644 ], [ 2785320.285099995322526, 812091.970499998889863 ], [ 2785327.668600001838058, 812108.694699999177828 ], [ 2785330.128099998924881, 812134.272199999541044 ], [ 2785330.619200001936406, 812177.556700002867728 ], [ 2785330.358999997843057, 812193.226600000169128 ], [ 2785330.129199994727969, 812207.069600005168468 ], [ 2785467.409699996002018, 812294.948999997926876 ], [ 2785803.42380000045523, 812502.689300002297387 ], [ 2785789.676900001242757, 812521.736399999819696 ], [ 2785774.529200001154095, 812542.724300004774705 ], [ 2785624.675599995534867, 812750.357200000435114 ], [ 2785496.676299992483109, 812928.426000001840293 ], [ 2785642.340599996503443, 813177.493700001155958 ], [ 2785803.16869999980554, 813381.576399997808039 ], [ 2785874.515799996443093, 813500.161499998532236 ], [ 2785869.716799993999302, 813549.415199995040894 ], [ 2785882.597999997902662, 813588.929099996574223 ], [ 2785886.250300000421703, 813624.431799998739734 ], [ 2785908.877300005871803, 813643.751400002976879 ], [ 2785934.156099998392165, 813711.254099999787286 ], [ 2785947.020299999043345, 813790.43390000029467 ], [ 2785963.484499996993691, 813891.704799994593486 ], [ 2785968.751000005751848, 813919.929999995743856 ], [ 2785949.410699998494238, 813957.657099995529279 ], [ 2785967.699700001627207, 814050.005899999057874 ], [ 2786062.962700006086379, 814107.554200002923608 ], [ 2786085.264399999286979, 814149.910400001332164 ], [ 2786110.500500005204231, 814203.598800002131611 ], [ 2786145.411300007253885, 814274.351100004976615 ], [ 2786143.07630000077188, 814275.199900003382936 ], [ 2786077.463299998082221, 814299.027099997736514 ], [ 2786066.0594999990426, 814316.673499999800697 ], [ 2786056.217100000474602, 814323.150299999164417 ], [ 2786024.716499995440245, 814343.879299997584894 ], [ 2786018.970300000626594, 814347.66050000092946 ], [ 2785994.976899994537234, 814361.814499998930842 ], [ 2785981.584499998483807, 814369.716699995100498 ], [ 2785957.819099997635931, 814395.857900003902614 ], [ 2785942.392700000200421, 814398.227100000251085 ], [ 2785906.210699999704957, 814403.784100000280887 ], [ 2785890.918499999213964, 814406.133100002072752 ], [ 2785882.798100000713021, 814410.888499997323379 ], [ 2785898.79389999806881, 814423.408499998040497 ], [ 2785956.762900000438094, 814473.514899995177984 ], [ 2785965.738499998115003, 814481.274099999340251 ], [ 2785970.812499997671694, 814486.948500004364178 ], [ 2785972.91049999371171, 814489.294700000202283 ], [ 2786009.774099998641759, 814530.520299998577684 ], [ 2786027.190300003159791, 814554.088700000662357 ], [ 2786047.019500004127622, 814580.921500001568347 ], [ 2786067.423100002575666, 814598.499700000276789 ], [ 2786121.332300000824034, 814626.951699996599928 ], [ 2786136.285899995360523, 814634.339099996490404 ], [ 2786175.489500005729496, 814653.712900000624359 ], [ 2786177.180100005120039, 814654.547699995338917 ], [ 2786182.704099999275059, 814656.992499995976686 ], [ 2786210.367700005415827, 814669.236099996604025 ], [ 2786274.030100006144494, 814711.744100000010803 ], [ 2786260.409699996002018, 814725.295899994438514 ], [ 2786245.259499996900558, 814735.013699997682124 ], [ 2786195.313699999358505, 814752.947100001387298 ], [ 2786181.173100000247359, 814758.607500002719462 ], [ 2786178.417900003027171, 814759.71029999689199 ], [ 2786168.265500002540648, 814763.774500003317371 ], [ 2786130.506500001996756, 814776.346700004534796 ], [ 2786123.42329999897629, 814777.094500004546717 ], [ 2786121.397699998226017, 814777.308299995725974 ], [ 2786112.147699999623001, 814778.520100003341213 ], [ 2786107.358700002543628, 814780.691099999239668 ], [ 2786095.576100001577288, 814798.48470000247471 ], [ 2786088.2761, 814810.37269999505952 ], [ 2786073.504500000737607, 814841.235899998573586 ], [ 2786059.868100005201995, 814862.088899996131659 ], [ 2786046.209100003819913, 814874.652899998705834 ], [ 2786025.106100000441074, 814885.684300005901605 ], [ 2786020.617299993056804, 814887.62370000127703 ], [ 2786018.174700002186, 814888.678100001066923 ], [ 2786013.175299998838454, 814891.550700003048405 ], [ 2786009.658900003414601, 814894.723300001816824 ], [ 2785991.916100006084889, 814914.910999995889142 ], [ 2785990.201100003439933, 814916.86229999945499 ], [ 2785978.990099994000047, 814938.347699999809265 ], [ 2785978.46789999678731, 814941.934900003252551 ], [ 2785962.348300002515316, 815052.640700002899393 ], [ 2785962.933899997733533, 815055.077499997569248 ], [ 2785991.369899999815971, 815091.707099999533966 ], [ 2785994.131699999794364, 815095.264699999475852 ], [ 2786013.742299995850772, 815120.525900001870468 ], [ 2785981.240900003351271, 815140.5041000014171 ], [ 2785981.617899998556823, 815141.631700002588332 ], [ 2785990.350500005297363, 815167.748900002567098 ], [ 2786004.829299998003989, 815200.719899997115135 ], [ 2786022.514899996574968, 815240.996100001968443 ], [ 2786032.646100002806634, 815264.846700000111014 ], [ 2786040.150300002656877, 815282.512900002067909 ], [ 2786046.132099996786565, 815296.595100001432002 ], [ 2786059.455500000156462, 815332.858700003940612 ], [ 2786072.066899997647852, 815374.433700002497062 ], [ 2786074.6579, 815387.158100003143772 ], [ 2786090.276900003198534, 815415.775300002889708 ], [ 2786059.905899998731911, 815445.76949999621138 ], [ 2786042.558300000615418, 815417.163500002818182 ], [ 2786038.133299995213747, 815460.362899996573105 ], [ 2786042.210500005632639, 815464.743100002873689 ], [ 2786066.120899997651577, 815490.430099998600781 ], [ 2786079.701100002974272, 815514.294100004248321 ], [ 2786095.547100003343076, 815549.200100000947714 ], [ 2786110.937700007110834, 815570.962299996288493 ], [ 2786121.862699996680021, 815592.720299999928102 ], [ 2786121.910699996631593, 815592.815500002354383 ], [ 2786121.926499998196959, 815592.847100005019456 ], [ 2786127.177300001960248, 815603.304299998795614 ], [ 2786132.010099998675287, 815625.187899997457862 ], [ 2786135.150100004393607, 815631.072299996623769 ], [ 2786137.350900005083531, 815635.196499998914078 ], [ 2786140.635100004263222, 815641.350300000980496 ], [ 2786150.2753000035882, 815648.905900003155693 ], [ 2786197.779899995774031, 815661.353700001956895 ], [ 2786254.50110000371933, 815693.396100002340972 ], [ 2786291.689699996262789, 815702.132300004130229 ], [ 2786306.084099998697639, 815708.709699998609722 ], [ 2786306.112299998756498, 815708.721900004660711 ], [ 2786320.993499998934567, 815715.103900004876778 ], [ 2786336.971300002653152, 815716.211899999063462 ], [ 2786339.112899996805936, 815710.636500002117828 ], [ 2786332.957099995575845, 815701.875099998898804 ], [ 2786332.406699997838587, 815696.986900000832975 ], [ 2786350.824500005692244, 815672.186699998565018 ], [ 2786364.12149999756366, 815671.450700001325458 ], [ 2786383.280300000216812, 815664.916300000157207 ], [ 2786429.259699997957796, 815642.878300001146272 ], [ 2786456.363199999090284, 815640.569399998988956 ], [ 2786505.554900000803173, 815636.378899996168911 ], [ 2786521.592900001909584, 815635.271799996262416 ], [ 2786539.611300001386553, 815661.766500000143424 ], [ 2786544.015499998815358, 815669.818700003670529 ], [ 2786552.905699997674674, 815686.074700004886836 ], [ 2786561.12830000417307, 815705.012099996441975 ], [ 2786568.909299998544157, 815719.290699998382479 ], [ 2786583.693899993319064, 815736.571100001456216 ], [ 2786599.219299999065697, 815760.347900001797825 ], [ 2786615.837099999189377, 815786.575500000268221 ], [ 2786649.099499997217208, 815812.739900002488866 ], [ 2786662.889700005296618, 815844.771899994229898 ], [ 2786678.723700001370162, 815856.36650000163354 ], [ 2786701.011299994308501, 815875.227899994235486 ], [ 2786735.390299997292459, 815904.537099998444319 ], [ 2786755.112499993294477, 815920.180699998280033 ], [ 2786801.61909999512136, 815957.329700000118464 ], [ 2786842.400099999736995, 816010.425299997441471 ], [ 2786842.409700001589954, 816010.437699996400625 ], [ 2786876.304099999368191, 816053.723299995996058 ], [ 2786897.3953, 816070.25670000561513 ], [ 2786945.574700000695884, 816112.819300003349781 ], [ 2786953.129899999592453, 816127.589299997780472 ], [ 2786961.647100001573563, 816178.53889999887906 ], [ 2786982.504100006539375, 816226.699900002917275 ], [ 2787018.163699999451637, 816320.448499998543411 ], [ 2787040.652299998793751, 816357.084299999987707 ], [ 2787065.59749999223277, 816386.659899998921901 ], [ 2787077.812299996614456, 816419.609499997692183 ], [ 2787085.607500005047768, 816433.102299995953217 ], [ 2787134.815499999094754, 816485.857099995482713 ], [ 2787149.5915, 816502.143100003479049 ], [ 2787162.92589999968186, 816516.842500000726432 ], [ 2787205.307400004472584, 816549.775700001744553 ], [ 2787222.535700003616512, 816573.630900003481656 ], [ 2787254.247699996922165, 816600.485500003676862 ], [ 2787270.635099998209625, 816609.107900004601106 ], [ 2787286.613699999637902, 816625.627899998100474 ], [ 2787322.695100004784763, 816638.509100001538172 ], [ 2787336.222600001376122, 816651.156600000103936 ], [ 2787351.209900002926588, 816661.631600003223866 ], [ 2787369.579599996563047, 816681.033800000790507 ], [ 2787378.863100000657141, 816692.150599998189136 ], [ 2787397.843999993987381, 816721.083799997810274 ], [ 2787397.84559999871999, 816721.086499998578802 ], [ 2787421.3862000037916, 816760.482700005639344 ], [ 2787440.765799995046109, 816790.748500002548099 ], [ 2787480.267600004561245, 816857.650600000517443 ], [ 2787490.3407, 816879.481100004399195 ], [ 2787497.52700000628829, 816904.222899998072535 ], [ 2787500.234299999661744, 816925.311800001421943 ], [ 2787507.030000001192093, 816955.078600003151223 ], [ 2787521.836799997836351, 816978.907400002237409 ], [ 2787525.27289999788627, 816984.472100001294166 ], [ 2787541.940300003159791, 817011.464899997226894 ], [ 2787551.991999994497746, 817011.339200005633757 ], [ 2787573.477700002025813, 817042.377500004135072 ], [ 2787601.599899996537715, 817085.677700003609061 ], [ 2787617.661899997387081, 817104.971900004893541 ], [ 2787646.244499995838851, 817118.076699994271621 ], [ 2787668.164200004190207, 817128.125000000698492 ], [ 2787723.893200000748038, 817147.172899996396154 ], [ 2787741.111899997573346, 817150.657000005478039 ], [ 2787752.977300001773983, 817149.681900001596659 ], [ 2787778.478699997998774, 817142.631700004450977 ], [ 2787808.023299999535084, 817142.379500006092712 ], [ 2787834.100300003308803, 817156.228299998445436 ], [ 2787886.876299996860325, 817165.876499995356426 ], [ 2787922.842900001909584, 817169.172300003934652 ], [ 2788014.144899999257177, 817169.971500006271526 ], [ 2788042.8269999967888, 817165.122199997771531 ], [ 2788084.940500002354383, 817165.692299998831004 ], [ 2788118.648999993223697, 817166.389300001086667 ], [ 2788163.27559999935329, 817167.308100000722334 ], [ 2788194.256499997340143, 817177.872200003126636 ], [ 2788226.375000001862645, 817188.824299996951595 ], [ 2788295.276700001675636, 817229.617900002514943 ], [ 2788301.373099994380027, 817241.384000000311062 ], [ 2788330.163100000470877, 817255.120099996682256 ], [ 2788363.883499999530613, 817263.914199998602271 ], [ 2788450.760099996812642, 817273.495600003749132 ], [ 2788535.33240000391379, 817290.365499997045845 ], [ 2788587.708099994808435, 817296.15420000301674 ], [ 2788588.317199999466538, 817296.143800003221259 ], [ 2788625.703599997796118, 817295.50829999614507 ], [ 2788639.917100000660866, 817299.037199995946139 ], [ 2788649.606000002007931, 817303.1715999962762 ], [ 2788676.878100000321865, 817332.283300001407042 ], [ 2788719.06749999942258, 817335.256700000492856 ], [ 2788760.288300001528114, 817347.743099999381229 ], [ 2788802.232900002971292, 817336.628500002902001 ], [ 2788813.302499998360872, 817338.008300002431497 ], [ 2788825.208700003568083, 817339.494700003648177 ], [ 2788833.13090000115335, 817338.639100000727922 ], [ 2788884.001300002913922, 817312.74710000003688 ], [ 2788914.167699997313321, 817288.822099998826161 ], [ 2788918.659099999815226, 817283.791100001661107 ], [ 2788943.924699995666742, 817244.701300001237541 ], [ 2788979.118100006133318, 817186.599300002912059 ], [ 2789094.946900004986674, 816995.374099999200553 ], [ 2789097.919699998572469, 816980.041500001214445 ], [ 2789116.569700003135949, 816960.591300003696233 ], [ 2789116.572700001765043, 816960.58810000307858 ], [ 2789120.781499996315688, 816956.198499996680766 ], [ 2789151.618499998934567, 816924.038100003963336 ], [ 2789162.712300004903227, 816912.46769999852404 ], [ 2789172.323699999134988, 816902.443100002827123 ], [ 2789178.2813, 816898.948499997379258 ], [ 2789185.058300006669015, 816896.290099998703226 ], [ 2789192.2061, 816897.774900004034862 ], [ 2789201.513300005812198, 816899.70810000016354 ], [ 2789206.281499994918704, 816900.997900005895644 ], [ 2789237.025499995797873, 816909.311500006122515 ], [ 2789256.819300006143749, 816917.747500000521541 ], [ 2789283.192100006621331, 816928.987299997359514 ], [ 2789289.110300000756979, 816928.203500001924112 ], [ 2789315.159499999135733, 816915.967100000241771 ], [ 2789334.508500005118549, 816906.877900003222749 ], [ 2789337.1091, 816908.212700001429766 ], [ 2789351.173700000625104, 816915.431899999035522 ], [ 2789397.723499997518957, 816916.393499998841435 ], [ 2789406.2053, 816917.567100000800565 ], [ 2789407.203599996864796, 816917.775700000813231 ], [ 2789484.319200004916638, 816933.890999998664483 ], [ 2789493.145499996840954, 816935.735499998554587 ], [ 2789537.173100000247359, 816957.991900001186877 ], [ 2789582.174700002186, 816989.51949999621138 ], [ 2789590.163299996871501, 817021.234699998982251 ], [ 2789622.437900003045797, 817064.851199996424839 ], [ 2789626.722300001420081, 817070.641299996525049 ], [ 2789807.157599998638034, 817164.543300001882017 ], [ 2789827.016500007826835, 817174.878300002776086 ], [ 2789888.459500000346452, 817222.382900003576651 ], [ 2790027.914100001566112, 817364.997899997513741 ], [ 2790053.413900001905859, 817424.37269999878481 ], [ 2790065.237899999599904, 817433.993399996776134 ], [ 2790089.591700002085418, 817453.809100002516061 ], [ 2790122.524299997836351, 817514.806899996241555 ], [ 2790187.776100006885827, 817546.283299999311566 ], [ 2790237.192100004293025, 817570.11949999909848 ], [ 2790280.492299994919449, 817576.375900004291907 ], [ 2790321.35249999910593, 817593.706499999621883 ], [ 2790339.44609999936074, 817606.094999995315447 ], [ 2790364.232499999459833, 817623.869299998739734 ], [ 2790438.104499999433756, 817662.959300000686198 ], [ 2790542.4786999928765, 817718.189899998251349 ], [ 2790593.534100006800145, 817719.24349999986589 ], [ 2790635.401199992746115, 817715.469100001035258 ], [ 2790648.040099998004735, 817723.640900001628324 ], [ 2790850.166500001680106, 817807.420699997339398 ], [ 2790859.265699994750321, 817822.966499999165535 ], [ 2790848.196699996013194, 817850.54069999861531 ], [ 2790938.888099998701364, 817890.272100000409409 ], [ 2790952.518700006883591, 817897.387899996712804 ], [ 2791036.441899998113513, 817941.192099998239428 ], [ 2791089.850100001785904, 817960.510099997976795 ], [ 2791148.534000003710389, 817974.84630000195466 ], [ 2791282.743900003843009, 817990.386100005824119 ], [ 2791377.459299999289215, 817996.587899999227375 ], [ 2791436.908699996769428, 818043.25410000118427 ], [ 2791513.268700000364333, 818069.09110000426881 ], [ 2791547.228899999056011, 818074.157500001136214 ], [ 2791585.503099999390543, 818079.326299999374896 ], [ 2791598.283299995586276, 818092.980100000742823 ], [ 2791616.147899999283254, 818123.562899997225031 ], [ 2791642.228100004140288, 818139.582299999659881 ], [ 2791701.833100002724677, 818145.601700002793223 ], [ 2791715.484899996314198, 818151.387100002961233 ], [ 2791731.083100000396371, 818159.963700004620478 ], [ 2791749.080900001805276, 818174.119700001785532 ], [ 2791763.622100001666695, 818191.367099998984486 ], [ 2791773.881700000260025, 818239.545899994671345 ], [ 2791792.796100000385195, 818255.659500000067055 ], [ 2791820.193300002254546, 818271.132899998221546 ], [ 2791829.7185, 818273.524900001939386 ], [ 2791839.407900000922382, 818275.722099998965859 ], [ 2791864.682300000451505, 818281.453299999237061 ], [ 2791881.587100001983345, 818283.718299996340647 ], [ 2791889.184500005096197, 818284.736999998334795 ], [ 2791927.5110999988392, 818289.875700002303347 ], [ 2791939.540700006764382, 818291.538100001402199 ], [ 2791955.610299992840737, 818292.234700000379235 ], [ 2791985.743299995549023, 818288.801300001097843 ], [ 2792084.956300002057105, 818254.497499998891726 ], [ 2792122.138499993830919, 818265.554300000658259 ], [ 2792128.928199997637421, 818264.970399997662753 ], [ 2792147.612899999599904, 818263.363499996019527 ], [ 2792174.826700003352016, 818257.039700002875179 ], [ 2792201.501900003291667, 818263.703699997626245 ], [ 2792276.144500001799315, 818309.820500001776963 ], [ 2792326.464699998963624, 818338.763300003251061 ], [ 2792354.324100002180785, 818364.976100000087172 ], [ 2792383.801099996548146, 818387.32190000009723 ], [ 2792447.479900003410876, 818420.694100000429899 ], [ 2792448.506400000769645, 818421.232000002637506 ], [ 2792495.482700001448393, 818445.850499998545274 ], [ 2792519.970499999355525, 818450.235700002871454 ], [ 2792551.368900004308671, 818448.864100002218038 ] ] ] ] } },
{ "type": "Feature", "properties": { "CVEGEO": "09010", "CVE_ENT": "09", "CVE_MUN": "010", "NOMGEO": "Álvaro Obregón" }, "geometry": { "type": "MultiPolygon", "coordinates": [ [ [ [ 2794048.982699994929135, 825747.830300003988668 ], [ 2794051.570899999700487, 825695.107099998276681 ], [ 2794050.674899999052286, 825679.392900001257658 ], [ 2794046.320299997460097, 825627.603499998338521 ], [ 2794044.412699997425079, 825601.01749999425374 ], [ 2794038.355099997948855, 825519.893500001868233 ], [ 2794041.703100007027388, 825491.214499999769032 ], [ 2794044.184900002554059, 825484.248299998464063 ], [ 2794052.0351000004448, 825462.578299998072907 ], [ 2794061.964699995238334, 825446.104700000025332 ], [ 2794062.687899998854846, 825445.258900000480935 ], [ 2794073.553099994082004, 825432.548300002003089 ], [ 2794088.186499997973442, 825418.627700002165511 ], [ 2794130.321100001223385, 825387.446900002658367 ], [ 2794152.643299995455891, 825368.832499999552965 ], [ 2794166.403900000732392, 825351.932899997569621 ], [ 2794201.725699994247407, 825301.958100002026185 ], [ 2794202.415299996268004, 825300.879700002260506 ], [ 2794224.611700002569705, 825266.195500002475455 ], [ 2794239.681900004390627, 825233.317899995250627 ], [ 2794252.153299999888986, 825204.218099998077378 ], [ 2794272.382499996572733, 825155.962499996880069 ], [ 2794300.48799999570474, 825089.311900004278868 ], [ 2794305.609100000467151, 825076.151100000133738 ], [ 2794337.78190000122413, 824995.883099996484816 ], [ 2794373.600299996323884, 824910.603500000899658 ], [ 2794391.501500001177192, 824868.059700003359467 ], [ 2794395.921800006646663, 824857.55339999566786 ], [ 2794434.244700000155717, 824765.271900001214817 ], [ 2794437.219700003508478, 824757.312900000950322 ], [ 2794449.348300002049655, 824728.862299998756498 ], [ 2794462.269700001459569, 824697.418699999572709 ], [ 2794466.426900000777096, 824685.380299996584654 ], [ 2794468.855300003662705, 824674.480700001353398 ], [ 2794471.250499999150634, 824663.294499999145046 ], [ 2794472.513499998953193, 824643.014499996323138 ], [ 2794472.299500006251037, 824621.445899997837842 ], [ 2794468.249499996192753, 824598.406499997712672 ], [ 2794438.834100002422929, 824500.86970000108704 ], [ 2794428.717699998058379, 824463.655300001613796 ], [ 2794407.36889999685809, 824367.640099995303899 ], [ 2794380.547100001014769, 824250.612200003582984 ], [ 2794365.685900002717972, 824184.302499996731058 ], [ 2794363.111100004985929, 824172.955699994694442 ], [ 2794347.560699999798089, 824103.48070000205189 ], [ 2794332.96149999415502, 824040.465900000650436 ], [ 2794330.092699998058379, 824028.298700002254918 ], [ 2794315.77870000526309, 823965.692700000246987 ], [ 2794298.476700005121529, 823891.000900000333786 ], [ 2794281.825100000947714, 823817.380500002764165 ], [ 2794275.590699996799231, 823797.582700002705678 ], [ 2794232.367499995511025, 823687.459900002926588 ], [ 2794216.144900003448129, 823645.017299996921793 ], [ 2794191.400199998635799, 823580.279199997428805 ], [ 2794191.119099998380989, 823579.54510000301525 ], [ 2794183.937599997967482, 823560.757599995704368 ], [ 2794176.916399999056011, 823542.388400002149865 ], [ 2794148.976999998092651, 823466.040900002466515 ], [ 2794147.77189999865368, 823459.904300004942343 ], [ 2794146.538599998690188, 823453.28029999579303 ], [ 2794143.324299995787442, 823427.386799995554611 ], [ 2794144.31349999923259, 823311.819100004155189 ], [ 2794144.733600001782179, 823279.293099998030812 ], [ 2794145.176500003319234, 823223.237700002035126 ], [ 2794146.133200001437217, 823171.014299998059869 ], [ 2794147.463000001385808, 823091.01680000196211 ], [ 2794154.458499999251217, 823013.444299997761846 ], [ 2794155.773699999321252, 822998.506000004475936 ], [ 2794163.184500002767891, 822917.438400003826246 ], [ 2794164.540899998508394, 822898.091599998762831 ], [ 2794165.490999993868172, 822874.506299999309704 ], [ 2794164.789399996399879, 822846.456 ], [ 2794152.954599995166063, 822719.208800002234057 ], [ 2794151.404999997466803, 822703.586300000082701 ], [ 2794141.071699997410178, 822610.728899999521673 ], [ 2794128.16139999916777, 822496.06180000375025 ], [ 2794120.991800006479025, 822424.189500002190471 ], [ 2794120.762699996586889, 822402.710599999409169 ], [ 2794121.331900002900511, 822393.974599999142811 ], [ 2794123.737599994987249, 822379.846000004326925 ], [ 2794125.490899999625981, 822369.019999996526167 ], [ 2794136.109499999787658, 822337.848200002452359 ], [ 2794145.689900005236268, 822317.583700002869591 ], [ 2794155.711000002454966, 822294.296199999283999 ], [ 2794166.899899996817112, 822266.327300000237301 ], [ 2794172.165899996645749, 822248.296899996697903 ], [ 2794174.889399994630367, 822234.426100003300235 ], [ 2794176.926500000525266, 822210.710799998370931 ], [ 2794176.545100003480911, 822194.878100000321865 ], [ 2794168.500899997074157, 822103.247300000395626 ], [ 2794163.479700003284961, 822044.458799995947629 ], [ 2794162.193599998019636, 822024.41429999563843 ], [ 2794162.970200003124774, 821997.920600000070408 ], [ 2794165.342500003520399, 821969.341799998655915 ], [ 2794169.313900001347065, 821945.307500003837049 ], [ 2794173.427099998574704, 821927.508299997309223 ], [ 2794180.935700000263751, 821903.105000004172325 ], [ 2794184.639399996958673, 821892.47289999993518 ], [ 2794195.04889999749139, 821867.828299999237061 ], [ 2794205.665999998338521, 821849.435500000137836 ], [ 2794228.869499996770173, 821806.10069999913685 ], [ 2794252.200900005642325, 821764.00500000291504 ], [ 2794262.861100004985929, 821745.073199996957555 ], [ 2794269.835199998226017, 821727.214099999750033 ], [ 2794274.898999999277294, 821708.242199994158 ], [ 2794276.877999994438142, 821697.719799995888025 ], [ 2794278.832799996715039, 821686.345699996687472 ], [ 2794280.084700003731996, 821675.503199994796887 ], [ 2794278.329899999778718, 821636.440099995350465 ], [ 2794274.692500003613532, 821572.010200000135228 ], [ 2794265.3986, 821459.614000002620742 ], [ 2794251.905199996661395, 821310.768400001339614 ], [ 2794314.199699996970594, 821293.247600002912804 ], [ 2794351.12510000448674, 821284.119900002144277 ], [ 2794458.183700005058199, 821262.30769999884069 ], [ 2794506.320499998051673, 821261.286299996078014 ], [ 2794530.231899999082088, 821265.255899996263906 ], [ 2794544.999700001440942, 821264.21170000359416 ], [ 2794554.565900001209229, 821263.065600000321865 ], [ 2794565.066399995237589, 821260.656100002815947 ], [ 2794576.600400001741946, 821256.998199997004122 ], [ 2794593.477599999401718, 821250.499599998584017 ], [ 2794682.784300000872463, 821183.820599995320663 ], [ 2794705.187500000931323, 821172.21609999705106 ], [ 2794723.136899998877198, 821163.253500003367662 ], [ 2794822.19789999909699, 821127.070399997988716 ], [ 2794837.243000004906207, 821126.747299995506182 ], [ 2794854.796599998138845, 821128.722500002477318 ], [ 2794893.97020000172779, 821133.803900002501905 ], [ 2794911.322800006717443, 821134.970299996901304 ], [ 2795011.14349999697879, 821128.647700004978105 ], [ 2795028.859600001946092, 821130.405499999411404 ], [ 2795047.159699997864664, 821137.742499996442348 ], [ 2795090.911199999041855, 821169.372399996733293 ], [ 2795135.993299998342991, 821201.96409999858588 ], [ 2795172.175399994943291, 821225.635699999984354 ], [ 2795221.706799998413771, 821243.825399996945634 ], [ 2795253.679700006265193, 821256.667900004191324 ], [ 2795289.613700000103563, 821267.099599998211488 ], [ 2795313.199499999172986, 821269.508499999530613 ], [ 2795357.780200000386685, 821267.886499998159707 ], [ 2795394.189399999566376, 821270.876800003228709 ], [ 2795414.91399999614805, 821275.600099995965138 ], [ 2795436.034300000406802, 821283.91150000388734 ], [ 2795456.401999999769032, 821296.869399999035522 ], [ 2795470.247000004164875, 821308.330000002169982 ], [ 2795480.166199999395758, 821330.15109999710694 ], [ 2795496.544499998446554, 821370.230800002580509 ], [ 2795536.754900002386421, 821412.266500002937391 ], [ 2795581.124700006563216, 821459.004600000102073 ], [ 2795604.731299996376038, 821483.388100002193823 ], [ 2795635.972399998921901, 821510.980600002221763 ], [ 2795646.762500007171184, 821520.510499999625608 ], [ 2795705.386299999430776, 821461.419200001051649 ], [ 2795751.390500003937632, 821413.927400002721697 ], [ 2795755.868799997493625, 821409.304300001822412 ], [ 2795758.983099992852658, 821406.32809999701567 ], [ 2795826.58590000262484, 821341.721099999034777 ], [ 2795863.181400002446026, 821306.747399998595938 ], [ 2795928.518100001849234, 821244.306300002150238 ], [ 2795960.852599998004735, 821213.39629999967292 ], [ 2795975.994599998462945, 821198.47540000337176 ], [ 2795992.216799996327609, 821182.284099998185411 ], [ 2796048.806700000539422, 821116.073699997272342 ], [ 2796078.142500000540167, 821081.750700000440702 ], [ 2796124.360100001562387, 821029.080300000263378 ], [ 2796145.083699998445809, 821009.886399996001273 ], [ 2796168.792900000233203, 820992.493799996795133 ], [ 2796291.095200001262128, 820917.900399999925867 ], [ 2796290.812299994751811, 820917.157300000078976 ], [ 2796282.492200005799532, 820895.328400000929832 ], [ 2796220.552400001790375, 820732.821299999253824 ], [ 2796189.296300004702061, 820652.401099996175617 ], [ 2796184.570399999152869, 820641.236500000115484 ], [ 2796162.373700003139675, 820604.367500002495944 ], [ 2796104.16469999961555, 820534.020399995148182 ], [ 2796038.515100005082786, 820457.819000000599772 ], [ 2795962.915000001899898, 820366.933299999684095 ], [ 2795934.389600002206862, 820322.79999999795109 ], [ 2795913.43629999877885, 820294.034099997486919 ], [ 2795876.911000001244247, 820253.033400000305846 ], [ 2795851.464800004381686, 820229.39129999675788 ], [ 2795747.287500004749745, 820137.879799996037036 ], [ 2795737.290899998508394, 820129.278900004923344 ], [ 2795728.387000002898276, 820120.269000003812835 ], [ 2795722.481799995526671, 820109.737100000027567 ], [ 2795701.853799995500594, 820072.075899997493252 ], [ 2795690.7226, 820050.788100000936538 ], [ 2795684.238499996252358, 820042.138299997663125 ], [ 2795616.322899995837361, 819971.327999998349696 ], [ 2795603.105600003618747, 819959.490800003288314 ], [ 2795521.172200001776218, 819884.146699995268136 ], [ 2795484.274199997074902, 819846.693399999989197 ], [ 2795466.114900001324713, 819826.205999998375773 ], [ 2795451.056800000369549, 819805.543300000485033 ], [ 2795438.0737000037916, 819781.888599996455014 ], [ 2795435.042700002901256, 819773.701000003376976 ], [ 2795431.36369999917224, 819763.772699997294694 ], [ 2795390.995200003497303, 819538.604400003096089 ], [ 2795384.219099999871105, 819538.709600002039224 ], [ 2795382.375000003259629, 819538.427200003992766 ], [ 2795380.827699994202703, 819538.082100000698119 ], [ 2795378.611199997365475, 819537.393700000364333 ], [ 2795376.659999999217689, 819536.586899995571002 ], [ 2795375.24149999441579, 819535.870100002037361 ], [ 2795373.636399998795241, 819534.895699999760836 ], [ 2795372.583300006110221, 819534.194900000467896 ], [ 2795370.600699997972697, 819532.5882000005804 ], [ 2795369.305200001224875, 819531.319500001147389 ], [ 2795366.92559999646619, 819527.944000001996756 ], [ 2795365.214600000996143, 819524.784800001885742 ], [ 2795363.402700003236532, 819519.184700003359467 ], [ 2795363.305899996310472, 819518.886899998644367 ], [ 2795361.546900000423193, 819519.391100002452731 ], [ 2795354.897100002504885, 819521.29569999454543 ], [ 2795354.729500005021691, 819521.343700003577396 ], [ 2795263.417499993462116, 819547.497100000968203 ], [ 2795263.345700003672391, 819547.517699998803437 ], [ 2795262.7643, 819547.68409999483265 ], [ 2795261.129699997603893, 819548.152100000996143 ], [ 2795260.907499997410923, 819547.890500002773479 ], [ 2795205.504100002348423, 819482.593099996447563 ], [ 2795188.7473, 819469.313099998515099 ], [ 2795171.42010000674054, 819462.703899999847636 ], [ 2795149.359899996314198, 819461.929300002520904 ], [ 2795128.411899998318404, 819410.450499997939914 ], [ 2795121.501500001177192, 819379.937700002687052 ], [ 2795120.952499997802079, 819377.231900000013411 ], [ 2795108.424900003708899, 819315.489499998278916 ], [ 2795101.455700003076345, 819277.781499996781349 ], [ 2795097.139899994712323, 819261.190900005865842 ], [ 2795087.27610000083223, 819238.260099997976795 ], [ 2795070.306100002955645, 819203.363099998096004 ], [ 2795054.398500001989305, 819165.865699995774776 ], [ 2795033.842699995730072, 819135.471299996366724 ], [ 2795002.853500002063811, 819132.1180999961216 ], [ 2794985.452899997122586, 819127.841500001493841 ], [ 2794957.10410000057891, 819110.793499997118488 ], [ 2794917.147100004833192, 819075.861700002569705 ], [ 2794910.197499994188547, 819069.786100000375882 ], [ 2794897.548899999354035, 819058.728299999143928 ], [ 2794834.181500006001443, 818999.046500003663823 ], [ 2794779.141300004441291, 818941.117100000847131 ], [ 2794767.379699996206909, 818903.713499997975305 ], [ 2794761.454300003126264, 818881.754299995023757 ], [ 2794753.720099998638034, 818873.51130000106059 ], [ 2794748.769300000276417, 818868.234699999447912 ], [ 2794737.2193, 818864.510099998442456 ], [ 2794694.850900004152209, 818850.84789999644272 ], [ 2794660.037500005215406, 818837.471500003477558 ], [ 2794627.753900002688169, 818798.78550000465475 ], [ 2794625.354299996513873, 818795.910100005334243 ], [ 2794624.32689999602735, 818794.70349999750033 ], [ 2794605.628300003707409, 818772.743500005453825 ], [ 2794602.346900002099574, 818768.889500003773719 ], [ 2794600.352500000502914, 818767.266500002704561 ], [ 2794568.454300002194941, 818741.304700002772734 ], [ 2794566.790299998596311, 818739.950299997581169 ], [ 2794565.094300006050617, 818738.612500000512227 ], [ 2794505.684299998451024, 818691.741300002438948 ], [ 2794490.284300003200769, 818673.760300001828 ], [ 2794488.321899998933077, 818671.469099994981661 ], [ 2794472.125499998684973, 818652.555899996310472 ], [ 2794415.669300000183284, 818564.857299997704104 ], [ 2794415.458899993915111, 818564.528699997346848 ], [ 2794413.81350000621751, 818565.063899998553097 ], [ 2794388.302499999292195, 818573.349100005580112 ], [ 2794386.397699996829033, 818573.967699997825548 ], [ 2794386.447700005024672, 818573.555699997581542 ], [ 2794395.502499993424863, 818497.12829999695532 ], [ 2794358.768299997784197, 818468.056100003654137 ], [ 2794313.662299994844943, 818403.139700000174344 ], [ 2794300.850699997507036, 818383.294500004965812 ], [ 2794294.796099996659905, 818373.915900003863499 ], [ 2794294.665100000333041, 818373.712699996540323 ], [ 2794294.503099997527897, 818373.462100002914667 ], [ 2794294.485900002066046, 818373.435499998508021 ], [ 2794292.647899999748915, 818373.666700004367158 ], [ 2794292.448100003413856, 818373.695099997567013 ], [ 2794281.194499995559454, 818375.299299998441711 ], [ 2794279.500699995551258, 818375.51130000082776 ], [ 2794263.721100001130253, 818374.251700003398582 ], [ 2794243.250100005883723, 818372.032299995189533 ], [ 2794233.126699994783849, 818369.865299997851253 ], [ 2794093.807500001043081, 818340.041900002397597 ], [ 2793976.105899996589869, 818313.587900003185496 ], [ 2793890.784299999009818, 818287.568500001216307 ], [ 2793777.727300005033612, 818254.027300000423566 ], [ 2793700.018299997318536, 818235.767100002616644 ], [ 2793622.873699999880046, 818218.714099999982864 ], [ 2793602.617299993988127, 818212.685299996752292 ], [ 2793582.894300000276417, 818205.707500003278255 ], [ 2793561.869899999815971, 818193.607900002971292 ], [ 2793547.618900001980364, 818180.179900005925447 ], [ 2793534.36710000410676, 818167.846899998839945 ], [ 2793515.620899997651577, 818146.85989999724552 ], [ 2793467.829499997198582, 818074.692700002342463 ], [ 2793447.087899997830391, 818048.533900003414601 ], [ 2793425.415299993008375, 818021.203299999935552 ], [ 2793402.340700004249811, 817983.709899996174499 ], [ 2793392.303299997001886, 817953.325300000142306 ], [ 2793392.1055, 817952.724100005347282 ], [ 2793394.159300001803786, 817953.118499997770414 ], [ 2793518.534300000872463, 817977.0551 ], [ 2793570.277099997736514, 817987.204299999866635 ], [ 2793704.330500002019107, 818013.390500001143664 ], [ 2793737.686499997507781, 818013.588900003116578 ], [ 2793739.541500002611428, 818013.384500003419816 ], [ 2793747.604900003876537, 818012.491700003156438 ], [ 2793747.610100003425032, 818012.491099998122081 ], [ 2793747.615500004962087, 818012.490300000179559 ], [ 2793749.461899999063462, 818012.28649999666959 ], [ 2793749.466700004413724, 818012.286100002005696 ], [ 2793749.471100006252527, 818012.285100002540275 ], [ 2793761.422499997075647, 818009.599099999759346 ], [ 2793771.499700005166233, 818004.824500001035631 ], [ 2793763.62789999274537, 817979.887299995403737 ], [ 2793762.318699999246746, 817970.894500002264977 ], [ 2793762.252499995287508, 817961.625500001711771 ], [ 2793763.59269999479875, 817938.162500000325963 ], [ 2793766.393499998375773, 817922.328499995637685 ], [ 2793776.598899997305125, 817900.382499998435378 ], [ 2793795.45770000340417, 817869.468299995642155 ], [ 2793831.379299997817725, 817820.109699998283759 ], [ 2793881.893700005486608, 817726.644900003448129 ], [ 2793913.214699999894947, 817676.223699999041855 ], [ 2793945.467699999455363, 817633.083300001453608 ], [ 2793942.832300001289696, 817533.133499999763444 ], [ 2793941.087700003758073, 817465.864100004779175 ], [ 2793942.910899995360523, 817290.048300004797056 ], [ 2793941.77449999935925, 817024.35450000106357 ], [ 2793941.00230000494048, 816885.619499999564141 ], [ 2793942.221899998839945, 816849.899700000416487 ], [ 2793939.144900005776435, 816727.224900002591312 ], [ 2793933.869900000281632, 816706.421099997824058 ], [ 2793770.681500000879169, 816414.481299998704344 ], [ 2793555.156499993056059, 816032.511100003728643 ], [ 2793429.586699997540563, 815813.406899998197332 ], [ 2793310.209499997086823, 815611.313700001919642 ], [ 2793305.891500005498528, 815602.314900001976639 ], [ 2793303.127899999264628, 815593.632499996572733 ], [ 2793301.697300001978874, 815577.460299998288974 ], [ 2793302.535700000822544, 815565.323899995768443 ], [ 2793303.033699996303767, 815559.854100000811741 ], [ 2793303.219300004653633, 815557.814500004751608 ], [ 2793303.551099997013807, 815554.170100002782419 ], [ 2793307.005900000687689, 815547.607500001322478 ], [ 2793308.845299997366965, 815547.431300001684576 ], [ 2793311.024500000756234, 815547.258100001141429 ], [ 2793313.585299994796515, 815547.05449999938719 ], [ 2793363.477100002579391, 815543.087699996307492 ], [ 2793379.71390000032261, 815543.319700000341982 ], [ 2793381.359099994879216, 815543.342900002375245 ], [ 2793381.570099997799844, 815543.112899997737259 ], [ 2793405.838699994143099, 815516.653299995232373 ], [ 2793371.529799997340888, 815476.916900004260242 ], [ 2793366.123400000389665, 815470.723399997223169 ], [ 2793365.186200004070997, 815469.657599998405203 ], [ 2793357.495399996172637, 815460.911300003528595 ], [ 2793356.275799993425608, 815459.524300005054101 ], [ 2793354.746600000653416, 815457.903399999719113 ], [ 2793351.332799999509007, 815454.284800004214048 ], [ 2793255.286600004415959, 815352.479100003140047 ], [ 2793253.289399996399879, 815350.362100005149841 ], [ 2793252.376800005324185, 815349.384199995547533 ], [ 2793248.686099995393306, 815345.429399996995926 ], [ 2793242.109499998856336, 815338.382400000235066 ], [ 2793239.089900006074458, 815335.146700001554564 ], [ 2793236.672399993985891, 815332.556199999293312 ], [ 2793183.989900001790375, 815276.104700000956655 ], [ 2793170.879700001794845, 815262.056600003270432 ], [ 2793158.704699999187142, 815249.258299999637529 ], [ 2792918.536399997305125, 814996.794500003335997 ], [ 2792913.844199998304248, 814991.861999996704981 ], [ 2792896.110200005117804, 814973.21949999849312 ], [ 2792893.830099999438971, 814970.82330000330694 ], [ 2792893.248700004536659, 814970.21029999665916 ], [ 2792891.974799996707588, 814971.027899995911866 ], [ 2792878.364699998404831, 814979.758899997919798 ], [ 2792871.07570000179112, 814989.138700000476092 ], [ 2792866.04139999859035, 814997.989399995887652 ], [ 2792864.124600000213832, 815015.390299999155104 ], [ 2792861.923600006382912, 815015.762800004798919 ], [ 2792861.21659999853, 815015.882400002097711 ], [ 2792859.370300000999123, 815016.141199994366616 ], [ 2792859.361699998844415, 815016.089000002713874 ], [ 2792859.25529999891296, 815015.439500000793487 ], [ 2792850.164300004020333, 814959.950399999972433 ], [ 2792843.854599993675947, 814921.442000003531575 ], [ 2792841.722000004723668, 814907.795600002864376 ], [ 2792840.779899998102337, 814900.786100001540035 ], [ 2792554.169600002467632, 814948.264199994271621 ], [ 2792465.966099998913705, 814963.598200004315004 ], [ 2792390.93760000448674, 814975.85130000161007 ], [ 2792233.429300001356751, 815002.44399999640882 ], [ 2792046.519399997312576, 815032.997100001666695 ], [ 2791995.603899998124689, 815043.575499997241423 ], [ 2791934.714899998158216, 815056.225899998331442 ], [ 2791883.590899995528162, 815072.911799996858463 ], [ 2791826.206699999049306, 815095.160299998708069 ], [ 2791770.301200005225837, 815122.78810000163503 ], [ 2791718.353400003165007, 815154.28340000147 ], [ 2791702.772200001869351, 815165.188700005179271 ], [ 2791671.0807000012137, 815188.819800003897399 ], [ 2791634.782900000456721, 815218.57649999530986 ], [ 2791570.925399994943291, 815281.416200001956895 ], [ 2791564.593200001399964, 815289.272199995815754 ], [ 2791524.063600005581975, 815339.555599999148399 ], [ 2791454.952400002628565, 815431.628699995111674 ], [ 2791440.871600006241351, 815448.91629999736324 ], [ 2791420.684199992567301, 815475.750900004524738 ], [ 2791396.14380000019446, 815508.521699999459088 ], [ 2791369.93810000596568, 815548.358500001719221 ], [ 2791349.818700002506375, 815583.058899997500703 ], [ 2791341.507700006943196, 815598.339699998497963 ], [ 2791320.039099998306483, 815643.213699997402728 ], [ 2791300.16089999768883, 815688.087499994784594 ], [ 2791288.129299999214709, 815722.051499998895451 ], [ 2791276.376300001982599, 815757.492699996801093 ], [ 2791260.5345000019297, 815821.589699994772673 ], [ 2791251.75050000147894, 815864.374300000024959 ], [ 2791249.149499994236976, 815877.649299999698997 ], [ 2791243.160899995826185, 815908.164100003195927 ], [ 2791238.908300001639873, 815930.879100003046915 ], [ 2791225.167300003580749, 816003.956500004045665 ], [ 2791223.930100001394749, 816010.878899996634573 ], [ 2791223.723500000778586, 816012.034899999853224 ], [ 2791215.719700000714511, 816052.42870000237599 ], [ 2791211.570700000505894, 816075.269299997249618 ], [ 2791202.260100001003593, 816124.523500002454966 ], [ 2791197.633699994534254, 816147.980699999025092 ], [ 2791194.539499997161329, 816162.428500002948567 ], [ 2791186.689499992411584, 816199.057100005215034 ], [ 2791183.891300002112985, 816210.98889999743551 ], [ 2791177.821699997875839, 816236.87049999833107 ], [ 2791171.489899998996407, 816263.696300001814961 ], [ 2791168.109300004784018, 816285.338499996578321 ], [ 2791165.082100001163781, 816304.71509999781847 ], [ 2791163.694900000467896, 816335.249299997696653 ], [ 2791164.917099999263883, 816371.870299997506663 ], [ 2791170.344100002665073, 816409.868900004541501 ], [ 2791180.060500002466142, 816439.300099999643862 ], [ 2791187.821899998933077, 816460.083700001006946 ], [ 2791196.442500002216548, 816479.429900001036003 ], [ 2791207.90250000031665, 816499.091699997661635 ], [ 2791221.35189999314025, 816521.679100003326312 ], [ 2791240.156499999575317, 816545.27689999807626 ], [ 2791252.213299999479204, 816557.255900001386181 ], [ 2791255.153099996503443, 816560.176899998215958 ], [ 2791260.329099993687123, 816565.250099999597296 ], [ 2791260.523100002668798, 816565.441300002392381 ], [ 2791265.58620000211522, 816570.403099996503443 ], [ 2791267.747100005391985, 816572.167500002775341 ], [ 2791277.649099996313453, 816580.253500001039356 ], [ 2791308.067500004544854, 816605.093300003092736 ], [ 2791385.341899997554719, 816662.922100001713261 ], [ 2791411.408899996429682, 816682.76529999752529 ], [ 2791462.483100001700222, 816721.645100003574044 ], [ 2791566.004100003745407, 816799.447700000135228 ], [ 2791733.455499996896833, 816925.12749999971129 ], [ 2791897.773900000378489, 817050.830899995751679 ], [ 2791974.066299997270107, 817118.185900000389665 ], [ 2792058.703900005668402, 817216.87949999817647 ], [ 2792068.456300001591444, 817230.970700002973899 ], [ 2792090.9399000024423, 817265.830699998885393 ], [ 2792127.013700005132705, 817332.043699995148927 ], [ 2792158.548299998044968, 817399.523100001970306 ], [ 2792272.769099998753518, 817655.972700003301725 ], [ 2792288.325499993283302, 817689.390900004422292 ], [ 2792293.406099995598197, 817700.30089999944903 ], [ 2792296.221299997530878, 817706.665300000691786 ], [ 2792311.173699999693781, 817740.46610000054352 ], [ 2792315.268700001761317, 817749.725099995965138 ], [ 2792336.771899993997067, 817797.908300002338365 ], [ 2792380.510300003457814, 817895.915299997432157 ], [ 2792402.469699999317527, 817939.145300003001466 ], [ 2792427.419699998572469, 817978.842099994421005 ], [ 2792446.932899999432266, 818009.570699997711927 ], [ 2792477.459100002422929, 818056.617499999003485 ], [ 2792496.664300000760704, 818083.883300001267344 ], [ 2792521.070500005036592, 818115.144299999810755 ], [ 2792544.994900001212955, 818141.073300004703924 ], [ 2792598.031700003892183, 818189.555700001074001 ], [ 2792653.194299999624491, 818243.547099997522309 ], [ 2792667.117899998556823, 818256.763500004541129 ], [ 2792680.128899997100234, 818269.159499997505918 ], [ 2792668.17910000262782, 818277.603499997872859 ], [ 2792632.57410000404343, 818304.186099999817088 ], [ 2792556.207099994178861, 818272.618700003251433 ], [ 2792529.556499999016523, 818261.947900002356619 ], [ 2792504.563299996312708, 818252.124100002460182 ], [ 2792469.522900000680238, 818238.352099998155609 ], [ 2792478.172899996861815, 818251.734100003028288 ], [ 2792518.20490000071004, 818323.066699996124953 ], [ 2792556.977700001560152, 818390.857299997704104 ], [ 2792559.521000001579523, 818395.292299999855459 ], [ 2792586.991700003389269, 818443.195099998731166 ], [ 2792551.368900004308671, 818448.864100002218038 ], [ 2792519.970499999355525, 818450.235700002871454 ], [ 2792495.482700001448393, 818445.850499998545274 ], [ 2792448.506400000769645, 818421.232000002637506 ], [ 2792447.479900003410876, 818420.694100000429899 ], [ 2792383.801099996548146, 818387.32190000009723 ], [ 2792354.324100002180785, 818364.976100000087172 ], [ 2792326.464699998963624, 818338.763300003251061 ], [ 2792276.144500001799315, 818309.820500001776963 ], [ 2792201.501900003291667, 818263.703699997626245 ], [ 2792174.826700003352016, 818257.039700002875179 ], [ 2792147.612899999599904, 818263.363499996019527 ], [ 2792128.928199997637421, 818264.970399997662753 ], [ 2792122.138499993830919, 818265.554300000658259 ], [ 2792084.956300002057105, 818254.497499998891726 ], [ 2791985.743299995549023, 818288.801300001097843 ], [ 2791955.610299992840737, 818292.234700000379235 ], [ 2791939.540700006764382, 818291.538100001402199 ], [ 2791927.5110999988392, 818289.875700002303347 ], [ 2791889.184500005096197, 818284.736999998334795 ], [ 2791881.587100001983345, 818283.718299996340647 ], [ 2791864.682300000451505, 818281.453299999237061 ], [ 2791839.407900000922382, 818275.722099998965859 ], [ 2791829.7185, 818273.524900001939386 ], [ 2791820.193300002254546, 818271.132899998221546 ], [ 2791792.796100000385195, 818255.659500000067055 ], [ 2791773.881700000260025, 818239.545899994671345 ], [ 2791763.622100001666695, 818191.367099998984486 ], [ 2791749.080900001805276, 818174.119700001785532 ], [ 2791731.083100000396371, 818159.963700004620478 ], [ 2791715.484899996314198, 818151.387100002961233 ], [ 2791701.833100002724677, 818145.601700002793223 ], [ 2791642.228100004140288, 818139.582299999659881 ], [ 2791616.147899999283254, 818123.562899997225031 ], [ 2791598.283299995586276, 818092.980100000742823 ], [ 2791585.503099999390543, 818079.326299999374896 ], [ 2791547.228899999056011, 818074.157500001136214 ], [ 2791513.268700000364333, 818069.09110000426881 ], [ 2791436.908699996769428, 818043.25410000118427 ], [ 2791377.459299999289215, 817996.587899999227375 ], [ 2791282.743900003843009, 817990.386100005824119 ], [ 2791148.534000003710389, 817974.84630000195466 ], [ 2791089.850100001785904, 817960.510099997976795 ], [ 2791036.441899998113513, 817941.192099998239428 ], [ 2790952.518700006883591, 817897.387899996712804 ], [ 2790938.888099998701364, 817890.272100000409409 ], [ 2790848.196699996013194, 817850.54069999861531 ], [ 2790859.265699994750321, 817822.966499999165535 ], [ 2790850.166500001680106, 817807.420699997339398 ], [ 2790648.040099998004735, 817723.640900001628324 ], [ 2790635.401199992746115, 817715.469100001035258 ], [ 2790593.534100006800145, 817719.24349999986589 ], [ 2790542.4786999928765, 817718.189899998251349 ], [ 2790438.104499999433756, 817662.959300000686198 ], [ 2790364.232499999459833, 817623.869299998739734 ], [ 2790339.44609999936074, 817606.094999995315447 ], [ 2790321.35249999910593, 817593.706499999621883 ], [ 2790280.492299994919449, 817576.375900004291907 ], [ 2790237.192100004293025, 817570.11949999909848 ], [ 2790187.776100006885827, 817546.283299999311566 ], [ 2790122.524299997836351, 817514.806899996241555 ], [ 2790089.591700002085418, 817453.809100002516061 ], [ 2790065.237899999599904, 817433.993399996776134 ], [ 2790053.413900001905859, 817424.37269999878481 ], [ 2790027.914100001566112, 817364.997899997513741 ], [ 2789888.459500000346452, 817222.382900003576651 ], [ 2789827.016500007826835, 817174.878300002776086 ], [ 2789807.157599998638034, 817164.543300001882017 ], [ 2789626.722300001420081, 817070.641299996525049 ], [ 2789622.437900003045797, 817064.851199996424839 ], [ 2789590.163299996871501, 817021.234699998982251 ], [ 2789582.174700002186, 816989.51949999621138 ], [ 2789537.173100000247359, 816957.991900001186877 ], [ 2789493.145499996840954, 816935.735499998554587 ], [ 2789484.319200004916638, 816933.890999998664483 ], [ 2789407.203599996864796, 816917.775700000813231 ], [ 2789406.2053, 816917.567100000800565 ], [ 2789397.723499997518957, 816916.393499998841435 ], [ 2789351.173700000625104, 816915.431899999035522 ], [ 2789337.1091, 816908.212700001429766 ], [ 2789334.508500005118549, 816906.877900003222749 ], [ 2789315.159499999135733, 816915.967100000241771 ], [ 2789289.110300000756979, 816928.203500001924112 ], [ 2789283.192100006621331, 816928.987299997359514 ], [ 2789256.819300006143749, 816917.747500000521541 ], [ 2789237.025499995797873, 816909.311500006122515 ], [ 2789206.281499994918704, 816900.997900005895644 ], [ 2789201.513300005812198, 816899.70810000016354 ], [ 2789192.2061, 816897.774900004034862 ], [ 2789185.058300006669015, 816896.290099998703226 ], [ 2789178.2813, 816898.948499997379258 ], [ 2789172.323699999134988, 816902.443100002827123 ], [ 2789162.712300004903227, 816912.46769999852404 ], [ 2789151.618499998934567, 816924.038100003963336 ], [ 2789120.781499996315688, 816956.198499996680766 ], [ 2789116.572700001765043, 816960.58810000307858 ], [ 2789116.569700003135949, 816960.591300003696233 ], [ 2789097.919699998572469, 816980.041500001214445 ], [ 2789094.946900004986674, 816995.374099999200553 ], [ 2788979.118100006133318, 817186.599300002912059 ], [ 2788943.924699995666742, 817244.701300001237541 ], [ 2788918.659099999815226, 817283.791100001661107 ], [ 2788914.167699997313321, 817288.822099998826161 ], [ 2788884.001300002913922, 817312.74710000003688 ], [ 2788833.13090000115335, 817338.639100000727922 ], [ 2788825.208700003568083, 817339.494700003648177 ], [ 2788813.302499998360872, 817338.008300002431497 ], [ 2788802.232900002971292, 817336.628500002902001 ], [ 2788760.288300001528114, 817347.743099999381229 ], [ 2788719.06749999942258, 817335.256700000492856 ], [ 2788676.878100000321865, 817332.283300001407042 ], [ 2788649.606000002007931, 817303.1715999962762 ], [ 2788639.917100000660866, 817299.037199995946139 ], [ 2788625.703599997796118, 817295.50829999614507 ], [ 2788588.317199999466538, 817296.143800003221259 ], [ 2788587.708099994808435, 817296.15420000301674 ], [ 2788535.33240000391379, 817290.365499997045845 ], [ 2788450.760099996812642, 817273.495600003749132 ], [ 2788363.883499999530613, 817263.914199998602271 ], [ 2788330.163100000470877, 817255.120099996682256 ], [ 2788301.373099994380027, 817241.384000000311062 ], [ 2788295.276700001675636, 817229.617900002514943 ], [ 2788226.375000001862645, 817188.824299996951595 ], [ 2788194.256499997340143, 817177.872200003126636 ], [ 2788163.27559999935329, 817167.308100000722334 ], [ 2788118.648999993223697, 817166.389300001086667 ], [ 2788084.940500002354383, 817165.692299998831004 ], [ 2788042.8269999967888, 817165.122199997771531 ], [ 2788014.144899999257177, 817169.971500006271526 ], [ 2787922.842900001909584, 817169.172300003934652 ], [ 2787886.876299996860325, 817165.876499995356426 ], [ 2787834.100300003308803, 817156.228299998445436 ], [ 2787808.023299999535084, 817142.379500006092712 ], [ 2787778.478699997998774, 817142.631700004450977 ], [ 2787752.977300001773983, 817149.681900001596659 ], [ 2787741.111899997573346, 817150.657000005478039 ], [ 2787723.893200000748038, 817147.172899996396154 ], [ 2787668.164200004190207, 817128.125000000698492 ], [ 2787646.244499995838851, 817118.076699994271621 ], [ 2787617.661899997387081, 817104.971900004893541 ], [ 2787601.599899996537715, 817085.677700003609061 ], [ 2787573.477700002025813, 817042.377500004135072 ], [ 2787551.991999994497746, 817011.339200005633757 ], [ 2787541.940300003159791, 817011.464899997226894 ], [ 2787525.27289999788627, 816984.472100001294166 ], [ 2787521.836799997836351, 816978.907400002237409 ], [ 2787507.030000001192093, 816955.078600003151223 ], [ 2787500.234299999661744, 816925.311800001421943 ], [ 2787497.52700000628829, 816904.222899998072535 ], [ 2787490.3407, 816879.481100004399195 ], [ 2787480.267600004561245, 816857.650600000517443 ], [ 2787440.765799995046109, 816790.748500002548099 ], [ 2787421.3862000037916, 816760.482700005639344 ], [ 2787397.84559999871999, 816721.086499998578802 ], [ 2787397.843999993987381, 816721.083799997810274 ], [ 2787378.863100000657141, 816692.150599998189136 ], [ 2787369.579599996563047, 816681.033800000790507 ], [ 2787351.209900002926588, 816661.631600003223866 ], [ 2787336.222600001376122, 816651.156600000103936 ], [ 2787322.695100004784763, 816638.509100001538172 ], [ 2787286.613699999637902, 816625.627899998100474 ], [ 2787270.635099998209625, 816609.107900004601106 ], [ 2787254.247699996922165, 816600.485500003676862 ], [ 2787222.535700003616512, 816573.630900003481656 ], [ 2787205.307400004472584, 816549.775700001744553 ], [ 2787162.92589999968186, 816516.842500000726432 ], [ 2787149.5915, 816502.143100003479049 ], [ 2787134.815499999094754, 816485.857099995482713 ], [ 2787085.607500005047768, 816433.102299995953217 ], [ 2787077.812299996614456, 816419.609499997692183 ], [ 2787065.59749999223277, 816386.659899998921901 ], [ 2787040.652299998793751, 816357.084299999987707 ], [ 2787018.163699999451637, 816320.448499998543411 ], [ 2786982.504100006539375, 816226.699900002917275 ], [ 2786961.647100001573563, 816178.53889999887906 ], [ 2786953.129899999592453, 816127.589299997780472 ], [ 2786945.574700000695884, 816112.819300003349781 ], [ 2786897.3953, 816070.25670000561513 ], [ 2786876.304099999368191, 816053.723299995996058 ], [ 2786842.409700001589954, 816010.437699996400625 ], [ 2786842.400099999736995, 816010.425299997441471 ], [ 2786801.61909999512136, 815957.329700000118464 ], [ 2786755.112499993294477, 815920.180699998280033 ], [ 2786735.390299997292459, 815904.537099998444319 ], [ 2786701.011299994308501, 815875.227899994235486 ], [ 2786678.723700001370162, 815856.36650000163354 ], [ 2786662.889700005296618, 815844.771899994229898 ], [ 2786649.099499997217208, 815812.739900002488866 ], [ 2786615.837099999189377, 815786.575500000268221 ], [ 2786599.219299999065697, 815760.347900001797825 ], [ 2786583.693899993319064, 815736.571100001456216 ], [ 2786568.909299998544157, 815719.290699998382479 ], [ 2786561.12830000417307, 815705.012099996441975 ], [ 2786552.905699997674674, 815686.074700004886836 ], [ 2786544.015499998815358, 815669.818700003670529 ], [ 2786539.611300001386553, 815661.766500000143424 ], [ 2786521.592900001909584, 815635.271799996262416 ], [ 2786505.554900000803173, 815636.378899996168911 ], [ 2786456.363199999090284, 815640.569399998988956 ], [ 2786429.259699997957796, 815642.878300001146272 ], [ 2786383.280300000216812, 815664.916300000157207 ], [ 2786364.12149999756366, 815671.450700001325458 ], [ 2786350.824500005692244, 815672.186699998565018 ], [ 2786332.406699997838587, 815696.986900000832975 ], [ 2786332.957099995575845, 815701.875099998898804 ], [ 2786339.112899996805936, 815710.636500002117828 ], [ 2786336.971300002653152, 815716.211899999063462 ], [ 2786320.993499998934567, 815715.103900004876778 ], [ 2786306.112299998756498, 815708.721900004660711 ], [ 2786306.084099998697639, 815708.709699998609722 ], [ 2786291.689699996262789, 815702.132300004130229 ], [ 2786254.50110000371933, 815693.396100002340972 ], [ 2786197.779899995774031, 815661.353700001956895 ], [ 2786150.2753000035882, 815648.905900003155693 ], [ 2786140.635100004263222, 815641.350300000980496 ], [ 2786137.350900005083531, 815635.196499998914078 ], [ 2786135.150100004393607, 815631.072299996623769 ], [ 2786132.010099998675287, 815625.187899997457862 ], [ 2786127.177300001960248, 815603.304299998795614 ], [ 2786121.926499998196959, 815592.847100005019456 ], [ 2786121.910699996631593, 815592.815500002354383 ], [ 2786121.862699996680021, 815592.720299999928102 ], [ 2786110.937700007110834, 815570.962299996288493 ], [ 2786095.547100003343076, 815549.200100000947714 ], [ 2786079.701100002974272, 815514.294100004248321 ], [ 2786066.120899997651577, 815490.430099998600781 ], [ 2786042.210500005632639, 815464.743100002873689 ], [ 2786038.133299995213747, 815460.362899996573105 ], [ 2786042.558300000615418, 815417.163500002818182 ], [ 2786059.905899998731911, 815445.76949999621138 ], [ 2786090.276900003198534, 815415.775300002889708 ], [ 2786074.6579, 815387.158100003143772 ], [ 2786072.066899997647852, 815374.433700002497062 ], [ 2786059.455500000156462, 815332.858700003940612 ], [ 2786046.132099996786565, 815296.595100001432002 ], [ 2786040.150300002656877, 815282.512900002067909 ], [ 2786032.646100002806634, 815264.846700000111014 ], [ 2786022.514899996574968, 815240.996100001968443 ], [ 2786004.829299998003989, 815200.719899997115135 ], [ 2785990.350500005297363, 815167.748900002567098 ], [ 2785981.617899998556823, 815141.631700002588332 ], [ 2785981.240900003351271, 815140.5041000014171 ], [ 2786013.742299995850772, 815120.525900001870468 ], [ 2785994.131699999794364, 815095.264699999475852 ], [ 2785991.369899999815971, 815091.707099999533966 ], [ 2785962.933899997733533, 815055.077499997569248 ], [ 2785962.348300002515316, 815052.640700002899393 ], [ 2785978.46789999678731, 814941.934900003252551 ], [ 2785978.990099994000047, 814938.347699999809265 ], [ 2785990.201100003439933, 814916.86229999945499 ], [ 2785991.916100006084889, 814914.910999995889142 ], [ 2786009.658900003414601, 814894.723300001816824 ], [ 2786013.175299998838454, 814891.550700003048405 ], [ 2786018.174700002186, 814888.678100001066923 ], [ 2786020.617299993056804, 814887.62370000127703 ], [ 2786025.106100000441074, 814885.684300005901605 ], [ 2786046.209100003819913, 814874.652899998705834 ], [ 2786059.868100005201995, 814862.088899996131659 ], [ 2786073.504500000737607, 814841.235899998573586 ], [ 2786088.2761, 814810.37269999505952 ], [ 2786095.576100001577288, 814798.48470000247471 ], [ 2786107.358700002543628, 814780.691099999239668 ], [ 2786112.147699999623001, 814778.520100003341213 ], [ 2786121.397699998226017, 814777.308299995725974 ], [ 2786123.42329999897629, 814777.094500004546717 ], [ 2786130.506500001996756, 814776.346700004534796 ], [ 2786168.265500002540648, 814763.774500003317371 ], [ 2786178.417900003027171, 814759.71029999689199 ], [ 2786181.173100000247359, 814758.607500002719462 ], [ 2786195.313699999358505, 814752.947100001387298 ], [ 2786245.259499996900558, 814735.013699997682124 ], [ 2786260.409699996002018, 814725.295899994438514 ], [ 2786274.030100006144494, 814711.744100000010803 ], [ 2786210.367700005415827, 814669.236099996604025 ], [ 2786182.704099999275059, 814656.992499995976686 ], [ 2786177.180100005120039, 814654.547699995338917 ], [ 2786175.489500005729496, 814653.712900000624359 ], [ 2786136.285899995360523, 814634.339099996490404 ], [ 2786121.332300000824034, 814626.951699996599928 ], [ 2786067.423100002575666, 814598.499700000276789 ], [ 2786047.019500004127622, 814580.921500001568347 ], [ 2786027.190300003159791, 814554.088700000662357 ], [ 2786009.774099998641759, 814530.520299998577684 ], [ 2785972.91049999371171, 814489.294700000202283 ], [ 2785970.812499997671694, 814486.948500004364178 ], [ 2785965.738499998115003, 814481.274099999340251 ], [ 2785956.762900000438094, 814473.514899995177984 ], [ 2785898.79389999806881, 814423.408499998040497 ], [ 2785882.798100000713021, 814410.888499997323379 ], [ 2785890.918499999213964, 814406.133100002072752 ], [ 2785906.210699999704957, 814403.784100000280887 ], [ 2785942.392700000200421, 814398.227100000251085 ], [ 2785957.819099997635931, 814395.857900003902614 ], [ 2785981.584499998483807, 814369.716699995100498 ], [ 2785994.976899994537234, 814361.814499998930842 ], [ 2786018.970300000626594, 814347.66050000092946 ], [ 2786024.716499995440245, 814343.879299997584894 ], [ 2786056.217100000474602, 814323.150299999164417 ], [ 2786066.0594999990426, 814316.673499999800697 ], [ 2786077.463299998082221, 814299.027099997736514 ], [ 2786143.07630000077188, 814275.199900003382936 ], [ 2786145.411300007253885, 814274.351100004976615 ], [ 2786110.500500005204231, 814203.598800002131611 ], [ 2786085.264399999286979, 814149.910400001332164 ], [ 2786062.962700006086379, 814107.554200002923608 ], [ 2785967.699700001627207, 814050.005899999057874 ], [ 2785949.410699998494238, 813957.657099995529279 ], [ 2785968.751000005751848, 813919.929999995743856 ], [ 2785963.484499996993691, 813891.704799994593486 ], [ 2785947.020299999043345, 813790.43390000029467 ], [ 2785934.156099998392165, 813711.254099999787286 ], [ 2785908.877300005871803, 813643.751400002976879 ], [ 2785886.250300000421703, 813624.431799998739734 ], [ 2785882.597999997902662, 813588.929099996574223 ], [ 2785869.716799993999302, 813549.415199995040894 ], [ 2785874.515799996443093, 813500.161499998532236 ], [ 2785803.16869999980554, 813381.576399997808039 ], [ 2785642.340599996503443, 813177.493700001155958 ], [ 2785496.676299992483109, 812928.426000001840293 ], [ 2785624.675599995534867, 812750.357200000435114 ], [ 2785774.529200001154095, 812542.724300004774705 ], [ 2785789.676900001242757, 812521.736399999819696 ], [ 2785803.42380000045523, 812502.689300002297387 ], [ 2785467.409699996002018, 812294.948999997926876 ], [ 2785330.129199994727969, 812207.069600005168468 ], [ 2785330.358999997843057, 812193.226600000169128 ], [ 2785330.619200001936406, 812177.556700002867728 ], [ 2785330.128099998924881, 812134.272199999541044 ], [ 2785327.668600001838058, 812108.694699999177828 ], [ 2785320.285099995322526, 812091.970499998889863 ], [ 2785306.506800003815442, 812084.102700002258644 ], [ 2785297.400200000498444, 812076.246200000168756 ], [ 2785287.903599997982383, 812074.348999999929219 ], [ 2785271.969499998260289, 812081.846200002124533 ], [ 2785251.574000001884997, 812098.30810000281781 ], [ 2785213.311099995858967, 812107.956500001251698 ], [ 2785194.553200000431389, 812102.598799997474998 ], [ 2785168.902599995024502, 812071.606200001901016 ], [ 2785149.76049999659881, 812044.822299995459616 ], [ 2785106.536600003018975, 812019.242299996083602 ], [ 2785089.786799998022616, 812006.837700000964105 ], [ 2785064.456600002944469, 811999.401300001190975 ], [ 2785027.911100002005696, 811998.648699996061623 ], [ 2784993.46170000359416, 811982.787200001301244 ], [ 2784976.703900001011789, 811938.169600000837818 ], [ 2784957.12479999428615, 811857.428699997952208 ], [ 2784900.533500004094094, 811827.009299998870119 ], [ 2784875.028100000694394, 811805.33870000205934 ], [ 2784800.004900002852082, 811664.320499999448657 ], [ 2784755.689700001850724, 811608.976500004297122 ], [ 2784704.961900006514043, 811573.377800001762807 ], [ 2784710.524899995885789, 811543.776500001549721 ], [ 2784729.137799999676645, 811492.682899999897927 ], [ 2784775.674199997447431, 811468.268699998268858 ], [ 2784790.007999998982996, 811439.723400002345443 ], [ 2784787.147299996111542, 811409.138799999607727 ], [ 2784775.343000001739711, 811368.864799995906651 ], [ 2784733.542999996803701, 811330.523499996867031 ], [ 2784701.12019999884069, 811311.692199998535216 ], [ 2784677.993299995083362, 811273.658299997216091 ], [ 2784654.976899995468557, 811235.537099994253367 ], [ 2784633.277000002097338, 811196.103799995267764 ], [ 2784610.26179999532178, 811164.555600002175197 ], [ 2784578.6963000013493, 811145.494600006146356 ], [ 2784562.874200004618615, 811044.798899998655543 ], [ 2784561.35800000699237, 811003.644300000742078 ], [ 2784540.1524, 810959.003299996489659 ], [ 2784484.962800005450845, 810875.741099994629622 ], [ 2784420.835000002756715, 810845.111099995905533 ], [ 2784345.697999995201826, 810816.883299999171868 ], [ 2784304.140900002792478, 810814.406799999764189 ], [ 2784268.601700005121529, 810815.40640000323765 ], [ 2784189.843800004571676, 810827.491599996341392 ], [ 2784156.539599996991456, 810833.124799997080117 ], [ 2784125.089500000234693, 810825.370000003604218 ], [ 2784091.420999994967133, 810801.786300000268966 ], [ 2784071.735400000121444, 810781.047200000146404 ], [ 2784033.939900003839284, 810744.465000002179295 ], [ 2783992.110499997157604, 810703.158199996221811 ], [ 2783957.486100000329316, 810682.862499997252598 ], [ 2783917.902999995741993, 810654.398699998157099 ], [ 2783855.556599993258715, 810628.393500001635402 ], [ 2783820.214999999385327, 810601.242200001841411 ], [ 2783815.97930000256747, 810581.224700000369921 ], [ 2783804.424400000367314, 810526.947600000305101 ], [ 2783724.549999999813735, 810441.916800000704825 ], [ 2783697.986500005237758, 810384.415100003127009 ], [ 2783674.388700001407415, 810346.116299997549504 ], [ 2783671.068300005048513, 810295.474900000728667 ], [ 2783678.913999995682389, 810264.060799999628216 ], [ 2783658.637799998279661, 810220.873699999647215 ], [ 2783654.167700003832579, 810188.144100000383332 ], [ 2783625.841200005728751, 810155.413799999514595 ], [ 2783596.912500004749745, 810126.361099999397993 ], [ 2783564.881100000347942, 810098.853200000245124 ], [ 2783496.503799998667091, 810065.653700000606477 ], [ 2783447.131300002802163, 810041.723299998091534 ], [ 2783387.652399998623878, 810019.339300001272932 ], [ 2783372.051099999342114, 809974.853800002252683 ], [ 2783339.034100004006177, 809927.386800001841038 ], [ 2783290.928299999330193, 809881.7113000031095 ], [ 2783267.956400001421571, 809833.970999998040497 ], [ 2783225.538099993485957, 809818.560600003460422 ], [ 2783167.213200001977384, 809806.276799998013303 ], [ 2783081.355700001586229, 809767.773499996168539 ], [ 2783033.115599994547665, 809772.554899999406189 ], [ 2782997.930299995001405, 809789.4486 ], [ 2782965.557900000363588, 809783.084400000516325 ], [ 2782951.928800000343472, 809764.60820000176318 ], [ 2782903.677500004414469, 809722.122199999168515 ], [ 2782879.829000002238899, 809670.455100003164262 ], [ 2782860.273900003638119, 809611.959000001661479 ], [ 2782834.348599999211729, 809594.137100001564249 ], [ 2782813.360099998302758, 809546.55289999791421 ], [ 2782745.223800005856901, 809516.487099998863414 ], [ 2782694.89049999974668, 809515.500799997476861 ], [ 2782655.330700002610683, 809483.450800003483891 ], [ 2782508.305500004440546, 809432.005100000882521 ], [ 2782410.627699997276068, 809408.329799999017268 ], [ 2782341.323599999304861, 809410.504000004380941 ], [ 2782272.525000002235174, 809423.511999995447695 ], [ 2782205.584100002422929, 809433.423799998592585 ], [ 2782143.810099998489022, 809442.264699999475852 ], [ 2782095.354599995538592, 809411.99709999631159 ], [ 2782044.044599998276681, 809384.461800003657117 ], [ 2781995.70479999948293, 809348.616199999116361 ], [ 2781936.879399996250868, 809337.38450000458397 ], [ 2781890.646500002592802, 809324.665600002044812 ], [ 2781779.792199994903058, 809323.585599997546524 ], [ 2781751.67299999948591, 809307.91290000313893 ], [ 2781724.634500000625849, 809280.348900001496077 ], [ 2781647.332999994978309, 809272.790099998703226 ], [ 2781623.911899999715388, 809273.498599997023121 ], [ 2781601.423099998384714, 809285.74199999589473 ], [ 2781590.906400000210851, 809289.825899997027591 ], [ 2781577.5839, 809291.032699997536838 ], [ 2781557.488499996718019, 809289.482599999988452 ], [ 2781536.451300002634525, 809280.546900000190362 ], [ 2781518.337600004393607, 809255.597199999261647 ], [ 2781491.020199998281896, 809251.691499996930361 ], [ 2781468.065399998798966, 809244.020699999528006 ], [ 2781456.721299997530878, 809237.405300001148134 ], [ 2781446.517899997998029, 809212.81800000439398 ], [ 2781445.089000002481043, 809204.115899995435029 ], [ 2781446.204199995845556, 809196.750999996205792 ], [ 2781449.915800001472235, 809188.155100003350526 ], [ 2781468.707700002007186, 809172.802499994868413 ], [ 2781479.453300000168383, 809158.624199998797849 ], [ 2781491.159100004006177, 809145.363799999002367 ], [ 2781500.263999997172505, 809136.264899994945154 ], [ 2781510.43530000327155, 809126.496899999212474 ], [ 2781520.031700002960861, 809112.593100000405684 ], [ 2781521.769300002604723, 809086.220799999777228 ], [ 2781509.896499997936189, 809070.312800004379824 ], [ 2781493.688500005751848, 809039.897799998288974 ], [ 2781478.751299999654293, 809016.997299995273352 ], [ 2781472.453599993605167, 808972.379500001901761 ], [ 2781448.012699999846518, 808900.21779999602586 ], [ 2781438.733400004915893, 808885.69000000343658 ], [ 2781424.853900004178286, 808866.883599999593571 ], [ 2781410.204300004988909, 808856.394800003152341 ], [ 2781404.085299997124821, 808843.900500003714114 ], [ 2781403.0875, 808824.25969999958761 ], [ 2781413.111499999649823, 808804.943499997491017 ], [ 2781411.075700000394136, 808793.142700001597404 ], [ 2781402.117999999783933, 808774.424000002909452 ], [ 2781392.754200000315905, 808763.844300000695512 ], [ 2781390.311600000597537, 808756.518799999495968 ], [ 2781392.755199999548495, 808748.38050000439398 ], [ 2781402.117700001690537, 808736.173600000794977 ], [ 2781409.235900000669062, 808716.519200005102903 ], [ 2781406.571600000374019, 808702.772200000472367 ], [ 2781404.589100006502122, 808676.408500001998618 ], [ 2781408.013700001873076, 808651.833200000692159 ], [ 2781409.707500001881272, 808642.802000000374392 ], [ 2781409.898399997968227, 808635.515800000634044 ], [ 2781405.85159999737516, 808629.350599999306723 ], [ 2781401.708800005260855, 808627.190599999390543 ], [ 2781398.653300004545599, 808626.497499999124557 ], [ 2781396.016900006681681, 808626.497799997217953 ], [ 2781393.3780000009574, 808626.635000002104789 ], [ 2781389.6294, 808626.497499999124557 ], [ 2781386.576800001319498, 808627.052099996944889 ], [ 2781382.571199996862561, 808627.870399997569621 ], [ 2781366.83079999871552, 808647.633999999379739 ], [ 2781360.126699995715171, 808649.3094999990426 ], [ 2781354.541300002019852, 808647.354399998672307 ], [ 2781350.351299999281764, 808640.095600001513958 ], [ 2781339.737199997063726, 808619.99549999833107 ], [ 2781335.556500006467104, 808614.478200003271922 ], [ 2781328.625399997923523, 808618.702200002735481 ], [ 2781320.707999996375293, 808618.747300000395626 ], [ 2781315.868400003761053, 808612.69199999794364 ], [ 2781289.838199998717755, 808566.1503000035882 ], [ 2781298.272099997382611, 808491.699700006050989 ], [ 2781300.437200000975281, 808438.139699997613207 ], [ 2781287.01340000377968, 808372.468899999978021 ], [ 2781271.986399997025728, 808316.809399995952845 ], [ 2781248.339299995452166, 808267.518700004089624 ], [ 2781223.459900002460927, 808239.698699998436496 ], [ 2781218.66969999531284, 808229.3678999976255 ], [ 2781215.280799997504801, 808213.136200003325939 ], [ 2781216.237000004388392, 808202.771599998930469 ], [ 2781230.809000000357628, 808133.974000001791865 ], [ 2781245.307600001804531, 808107.789300000062212 ], [ 2781247.187000001315027, 808098.868499998236075 ], [ 2781245.167100000195205, 808091.078400001861155 ], [ 2781233.443999995477498, 808083.814500001026317 ], [ 2781230.927000001538545, 808080.846899998374283 ], [ 2781223.8794, 808052.823700003093109 ], [ 2781254.837399994023144, 808012.365200004540384 ], [ 2781253.940300005953759, 807979.926700001815334 ], [ 2781246.293200001586229, 807934.77870000526309 ], [ 2781242.879799995105714, 807923.106699996162206 ], [ 2781235.844199997838587, 807909.631199998781085 ], [ 2781177.270099998451769, 807837.579400000628084 ], [ 2781165.891599997412413, 807809.742400001268834 ], [ 2781145.075200000777841, 807787.69600000185892 ], [ 2781131.721600006334484, 807779.450900003314018 ], [ 2781124.57720000622794, 807777.39390000118874 ], [ 2781115.538599996361881, 807781.967300000600517 ], [ 2781090.934900002088398, 807796.674300000537187 ], [ 2781074.826199998147786, 807804.193999994546175 ], [ 2781061.351299996953458, 807802.936200003605336 ], [ 2781046.178299998864532, 807798.551700000651181 ], [ 2781017.058300007134676, 807785.173599997768179 ], [ 2780991.723200001753867, 807769.494500002125278 ], [ 2780978.131599997170269, 807755.346700003836304 ], [ 2780961.581400004215539, 807738.111600000178441 ], [ 2780943.005800002720207, 807709.276800003601238 ], [ 2780916.963499996811152, 807673.673099994193763 ], [ 2780868.711599995847791, 807620.897600000491366 ], [ 2780779.722400002647191, 807519.937100002542138 ], [ 2780723.902900003828108, 807451.255299997050315 ], [ 2780701.621500001754612, 807396.835099999560043 ], [ 2780674.202699993271381, 807331.593100003199652 ], [ 2780674.571099995169789, 807313.657100003911182 ], [ 2780659.854300000704825, 807256.649700001114979 ], [ 2780661.426600000821054, 807245.456200003391132 ], [ 2780664.119600000791252, 807238.27849999954924 ], [ 2780668.248800001572818, 807229.842399999732152 ], [ 2780673.097100001759827, 807223.562899997690693 ], [ 2780681.054499997291714, 807217.981800000881776 ], [ 2780700.270900002215058, 807208.569700003135949 ], [ 2780707.424000000581145, 807198.374699995154515 ], [ 2780709.241099998354912, 807186.828000000445172 ], [ 2780709.717899999581277, 807170.109700001543388 ], [ 2780713.912199999205768, 807160.93829999724403 ], [ 2780719.812299994751811, 807154.048999998020008 ], [ 2780723.301200000103563, 807142.614100005012006 ], [ 2780712.192500005010515, 807054.41019999794662 ], [ 2780703.979599996469915, 807023.554000000469387 ], [ 2780698.763299997895956, 806965.159200004534796 ], [ 2780726.418099999893457, 806937.518800000892952 ], [ 2780724.014799993019551, 806899.061599996406585 ], [ 2780730.034999994095415, 806829.565199999138713 ], [ 2780740.579999998211861, 806764.164699998684227 ], [ 2780749.095200001262128, 806749.227299999911338 ], [ 2780749.617299993056804, 806736.374400001717731 ], [ 2780750.135099997278303, 806725.154500001342967 ], [ 2780783.123499997891486, 806606.700599998701364 ], [ 2780566.648900003172457, 806598.460799996275455 ], [ 2780559.415799998212606, 806785.728100006235763 ], [ 2780564.500399999320507, 807230.905100003350526 ], [ 2780613.235399997327477, 808601.5381 ], [ 2780611.836700001265854, 808673.109200003324077 ], [ 2780568.767100002616644, 810094.799299997277558 ], [ 2780570.7396, 810184.517999998759478 ], [ 2781063.227399999741465, 811092.297099998220801 ], [ 2781165.206699995789677, 811216.863400005502626 ], [ 2781206.673500005155802, 811276.69469999964349 ], [ 2781225.40999999595806, 811365.701500000664964 ], [ 2781231.743399999570101, 811420.767 ], [ 2781226.109999997075647, 811517.266399999847636 ], [ 2781256.988200004212558, 811585.666400003712624 ], [ 2781248.171800003387034, 811650.206600001314655 ], [ 2781268.995800002478063, 811767.473700004629791 ], [ 2781313.11930000083521, 811819.412700002547354 ], [ 2781325.711499995086342, 811931.896999999880791 ], [ 2781364.923900000285357, 812088.828099999576807 ], [ 2781363.214199993759394, 812165.267600001068786 ], [ 2781352.573499995749444, 812255.399899998679757 ], [ 2781305.8534000008367, 812330.294700004160404 ], [ 2781257.794600005727261, 812521.522000003606081 ], [ 2781265.4655, 812637.126400001114234 ], [ 2781304.422900000587106, 812694.953700000420213 ], [ 2781318.90020000282675, 812805.588700001360849 ], [ 2781348.403199996333569, 812939.102699995273724 ], [ 2781304.877899994142354, 812983.222099998500198 ], [ 2781260.194899996276945, 813045.067499998258427 ], [ 2781245.52080000564456, 813137.176099999109283 ], [ 2781215.0105000003241, 813203.889699995052069 ], [ 2781205.562899997923523, 813234.91840000031516 ], [ 2781198.005999997723848, 813290.804999997606501 ], [ 2781195.748199999798089, 813322.781900004250929 ], [ 2781200.809300000313669, 813349.305700002703816 ], [ 2781204.874300004914403, 813385.416500000981614 ], [ 2781195.425799998920411, 813416.445100001059473 ], [ 2781210.780599999707192, 813460.339100003242493 ], [ 2781188.98110000230372, 813508.426899996818975 ], [ 2781186.838699992280453, 813588.986600002041087 ], [ 2781207.227900001220405, 813662.103199999313802 ], [ 2781225.060700001195073, 813722.184299997985363 ], [ 2781256.483000000938773, 813767.189300002297387 ], [ 2781266.785800003446639, 813803.885899997549132 ], [ 2781279.186600001528859, 813844.320599997648969 ], [ 2781278.755699995905161, 813869.419799997238442 ], [ 2781291.038400005083531, 813902.263800002401695 ], [ 2781300.899999998509884, 813921.694999998202547 ], [ 2781308.516999999526888, 813941.080999999539927 ], [ 2781312.66269999416545, 813961.990800000960007 ], [ 2781306.618900005239993, 813984.243399997940287 ], [ 2781284.969300000928342, 814007.984900003997609 ], [ 2781270.07220000308007, 814022.748400000855327 ], [ 2781258.121600001584738, 814038.484500002348796 ], [ 2781254.078100007027388, 814046.952399997506291 ], [ 2781253.977200005203485, 814051.838299998082221 ], [ 2781256.902299996931106, 814058.209600000409409 ], [ 2781288.22330000018701, 814081.30070000118576 ], [ 2781322.283199999015778, 814112.246800004970282 ], [ 2781357.113799993414432, 814151.350200005574152 ], [ 2781386.914100000634789, 814196.629600001731887 ], [ 2781422.825800003949553, 814213.025499999988824 ], [ 2781433.98430000571534, 814215.909599997801706 ], [ 2781463.530199996195734, 814208.313599997898564 ], [ 2781491.710199994500726, 814208.892099999124184 ], [ 2781507.554099998902529, 814215.947100001620129 ], [ 2781514.788599997758865, 814232.498300003353506 ], [ 2781518.747000000439584, 814271.673000002745539 ], [ 2781513.01870000269264, 814335.550399995874614 ], [ 2781515.111100004054606, 814395.822500004433095 ], [ 2781543.398500001989305, 814454.216899997089058 ], [ 2781578.273000001441687, 814492.412899997550994 ], [ 2781595.737399999517947, 814509.975000005681068 ], [ 2781618.438199993688613, 814520.303000000538304 ], [ 2781680.945399998221546, 814520.382499998202547 ], [ 2781700.365500001236796, 814520.784000002080575 ], [ 2781712.835899997036904, 814539.84590000147 ], [ 2781706.67829999839887, 814563.338199999416247 ], [ 2781694.070200006477535, 814604.360800001071766 ], [ 2781678.704099994152784, 814637.501499997219071 ], [ 2781683.492800001986325, 814673.064599998760968 ], [ 2781700.917199996765703, 814718.743000000016764 ], [ 2781712.949299994856119, 814766.940200001234189 ], [ 2781727.66669999435544, 814785.792500000912696 ], [ 2781749.740199998021126, 814812.783999998820946 ], [ 2781766.304899994749576, 814823.340499998768792 ], [ 2781774.677299998234957, 814824.120199999306351 ], [ 2781788.142700002994388, 814821.351900001754984 ], [ 2781812.570800002664328, 814812.879999999189749 ], [ 2781821.981999997515231, 814807.456500003347173 ], [ 2781830.140399999450892, 814806.462399997748435 ], [ 2781836.084899999666959, 814809.488699998706579 ], [ 2781842.556400002911687, 814815.044400000944734 ], [ 2781847.906699996907264, 814824.040399994933978 ], [ 2781864.475800004322082, 814877.957000002497807 ], [ 2781869.409000003710389, 814886.892200002679601 ], [ 2781874.271000000648201, 814891.797200001543388 ], [ 2781878.471400003414601, 814895.652000001166016 ], [ 2781883.899700004141778, 814898.814299996709451 ], [ 2781890.324899999424815, 814901.021600004052743 ], [ 2781896.732500004116446, 814900.928699999116361 ], [ 2781901.480099995154887, 814897.90419999579899 ], [ 2781965.810299998149276, 814833.700200001476333 ], [ 2781975.089800003916025, 814814.127600000938401 ], [ 2781982.61830000160262, 814781.615300000179559 ], [ 2781985.708099997136742, 814749.010900001274422 ], [ 2781983.607199998572469, 814713.880099999718368 ], [ 2781975.195300000719726, 814684.023199999006465 ], [ 2781975.640999999362975, 814674.90850000246428 ], [ 2781978.091099996119738, 814668.185300000943244 ], [ 2781983.373800000641495, 814658.997799997450784 ], [ 2781991.669800002127886, 814647.65769999451004 ], [ 2782000.806200001388788, 814640.24290000111796 ], [ 2782009.695600002072752, 814633.979400001931936 ], [ 2782018.529400000348687, 814630.012599999085069 ], [ 2782026.864099998027086, 814628.113100001355633 ], [ 2782034.465400002896786, 814628.269000001251698 ], [ 2782044.5798, 814629.625899996608496 ], [ 2782061.689099997747689, 814636.634500003652647 ], [ 2782088.581400003749877, 814653.722700004000217 ], [ 2782109.74610000429675, 814668.570399998687208 ], [ 2782128.763599998317659, 814682.98470000596717 ], [ 2782142.294699998572469, 814703.358600004576147 ], [ 2782151.995499999262393, 814724.678599999984726 ], [ 2782170.912800001911819, 814786.575900001917034 ], [ 2782187.635099999140948, 814830.20570000144653 ], [ 2782185.440900001209229, 814933.387200003489852 ], [ 2782188.988600001204759, 814938.724700003862381 ], [ 2782193.906299997586757, 814943.897000001044944 ], [ 2782199.7963, 814947.975700002163649 ], [ 2782207.399700000882149, 814949.515100001823157 ], [ 2782215.318800003267825, 814951.320000002160668 ], [ 2782224.302899997681379, 814950.114100004546344 ], [ 2782230.4265, 814946.835099996998906 ], [ 2782288.261100003961474, 814875.980900001013651 ], [ 2782293.636899997480214, 814870.934600002365187 ], [ 2782300.533500001300126, 814867.29919999698177 ], [ 2782307.299199996050447, 814865.502899999031797 ], [ 2782313.036600004415959, 814864.423799997894093 ], [ 2782318.861100004520267, 814863.676499997731298 ], [ 2782323.865500006359071, 814864.009000000311062 ], [ 2782329.695800002198666, 814865.68740000249818 ], [ 2782336.460400001145899, 814868.406900001922622 ], [ 2782342.362000004388392, 814872.707800003467128 ], [ 2782348.338300000410527, 814880.901999999536201 ], [ 2782354.630599996075034, 814889.732599996961653 ], [ 2782357.385899998713285, 814895.620600000256673 ], [ 2782372.941299993544817, 814933.707099996507168 ], [ 2782393.834700006060302, 814983.761699996655807 ], [ 2782426.741300002671778, 815065.580400002887473 ], [ 2782430.706500001251698, 815074.911600000225008 ], [ 2782438.013899995014071, 815083.214800000656396 ], [ 2782442.514700006693602, 815086.917499997420236 ], [ 2782447.80119999917224, 815090.082899997010827 ], [ 2782452.032700004987419, 815090.708899998804554 ], [ 2782463.2077999971807, 815091.159700000891462 ], [ 2782483.992899998091161, 815103.22830000333488 ], [ 2782489.435200002510101, 815110.204700002679601 ], [ 2782497.432899999432266, 815112.84580000070855 ], [ 2782507.279400001745671, 815115.833099998068064 ], [ 2782541.030400003772229, 815182.300000002607703 ], [ 2782570.732199993915856, 815249.471500003244728 ], [ 2782591.825200001243502, 815293.641899996902794 ], [ 2782595.253900000359863, 815298.774099994450808 ], [ 2782601.024400002323091, 815303.621399994939566 ], [ 2782607.344700005371124, 815307.94129999843426 ], [ 2782611.759800002444535, 815308.942900001304224 ], [ 2782616.716399997007102, 815308.913600004743785 ], [ 2782622.487499995157123, 815307.596700003603473 ], [ 2782626.307099997065961, 815305.983699999051169 ], [ 2782628.696300003677607, 815304.073300001909956 ], [ 2782632.940900000743568, 815300.766900000395253 ], [ 2782636.588800001423806, 815297.196400001645088 ], [ 2782664.12210000352934, 815269.130500002531335 ], [ 2782685.303000000305474, 815246.815600003581494 ], [ 2782744.202699992805719, 815171.275600001448765 ], [ 2782777.308199999853969, 815130.926800000248477 ], [ 2782787.627100001554936, 815127.858400000492111 ], [ 2782801.545700001996011, 815124.12019999907352 ], [ 2782804.372599992435426, 815123.297800003318116 ], [ 2782810.680499996524304, 815123.42759999865666 ], [ 2782817.501300002913922, 815125.768499997910112 ], [ 2782821.542400003876537, 815131.499699998414144 ], [ 2782824.000600003171712, 815138.848400001646951 ], [ 2782824.546099998988211, 815149.740600005025044 ], [ 2782822.059100002981722, 815296.545399999944493 ], [ 2782820.199300001375377, 815335.38089999742806 ], [ 2782828.852100003510714, 815395.713200003607199 ], [ 2782834.544300000648946, 815418.640700005693361 ], [ 2782836.888499997090548, 815429.646200001239777 ], [ 2782843.080100001301616, 815436.617999996989965 ], [ 2782848.703100003767759, 815439.664000001270324 ], [ 2782854.9835, 815442.360299998661503 ], [ 2782894.279400001745671, 815454.976599997840822 ], [ 2782899.238899998366833, 815457.964899994898587 ], [ 2782901.086000002454966, 815462.467899998882785 ], [ 2782916.119499998167157, 815504.224800005322322 ], [ 2782934.016699995845556, 815556.88760000304319 ], [ 2782940.367499996908009, 815579.505199999548495 ], [ 2782942.989399999845773, 815602.260000000707805 ], [ 2782943.582700002938509, 815626.58869999810122 ], [ 2782935.877800003625453, 815668.821699995547533 ], [ 2782921.976800002157688, 815693.756299996748567 ], [ 2782899.23600000469014, 815748.332499999087304 ], [ 2782878.316699997987598, 815804.821000001626089 ], [ 2782866.122100005857646, 815857.169000000925735 ], [ 2782822.105400002095848, 815948.298400002997369 ], [ 2782822.16489999787882, 815964.241299998247996 ], [ 2782819.786500003188848, 815977.832999999402091 ], [ 2782815.456600003410131, 816009.742299998644739 ], [ 2782807.773100000340492, 816036.940200004493818 ], [ 2782800.930899998173118, 816047.341100002871826 ], [ 2782795.108499993570149, 816053.736699994653463 ], [ 2782754.365799999795854, 816089.183899999363348 ], [ 2782751.064499992877245, 816095.289099995978177 ], [ 2782749.269900004845113, 816101.200800001155585 ], [ 2782750.141000002156943, 816113.117000002646819 ], [ 2782752.005199996754527, 816121.890799996210262 ], [ 2782755.233900006860495, 816127.719300003489479 ], [ 2782760.713799994438887, 816133.451000003609806 ], [ 2782769.044500002637506, 816135.298099999083206 ], [ 2782779.813399999402463, 816136.07259999983944 ], [ 2782797.006800007540733, 816136.837799996836111 ], [ 2782806.663099997676909, 816147.721399998059496 ], [ 2782812.683000000659376, 816164.302000001305714 ], [ 2782814.121600003913045, 816176.302800003672019 ], [ 2782817.638200000859797, 816187.220999997574836 ], [ 2782820.924000004306436, 816205.661299997009337 ], [ 2782819.780800003558397, 816228.75700000138022 ], [ 2782825.148600000422448, 816252.307499997550622 ], [ 2782831.804799999576062, 816266.709599998779595 ], [ 2782846.316399996168911, 816280.91620000032708 ], [ 2782851.258100001141429, 816293.965500001097098 ], [ 2782858.021799996960908, 816305.32899999874644 ], [ 2782864.439699996262789, 816314.067100003594533 ], [ 2782871.410200003068894, 816340.274400002555922 ], [ 2782871.390600004699081, 816358.021000005304813 ], [ 2782867.095600004773587, 816392.025199996540323 ], [ 2782871.027599995490164, 816416.675900000147521 ], [ 2782873.5485, 816436.491799998795614 ], [ 2782879.464599998667836, 816454.174600000260398 ], [ 2782879.101499992888421, 816471.792100000428036 ], [ 2782873.797699999529868, 816487.394399999408051 ], [ 2782872.028199999127537, 816501.659900000784546 ], [ 2782870.804899995680898, 816514.811799996066839 ], [ 2782870.61549999890849, 816525.815899997483939 ], [ 2782871.395900001283735, 816532.414199996506795 ], [ 2782874.761200002394617, 816539.609799997415394 ], [ 2782876.496799994260073, 816541.114700000733137 ], [ 2782881.272799995727837, 816545.256099998718128 ], [ 2782887.201399998739362, 816547.966699997661635 ], [ 2782893.880099998321384, 816549.362100005615503 ], [ 2782907.450400003697723, 816548.024399996269494 ], [ 2782912.554100003093481, 816545.499400005443022 ], [ 2782919.146000001113862, 816540.534799996297807 ], [ 2782925.911899997387081, 816531.898100002435967 ], [ 2782951.072699997574091, 816501.657600003527477 ], [ 2782958.342499999329448, 816484.85370000381954 ], [ 2782972.135100001469254, 816458.97210000292398 ], [ 2783004.005099999252707, 816434.970299996202812 ], [ 2783029.008299998473376, 816424.747099996777251 ], [ 2783037.972099993377924, 816410.889700002269819 ], [ 2783054.123500001151115, 816368.904500001110137 ], [ 2783058.418700002599508, 816346.269099995261058 ], [ 2783072.112899993080646, 816287.780099996598437 ], [ 2783085.329899996519089, 816260.197500005131587 ], [ 2783103.283100000116974, 816233.242899997392669 ], [ 2783116.901099998503923, 816219.039299994707108 ], [ 2783129.498500001151115, 816205.608299998566508 ], [ 2783149.228099998086691, 816196.194499999517575 ], [ 2783177.030500004533678, 816184.639899995410815 ], [ 2783195.327500004786998, 816180.508699995698407 ], [ 2783216.286900002509356, 816177.149900001008064 ], [ 2783241.326700002420694, 816170.741099994862452 ], [ 2783264.012699995189905, 816160.97909999708645 ], [ 2783279.370899998117238, 816147.5538999971468 ], [ 2783312.828299995977432, 816103.474900000263005 ], [ 2783315.900899995584041, 816090.54550000349991 ], [ 2783316.887100000400096, 816078.155299997888505 ], [ 2783312.125299995299429, 816054.746300003258511 ], [ 2783302.353500002995133, 816019.371700003976002 ], [ 2783301.396499997936189, 816009.582499996758997 ], [ 2783305.318099997937679, 816000.286100002704188 ], [ 2783311.457900004927069, 815993.073100004578009 ], [ 2783323.72690000012517, 815987.118099999381229 ], [ 2783346.784300002735108, 815990.314100001938641 ], [ 2783368.522900001145899, 816002.796099998988211 ], [ 2783393.664900000672787, 816022.442699999082834 ], [ 2783403.6987000037916, 816030.244500001892447 ], [ 2783414.892899994272739, 816031.93390000006184 ], [ 2783426.301499998662621, 816029.079700003610924 ], [ 2783436.08410000288859, 816019.743700001155958 ], [ 2783447.050300005823374, 816003.73710000095889 ], [ 2783465.71090000262484, 815972.503699997672811 ], [ 2783473.424299998674542, 815964.786899999249727 ], [ 2783481.33130000019446, 815961.980500001460314 ], [ 2783489.050700003281236, 815961.786099998047575 ], [ 2783492.437899999786168, 815961.700900000752881 ], [ 2783509.495699998922646, 815972.108499998459592 ], [ 2783513.544700000435114, 815981.760700002545491 ], [ 2783515.239100005477667, 815985.800299994880334 ], [ 2783529.519899999722838, 816017.777900002896786 ], [ 2783539.976099993567914, 816042.740899997297674 ], [ 2783548.719300001859665, 816064.446499998914078 ], [ 2783568.249900000169873, 816113.551300001796335 ], [ 2783577.958499995991588, 816138.519899999490008 ], [ 2783586.488700001966208, 816161.443700001109391 ], [ 2783591.21769999479875, 816175.233499997295439 ], [ 2783595.329099994618446, 816190.432500003371388 ], [ 2783604.638299999758601, 816256.440100000239909 ], [ 2783609.545299998018891, 816291.343099998077378 ], [ 2783622.088299999013543, 816323.402700002770871 ], [ 2783633.869099993258715, 816342.584300004411489 ], [ 2783652.2273, 816364.029700001701713 ], [ 2783668.34709999570623, 816378.450699999695644 ], [ 2783687.048899997025728, 816393.517900002421811 ], [ 2783709.116299998015165, 816406.249300000490621 ], [ 2783730.25949999736622, 816414.861699996283278 ], [ 2783754.239100001752377, 816421.402299996931106 ], [ 2783773.159299997612834, 816425.117100003408268 ], [ 2783796.123900000471622, 816429.903100001392886 ], [ 2783830.962500000372529, 816437.601700004655868 ], [ 2783873.579299998003989, 816448.022100004833192 ], [ 2783900.958900001365691, 816456.740499997278675 ], [ 2783906.223499998450279, 816459.190499997697771 ], [ 2783919.684699994046241, 816471.071899995906278 ], [ 2783928.692700000945479, 816483.880500002996996 ], [ 2783931.940899995155632, 816494.193300001556054 ], [ 2783934.120099999010563, 816505.225499998079613 ], [ 2783934.455499995034188, 816519.987699997145683 ], [ 2783932.738700003363192, 816532.678699997486547 ], [ 2783926.315700000617653, 816546.272099999710917 ], [ 2783918.992100002244115, 816556.048300002934411 ], [ 2783907.615500004030764, 816565.87169999955222 ], [ 2783895.002500001806766, 816573.187099999049678 ], [ 2783889.52449999935925, 816576.36430000141263 ], [ 2783855.551900001708418, 816587.980900000780821 ], [ 2783849.465199998579919, 816592.047200002940372 ], [ 2783840.807300001848489, 816597.831300005083904 ], [ 2783834.076499997638166, 816603.638500004308298 ], [ 2783827.636299999430776, 816611.26850000070408 ], [ 2783821.477099996060133, 816622.554099996807054 ], [ 2783819.801299998071045, 816627.593300001695752 ], [ 2783817.931100005749613, 816633.215300004696473 ], [ 2783816.004100000485778, 816639.011700000613928 ], [ 2783809.866899997927248, 816672.827300002099946 ], [ 2783806.327699994668365, 816690.409099996089935 ], [ 2783802.62309999531135, 816710.463300003437325 ], [ 2783799.893500003032386, 816725.239300004439428 ], [ 2783791.485900001600385, 816772.615300002507865 ], [ 2783789.846899997442961, 816789.420299998484552 ], [ 2783788.780099998693913, 816801.557100004283711 ], [ 2783789.378700007218868, 816822.807500001974404 ], [ 2783793.207500007469207, 816845.343300003558397 ], [ 2783798.897300001699477, 816864.063099998515099 ], [ 2783803.750500003341585, 816875.104500002227724 ], [ 2783806.202300001401454, 816880.682700005127117 ], [ 2783815.739699996076524, 816899.399099997710437 ], [ 2783827.602300002705306, 816919.044900000095367 ], [ 2783830.837300000246614, 816924.402100004022941 ], [ 2783872.03889999864623, 817010.489899998763576 ], [ 2783884.240300003904849, 817035.988100002985448 ], [ 2783886.854499999433756, 817043.913899996085092 ], [ 2783887.182499994989485, 817059.667499999981374 ], [ 2783887.018500001635402, 817078.00730000063777 ], [ 2783884.269100000616163, 817089.220300000160933 ], [ 2783848.940300000365824, 817173.916099998168647 ], [ 2783832.880500000435859, 817212.417499996954575 ], [ 2783822.643900002352893, 817241.263299998361617 ], [ 2783819.035300002899021, 817266.399899996584281 ], [ 2783821.084700002800673, 817284.63249999913387 ], [ 2783825.412299996241927, 817301.332699999446049 ], [ 2783831.136100004427135, 817319.80349999666214 ], [ 2783839.907700005918741, 817341.656500001205131 ], [ 2783871.688900002278388, 817391.520300001837313 ], [ 2783875.665500000119209, 817397.562899998389184 ], [ 2783927.384299996774644, 817476.138100001495332 ], [ 2783944.714299995917827, 817502.540300003718585 ], [ 2783985.881700004916638, 817604.017900004051626 ], [ 2784014.42949999962002, 817648.12269999855198 ], [ 2784016.176900003105402, 817650.345299998763949 ], [ 2784017.92409999622032, 817652.567899998975918 ], [ 2784074.796699997037649, 817724.909699997399002 ], [ 2784107.111700000241399, 817758.705499998992309 ], [ 2784130.626299997325987, 817783.29590000002645 ], [ 2784137.582099998835474, 817789.733899997314438 ], [ 2784146.296299999579787, 817795.90150000131689 ], [ 2784156.568299997132272, 817800.938100001774728 ], [ 2784168.326100000180304, 817803.22730000060983 ], [ 2784175.247900004964322, 817802.65710000321269 ], [ 2784182.205899998545647, 817800.161100002005696 ], [ 2784187.872700001113117, 817796.28150000423193 ], [ 2784192.685300003737211, 817791.3588999977801 ], [ 2784196.415100004523993, 817785.045899998862296 ], [ 2784199.126900005154312, 817776.4887000026647 ], [ 2784200.748699996154755, 817767.986100000562146 ], [ 2784200.851700002793223, 817758.049299997510388 ], [ 2784198.5005, 817746.915300004649907 ], [ 2784198.427700001746416, 817746.570900002727285 ], [ 2784180.924099999014288, 817696.64870000211522 ], [ 2784157.007900001481175, 817641.526500003878027 ], [ 2784148.014300001785159, 817620.978700003121048 ], [ 2784146.8835, 817617.840699997032061 ], [ 2784137.799300001002848, 817592.6306999954395 ], [ 2784129.796099997125566, 817564.481500002089888 ], [ 2784127.579499994870275, 817543.695300004910678 ], [ 2784130.560099992901087, 817518.753499995917082 ], [ 2784136.17750000115484, 817492.55970000079833 ], [ 2784149.635499996133149, 817473.060300001874566 ], [ 2784162.926100004464388, 817461.259699998889118 ], [ 2784171.709700001403689, 817452.46729999803938 ], [ 2784183.944499998353422, 817444.175299995345995 ], [ 2784230.819700003601611, 817421.742899995064363 ], [ 2784265.836300001014024, 817405.279100000392646 ], [ 2784286.048899998422712, 817396.665500003378838 ], [ 2784300.30089999595657, 817392.892099995398894 ], [ 2784308.215700001921505, 817396.564899999415502 ], [ 2784299.392100001685321, 817405.308899996802211 ], [ 2784264.692699996754527, 817443.119299999903888 ], [ 2784263.803299998864532, 817444.050700000021607 ], [ 2784240.653700002003461, 817468.294300005305558 ], [ 2784231.790899996645749, 817480.88629999756813 ], [ 2784231.402300000190735, 817481.652699996018782 ], [ 2784230.204300003591925, 817484.01549999974668 ], [ 2784225.210699995979667, 817493.864900004584342 ], [ 2784220.348699999041855, 817510.826299999840558 ], [ 2784219.023300000932068, 817525.481899997219443 ], [ 2784219.24509999807924, 817529.60650000278838 ], [ 2784219.517099996097386, 817534.620900000678375 ], [ 2784221.611699998844415, 817547.114299997221678 ], [ 2784227.364100002218038, 817563.364500002237037 ], [ 2784241.74009999865666, 817594.966500000329688 ], [ 2784278.553700004238635, 817677.77769999881275 ], [ 2784287.761900002136827, 817696.889899995643646 ], [ 2784295.021900000516325, 817711.954099999507889 ], [ 2784318.847299997229129, 817766.299700001254678 ], [ 2784343.161300006788224, 817818.290899999672547 ], [ 2784373.589500001166016, 817891.766700000502169 ], [ 2784452.768299993593246, 818099.594499999424443 ], [ 2784459.969499997328967, 818116.803900001803413 ], [ 2784463.450300000607967, 818122.771099995588884 ], [ 2784467.101499998476356, 818129.032900002319366 ], [ 2784477.24930000398308, 818139.620699998224154 ], [ 2784487.835300002247095, 818146.939100005431101 ], [ 2784501.843300000298768, 818155.841299999970943 ], [ 2784513.320099999196827, 818159.565100003033876 ], [ 2784526.485499998088926, 818161.823900000657886 ], [ 2784541.602300005964935, 818163.372099995380268 ], [ 2784580.783599999733269, 818158.464500000933185 ], [ 2784596.047300001606345, 818156.407499998807907 ], [ 2784621.374400001019239, 818148.860800005495548 ], [ 2784650.439200002234429, 818136.588799993973225 ], [ 2784665.654899995308369, 818127.218800003873184 ], [ 2784680.0394999939017, 818117.520500002428889 ], [ 2784747.800899995490909, 818070.578100001905113 ], [ 2784764.424500000663102, 818061.635599997360259 ], [ 2784780.28029999602586, 818054.498099998338148 ], [ 2784791.765399998985231, 818050.091999998083338 ], [ 2784805.461299999151379, 818044.445999995106831 ], [ 2784930.411099999211729, 818008.929099996108562 ], [ 2784946.563400001265109, 818005.396499995840713 ], [ 2784958.753700005356222, 818006.37189999781549 ], [ 2784967.417699996381998, 818008.362300001084805 ], [ 2784976.52729999832809, 818012.175099998246878 ], [ 2784983.774499994702637, 818018.364000001689419 ], [ 2784988.849099998828024, 818026.375200002454221 ], [ 2784991.638199996203184, 818037.023800000781193 ], [ 2784993.598300003446639, 818108.12380000250414 ], [ 2784990.788099999539554, 818124.610399995697662 ], [ 2784984.926799997221678, 818136.968499999027699 ], [ 2784979.534100006334484, 818147.285199999576434 ], [ 2784973.124800000339746, 818155.210000001825392 ], [ 2784931.633900003042072, 818177.0122 ], [ 2784894.024800003971905, 818196.99350000382401 ], [ 2784883.958499995525926, 818206.333999996073544 ], [ 2784877.191800001077354, 818216.432600000174716 ], [ 2784872.938399999868125, 818228.841000000946224 ], [ 2784871.815300005953759, 818241.701900004874915 ], [ 2784872.852399996016175, 818253.329599996563047 ], [ 2784893.9591, 818247.772299998207018 ], [ 2784927.232099999208003, 818243.667899996042252 ], [ 2784961.269500006455928, 818245.894399998243898 ], [ 2784990.076800004113466, 818254.610800000140443 ], [ 2785007.611500001046807, 818270.897000001044944 ], [ 2785030.466899997554719, 818277.852300002705306 ], [ 2785076.622100000269711, 818276.008600000757724 ], [ 2785114.598399999551475, 818284.343899994855747 ], [ 2785150.697400003671646, 818291.693000001600012 ], [ 2785201.76870000641793, 818317.141499995719641 ], [ 2785272.924500003922731, 818357.679700002307072 ], [ 2785349.655100001953542, 818391.118000001646578 ], [ 2785411.325900006573647, 818421.285100006265566 ], [ 2785473.154399999883026, 818445.776299997232854 ], [ 2785511.716399999801069, 818466.766299997922033 ], [ 2785565.076499998103827, 818489.1184000025969 ], [ 2785595.690399997401983, 818500.724300004076213 ], [ 2785630.703800002578646, 818524.454700000118464 ], [ 2785658.939099996816367, 818541.988399997353554 ], [ 2785689.72489999840036, 818558.657600000267848 ], [ 2785708.171400006394833, 818565.182300003245473 ], [ 2785725.725999999325722, 818569.786600003717467 ], [ 2785737.231200000271201, 818576.109700004104525 ], [ 2785755.77989999903366, 818590.210200003813952 ], [ 2785774.050600002054125, 818602.72989999782294 ], [ 2785791.173000000882894, 818611.424299998907372 ], [ 2785816.781499998643994, 818621.31129999528639 ], [ 2785849.175999999511987, 818637.075200002407655 ], [ 2785883.74620000552386, 818654.161299998406321 ], [ 2785960.838100002612919, 818686.031800004653633 ], [ 2785995.508700002450496, 818710.383599998895079 ], [ 2786034.959299993235618, 818733.286300002830103 ], [ 2786049.582900002133101, 818752.337000004481524 ], [ 2786085.67819999717176, 818782.097299999790266 ], [ 2786100.12650000071153, 818785.02870000526309 ], [ 2786119.975699994713068, 818775.169900000328198 ], [ 2786143.5299, 818768.581299999495968 ], [ 2786154.953400002326816, 818766.69009999698028 ], [ 2786165.726899994071573, 818765.41580000333488 ], [ 2786174.89339999621734, 818765.046100003644824 ], [ 2786184.676299999002367, 818765.327399996574968 ], [ 2786191.544399995356798, 818768.042800001101568 ], [ 2786198.110500004142523, 818770.444399998057634 ], [ 2786201.811299998313189, 818773.394299996551126 ], [ 2786205.46480000205338, 818778.227900000289083 ], [ 2786209.765800000168383, 818782.457800001138821 ], [ 2786217.186199996620417, 818788.039899997413158 ], [ 2786222.738300004042685, 818792.612700000638142 ], [ 2786242.531200002413243, 818818.434799996903166 ], [ 2786277.257399995811284, 818863.313800002681091 ], [ 2786307.255999999586493, 818918.798799999523908 ], [ 2786332.639399994630367, 818958.984200003789738 ], [ 2786349.571199995465577, 818985.673899998655543 ], [ 2786359.363999997731298, 819007.74720000079833 ], [ 2786365.474200001452118, 819014.868899998487905 ], [ 2786381.41830000653863, 819020.684199999785051 ], [ 2786391.841600000392646, 819020.349600001471117 ], [ 2786407.031900007743388, 819019.206100002629682 ], [ 2786419.06350000621751, 819018.27620000182651 ], [ 2786429.842699997592717, 819016.693200003821403 ], [ 2786442.190400001127273, 819015.460200002184138 ], [ 2786450.730300005525351, 819015.077599994838238 ], [ 2786459.825500000268221, 819017.231700002215803 ], [ 2786469.463799997232854, 819022.558100001420826 ], [ 2786471.624999998603016, 819024.189199996180832 ], [ 2786480.94089999422431, 819040.874600003473461 ], [ 2786483.762100002728403, 819052.636799999279901 ], [ 2786489.09150000102818, 819060.249300002120435 ], [ 2786491.652000004891306, 819063.913899998413399 ], [ 2786501.565899995155632, 819070.834300000453368 ], [ 2786507.482000002637506, 819073.839800001820549 ], [ 2786518.470799993723631, 819076.052099998807535 ], [ 2786527.550599999260157, 819078.51390000176616 ], [ 2786536.350800004322082, 819080.03200000221841 ], [ 2786541.701500001829118, 819080.810799999628216 ], [ 2786547.658100002910942, 819082.241599998204038 ], [ 2786552.633400001097471, 819084.907800001092255 ], [ 2786556.645399998407811, 819088.183899997733533 ], [ 2786560.906900001689792, 819093.988500001374632 ], [ 2786562.337700000498444, 819099.076800002483651 ], [ 2786562.195100002922118, 819104.132799999555573 ], [ 2786560.476399999577552, 819120.181600003736094 ], [ 2786562.300700005143881, 819133.818299997365102 ], [ 2786565.489900003187358, 819143.693100005155429 ], [ 2786572.527700001373887, 819151.789700004737824 ], [ 2786579.389500001911074, 819154.825399996945634 ], [ 2786586.371200006455183, 819153.4438 ], [ 2786596.551700001582503, 819150.887800002703443 ], [ 2786605.153300003148615, 819147.982599998591468 ], [ 2786614.337200002744794, 819147.293299994897097 ], [ 2786621.514899997971952, 819150.025899994885549 ], [ 2786628.292500000447035, 819156.212000000989065 ], [ 2786632.867799994070083, 819161.714599999831989 ], [ 2786635.083899996709079, 819172.826100000878796 ], [ 2786634.702200001105666, 819186.078499994939193 ], [ 2786635.181999992579222, 819202.511500002350658 ], [ 2786635.459699999541044, 819215.150399998761714 ], [ 2786636.98700000718236, 819228.142200002679601 ], [ 2786643.139700003899634, 819233.687100001843646 ], [ 2786649.373000003397465, 819236.699700006050989 ], [ 2786660.672799996100366, 819238.91700000106357 ], [ 2786670.483899998944253, 819238.250699997879565 ], [ 2786678.981299992650747, 819239.43409999483265 ], [ 2786691.250400001648813, 819241.043899998767301 ], [ 2786703.431799996644258, 819245.496000000042841 ], [ 2786711.495699997525662, 819250.78039999702014 ], [ 2786719.153599996119738, 819259.210200000787154 ], [ 2786722.681199998129159, 819268.153000003425404 ], [ 2786724.868699997197837, 819280.21230000234209 ], [ 2786726.47950000083074, 819290.0425999998115 ], [ 2786729.62770000519231, 819301.502000001724809 ], [ 2786734.944399997126311, 819314.60359999909997 ], [ 2786739.840300003066659, 819320.102499997476116 ], [ 2786748.785700001288205, 819327.62059999583289 ], [ 2786757.796300003770739, 819332.934099996229634 ], [ 2786766.310599994380027, 819333.169500002404675 ], [ 2786773.626699995715171, 819331.176100000040606 ], [ 2786782.974099997896701, 819324.492900001816452 ], [ 2786793.292099996004254, 819317.202199995052069 ], [ 2786800.3398999995552, 819313.61720000137575 ], [ 2786806.708400004543364, 819311.583699999609962 ], [ 2786814.980899996589869, 819309.607500001555309 ], [ 2786824.111400003544986, 819310.503800000529736 ], [ 2786834.7462, 819313.956099996343255 ], [ 2786844.037100004497916, 819320.224499997217208 ], [ 2786851.080699998885393, 819328.002299999818206 ], [ 2786855.61529999691993, 819335.079699997790158 ], [ 2786863.647400001995265, 819341.302000001305714 ], [ 2786870.207000004593283, 819344.021799999056384 ], [ 2786890.814400007016957, 819352.178900003200397 ], [ 2786898.983900001272559, 819353.675200004363433 ], [ 2786904.984100000932813, 819353.529300000984222 ], [ 2786915.43069999339059, 819352.567299997666851 ], [ 2786923.317500000353903, 819352.789699999848381 ], [ 2786936.941100002266467, 819362.328299995744601 ], [ 2786943.71819999627769, 819368.526700004469603 ], [ 2786963.237200002186, 819370.344700005138293 ], [ 2786977.128700007218868, 819370.741400003898889 ], [ 2786987.649200002662838, 819378.301899999147281 ], [ 2786992.4857, 819385.696499998215586 ], [ 2786998.381899993401021, 819400.703800001647323 ], [ 2787002.366199999116361, 819404.92560000019148 ], [ 2787007.961599997710437, 819407.925099994987249 ], [ 2787022.753700006753206, 819409.607699997257441 ], [ 2787031.950499996542931, 819408.289600003510714 ], [ 2787038.904700002167374, 819407.853799996199086 ], [ 2787046.748599994927645, 819409.663099998375401 ], [ 2787070.51889999769628, 819419.549100003903732 ], [ 2787078.159500004258007, 819425.971599998185411 ], [ 2787086.480999996419996, 819434.206799996783957 ], [ 2787096.73659999622032, 819439.067300003254786 ], [ 2787108.674900003708899, 819442.462999996729195 ], [ 2787126.368400003295392, 819449.258699998259544 ], [ 2787168.35740000102669, 819467.194899999303743 ], [ 2787171.887900005560368, 819470.161699995165691 ], [ 2787174.728399996645749, 819477.033399995649233 ], [ 2787174.07700000051409, 819482.770799995400012 ], [ 2787169.94569999538362, 819486.83979999832809 ], [ 2787163.857000001706183, 819487.670699999667704 ], [ 2787154.570499998517334, 819483.433599999640137 ], [ 2787142.567300002090633, 819476.690300000365824 ], [ 2787111.750699995551258, 819463.293300000717863 ], [ 2787101.422499998938292, 819459.440400003921241 ], [ 2787095.189199999440461, 819459.063000005204231 ], [ 2787086.141199998091906, 819459.722500003641471 ], [ 2787057.839900001883507, 819467.263400000752881 ], [ 2787047.173099999316037, 819468.402100003324449 ], [ 2787032.481699999421835, 819468.254999998491257 ], [ 2787007.178000003565103, 819461.835200004978105 ], [ 2786991.94100000243634, 819453.491200003540143 ], [ 2786978.561600001528859, 819444.395500000100583 ], [ 2786967.259199996013194, 819433.826999995624647 ], [ 2786961.183999997097999, 819431.973099995404482 ], [ 2786955.068300004117191, 819432.077199998311698 ], [ 2786949.822899993043393, 819434.733799999346957 ], [ 2786948.779400002211332, 819440.590699999826029 ], [ 2786954.117299997247756, 819448.234400001820177 ], [ 2786960.414100000169128, 819454.392700002295896 ], [ 2787006.8188, 819483.598999995971099 ], [ 2787028.620200000237674, 819489.139400005806237 ], [ 2787044.3155000009574, 819491.211200000718236 ], [ 2787067.510700004175305, 819492.689999999478459 ], [ 2787076.960600004531443, 819493.920500002102926 ], [ 2787087.420799997169524, 819498.763999996939674 ], [ 2787095.511100000701845, 819505.170800003921613 ], [ 2787103.871100005228072, 819514.628900002688169 ], [ 2787111.128799997735769, 819524.625599996186793 ], [ 2787118.178699996788055, 819538.481400003656745 ], [ 2787126.460699994117022, 819555.799899998120964 ], [ 2787135.58959999633953, 819568.232599997194484 ], [ 2787145.673500003758818, 819580.260699996724725 ], [ 2787169.988100001122802, 819599.101100005907938 ], [ 2787208.517200000584126, 819622.5236000046134 ], [ 2787239.952600000891834, 819642.889199999161065 ], [ 2787244.225500003900379, 819646.970800002804026 ], [ 2787249.236999999266118, 819653.9183999968227 ], [ 2787251.153800006490201, 819659.449800000991672 ], [ 2787251.887699999380857, 819664.360299997963011 ], [ 2787251.430699997581542, 819669.245800003875047 ], [ 2787250.785899995826185, 819674.196300003910437 ], [ 2787248.399100000504404, 819680.204000000841916 ], [ 2787245.157899994868785, 819685.242699997033924 ], [ 2787241.979499999899417, 819688.925799995427951 ], [ 2787238.289299998898059, 819691.848300000652671 ], [ 2787235.388199998065829, 819693.073600003262982 ], [ 2787232.052299998700619, 819693.756100002210587 ], [ 2787230.622900003101677, 819693.59350000298582 ], [ 2787228.715499996207654, 819693.376500002574176 ], [ 2787217.693199999630451, 819691.131200000178069 ], [ 2787177.258100004866719, 819682.894300000276417 ], [ 2787163.587700004223734, 819680.109599996358156 ], [ 2787158.475599995814264, 819680.458999996306375 ], [ 2787155.283200006000698, 819681.328900001244619 ], [ 2787151.516699999105185, 819682.355199996847659 ], [ 2787144.282900001388043, 819686.62980000092648 ], [ 2787139.430100002791733, 819690.953299999469891 ], [ 2787135.014999996870756, 819697.101200000150129 ], [ 2787132.513600002974272, 819702.971099995775148 ], [ 2787130.428199999034405, 819710.757799998857081 ], [ 2787128.614100000355393, 819718.723999998299405 ], [ 2787127.433500000741333, 819723.908299999777228 ], [ 2787127.264000000432134, 819724.652499995660037 ], [ 2787126.020400006324053, 819739.827000001911074 ], [ 2787132.0022, 819762.788400003919378 ], [ 2787137.402900005690753, 819786.225599998841062 ], [ 2787140.088899999856949, 819818.614300003973767 ], [ 2787140.143300001043826, 819851.515900002326816 ], [ 2787137.749700001440942, 819879.703800001181662 ], [ 2787120.118500004522502, 819957.129099995596334 ], [ 2787112.801200001966208, 819994.402900003129616 ], [ 2787070.510300004389137, 820146.996700002346188 ], [ 2787049.935999995563179, 820265.619000000180677 ], [ 2787034.039800002705306, 820330.103499998338521 ], [ 2787022.727900000289083, 820397.952499999664724 ], [ 2787015.217699993867427, 820451.536900002975017 ], [ 2786982.983300001826137, 820600.78270000172779 ], [ 2786946.666499998886138, 820766.233899997081608 ], [ 2786930.869499998632818, 820843.835899999598041 ], [ 2786921.24270000634715, 820874.852100000716746 ], [ 2786907.523900002241135, 820898.730699997395277 ], [ 2786889.21989999525249, 820917.676299996674061 ], [ 2786862.469499994534999, 820940.395300003932789 ], [ 2786844.294300001114607, 820954.686699999496341 ], [ 2786829.138099995441735, 820966.059099997626618 ], [ 2786802.890100000426173, 820982.12389999604784 ], [ 2786771.689499992411584, 821000.514300001086667 ], [ 2786741.115299998316914, 821015.522900002542883 ], [ 2786699.109899993985891, 821031.607299999101087 ], [ 2786644.699900003150105, 821048.912500000093132 ], [ 2786589.495300005190074, 821064.31809999817051 ], [ 2786528.591499994974583, 821080.997499998891726 ], [ 2786500.997500004246831, 821089.482099998742342 ], [ 2786475.285099996719509, 821098.588100005406886 ], [ 2786444.594499997328967, 821113.187699996633455 ], [ 2786415.350500006228685, 821127.09950000140816 ], [ 2786318.485500001814216, 821163.596900005359203 ], [ 2786344.376300001051277, 821209.978100005304441 ], [ 2786350.409100003074855, 821232.659300001570955 ], [ 2786354.383299998007715, 821258.006299997447059 ], [ 2786355.902900006622076, 821290.698900001356378 ], [ 2786354.378500001505017, 821327.081699997652322 ], [ 2786350.613099999725819, 821355.694699997315183 ], [ 2786345.789899995550513, 821383.736700001405552 ], [ 2786341.194899998605251, 821396.231700002448633 ], [ 2786337.621100002434105, 821412.825500002829358 ], [ 2786331.404900002293289, 821451.283699997933581 ], [ 2786318.947099998127669, 821524.038899999577552 ], [ 2786315.775300005916506, 821548.014100001892075 ], [ 2786315.769299999345094, 821601.818500004475936 ], [ 2786321.039099996443838, 821634.338500004028901 ], [ 2786327.339699996169657, 821662.799900000682101 ], [ 2786335.368299994152039, 821690.916700002271682 ], [ 2786357.004900003317744, 821751.779700002633035 ], [ 2786388.051499996799976, 821835.38509999634698 ], [ 2786412.222699998412281, 821900.66389999515377 ], [ 2786447.549099995754659, 821992.008299998706207 ], [ 2786485.382700000889599, 822072.117499999934807 ], [ 2786459.820099998731166, 822095.26689999550581 ], [ 2786450.06069999653846, 822101.671900004846975 ], [ 2786441.093499999493361, 822103.457100001629442 ], [ 2786431.058100000489503, 822100.698899996932596 ], [ 2786408.817100004758686, 822083.076499994844198 ], [ 2786381.045500002801418, 822056.843300001695752 ], [ 2786370.135499998927116, 822042.806499998318031 ], [ 2786365.958299998193979, 822028.677099996944889 ], [ 2786363.848700001370162, 822013.858499997062609 ], [ 2786361.752700004726648, 822003.662699999986216 ], [ 2786358.677299998700619, 821988.717500005615875 ], [ 2786349.243499998003244, 821956.379900005180389 ], [ 2786344.207099999301136, 821946.864300000714138 ], [ 2786323.83890000032261, 821908.302500002551824 ], [ 2786301.471699995454401, 821864.791900005424395 ], [ 2786278.067699999082834, 821820.909300002502277 ], [ 2786268.1491, 821803.059299998451024 ], [ 2786264.7333, 821799.275900002801791 ], [ 2786256.043899996671826, 821789.650899999542162 ], [ 2786237.345900001004338, 821773.553499998757616 ], [ 2786207.07069999538362, 821747.852499999338761 ], [ 2786194.086700004525483, 821739.980700004380196 ], [ 2786179.318899993319064, 821734.665099999401718 ], [ 2786168.655900005251169, 821731.679899997776374 ], [ 2786155.896099996753037, 821729.686899998923764 ], [ 2786139.960299995262176, 821730.742299998179078 ], [ 2786138.170500003732741, 821731.648900000145659 ], [ 2786120.432899997569621, 821740.632300002034754 ], [ 2786078.436899993568659, 821757.68230000580661 ], [ 2786068.537100003566593, 821768.097900000633672 ], [ 2786084.884099998045713, 821787.983500002184883 ], [ 2786117.27809999929741, 821829.081499997759238 ], [ 2786141.470100000500679, 821878.648899996653199 ], [ 2786148.09469999698922, 821900.789299997268245 ], [ 2786153.011100004427135, 821919.475700000766665 ], [ 2786155.109899998176843, 821938.286299996078014 ], [ 2786155.932300002779812, 821950.114899997599423 ], [ 2786156.823900001589209, 821978.438900005305186 ], [ 2786152.93410000577569, 822009.269499997841194 ], [ 2786148.641099995933473, 822034.471899996977299 ], [ 2786139.090499995741993, 822072.492300003068522 ], [ 2786085.482100001070648, 822055.865900000790134 ], [ 2785993.425300006289035, 822029.479099996387959 ], [ 2785959.808899995870888, 822112.692299998598173 ], [ 2785954.476700000464916, 822129.381899997591972 ], [ 2785951.543300004675984, 822145.600299998419359 ], [ 2785950.821500004269183, 822159.470699996920303 ], [ 2785951.002099996898323, 822168.971900003030896 ], [ 2785952.286500000860542, 822179.494500003056601 ], [ 2785956.015300002414733, 822191.822300001280382 ], [ 2785959.381699999328703, 822200.245900005567819 ], [ 2785963.944300004746765, 822208.360100004123524 ], [ 2785968.998899998608977, 822215.992300001671538 ], [ 2785975.074900004081428, 822223.307299997890368 ], [ 2785982.116700001060963, 822229.427299996139482 ], [ 2785989.538099997211248, 822235.854700000956655 ], [ 2786002.644100005738437, 822244.397700000787154 ], [ 2786015.84749999968335, 822250.352499995613471 ], [ 2786024.7972999997437, 822253.332499997457489 ], [ 2786034.855300004594028, 822256.097499998053536 ], [ 2786045.485100002493709, 822258.555500004207715 ], [ 2786058.099700000602752, 822260.660300004994497 ], [ 2786073.235500001814216, 822263.191899998579174 ], [ 2786079.946699998807162, 822264.274700000183657 ], [ 2786087.524499994702637, 822265.120099996449426 ], [ 2786094.483300003688782, 822265.633499998599291 ], [ 2786102.418499996885657, 822265.715100000612438 ], [ 2786109.879699994809926, 822265.538100003264844 ], [ 2786116.512900002300739, 822264.773500002222136 ], [ 2786124.281499997712672, 822263.586700003361329 ], [ 2786132.377899995539337, 822261.918299997458234 ], [ 2786160.003100003115833, 822251.992900002747774 ], [ 2786167.100099999457598, 822249.715699999593198 ], [ 2786174.863899998366833, 822247.236099995905533 ], [ 2786182.823700005188584, 822245.859699998516589 ], [ 2786193.603699994739145, 822244.000700003933161 ], [ 2786202.286700005177408, 822243.76529999775812 ], [ 2786210.551499998662621, 822244.418500000378117 ], [ 2786219.89070000173524, 822246.643300001276657 ], [ 2786227.793500002939254, 822250.404099999926984 ], [ 2786237.535099995788187, 822255.917700003366917 ], [ 2786245.372100005391985, 822262.801499995868653 ], [ 2786253.010099998675287, 822271.710700005292892 ], [ 2786279.241099999751896, 822319.773700000718236 ], [ 2786283.366099999751896, 822325.331499998923391 ], [ 2786287.758500003255904, 822330.646099995356053 ], [ 2786292.424700002651662, 822335.725100001553074 ], [ 2786297.349299999885261, 822340.550699999323115 ], [ 2786302.521099997218698, 822345.112900001229718 ], [ 2786307.924300001934171, 822349.400099997175857 ], [ 2786313.542499999050051, 822353.39649999467656 ], [ 2786319.36350000044331, 822357.094500000122935 ], [ 2786325.369499995838851, 822360.482300001895055 ], [ 2786331.546099996659905, 822363.551100004930049 ], [ 2786337.873499993700534, 822366.292700001737103 ], [ 2786344.337300006765872, 822368.69890000205487 ], [ 2786350.967499997932464, 822370.780500000575557 ], [ 2786419.837300005368888, 822383.714500000700355 ], [ 2786480.888700002804399, 822394.55089999968186 ], [ 2786614.297100003343076, 822418.232299995841458 ], [ 2786646.858700002077967, 822424.484099997440353 ], [ 2786669.022499997634441, 822430.090299999108538 ], [ 2786698.067700000479817, 822439.757100003072992 ], [ 2786795.023500005248934, 822491.379100001649931 ], [ 2786812.392200001049787, 822500.688299997942522 ], [ 2786831.769699996802956, 822511.074099996592849 ], [ 2786842.587600002065301, 822517.42670000391081 ], [ 2786866.530100005678833, 822531.486499998951331 ], [ 2786900.015900005586445, 822553.41030000243336 ], [ 2786944.695100006181747, 822589.566699997987598 ], [ 2787026.286899994593114, 822665.495099994819611 ], [ 2787099.039500000886619, 822736.491500002564862 ], [ 2787120.604699997231364, 822757.536099997349083 ], [ 2787219.767300000879914, 822854.545699998736382 ], [ 2787247.588900002185255, 822882.178900003200397 ], [ 2787299.53010000102222, 822933.767900004750118 ], [ 2787324.041300002485514, 822956.707700000610203 ], [ 2787409.703500005416572, 823020.221900000469759 ], [ 2787439.248299999628216, 823040.766500000841916 ], [ 2787522.701300001237541, 823098.796100004110485 ], [ 2787562.195700000971556, 823126.0747 ], [ 2787599.254600003827363, 823152.008599997730926 ], [ 2787782.831500001717359, 823280.472899999469519 ], [ 2787915.369099994655699, 823372.916300000390038 ], [ 2787958.648900006432086, 823403.334299996728078 ], [ 2787967.877899995073676, 823410.103299997281283 ], [ 2788004.679499996360391, 823435.730700000654906 ], [ 2788034.728300001472235, 823458.59230000548996 ], [ 2788064.304300003685057, 823484.468899999279529 ], [ 2788163.845100004225969, 823571.898700000252575 ], [ 2788280.058799998834729, 823675.402100003324449 ], [ 2788282.232300002593547, 823677.318999998271465 ], [ 2788391.615099998190999, 823773.790500004542992 ], [ 2788425.768700000364333, 823802.745099999941885 ], [ 2788450.5889000040479, 823819.244100000942126 ], [ 2788477.633299995213747, 823829.694100004388019 ], [ 2788504.818899998441339, 823838.402299998793751 ], [ 2788536.534500004723668, 823840.031700001098216 ], [ 2788555.084500001277775, 823838.422899996628985 ], [ 2788580.913999998010695, 823834.283499998273328 ], [ 2788697.623199997935444, 823796.92139999801293 ], [ 2788731.109699999447912, 823792.309999994700775 ], [ 2788744.524700000882149, 823790.467000002972782 ], [ 2788770.935199998319149, 823794.643399996683002 ], [ 2788798.645499998237938, 823804.393399998778477 ], [ 2788857.652900005690753, 823840.794399999082088 ], [ 2788932.006800001487136, 823911.459699998376891 ], [ 2788957.619099996518344, 823929.558999998262152 ], [ 2789027.25269999820739, 823970.437399997608736 ], [ 2789053.839500000234693, 823987.916400004178286 ], [ 2789082.748699999880046, 824011.767200004076585 ], [ 2789109.020900005474687, 824042.373500000685453 ], [ 2789124.927500006742775, 824069.510100004030392 ], [ 2789134.548899997025728, 824092.807499998714775 ], [ 2789162.856499998364598, 824183.529300002614036 ], [ 2789173.80290000140667, 824219.292100003687665 ], [ 2789175.706500002648681, 824256.123700002674013 ], [ 2789172.3509, 824326.70490000071004 ], [ 2789169.282099996693432, 824391.249500000150874 ], [ 2789171.679700003936887, 824411.946899995906278 ], [ 2789180.192500004079193, 824434.305499998386949 ], [ 2789191.786300004459918, 824451.06989999464713 ], [ 2789272.182499998714775, 824515.795299997087568 ], [ 2789291.415099999401718, 824526.626100001623854 ], [ 2789316.300300005823374, 824535.523499999428168 ], [ 2789339.331100003793836, 824539.412699998822063 ], [ 2789368.994300002697855, 824540.642099996563047 ], [ 2789433.507500001229346, 824535.359499997226521 ], [ 2789457.193700002972037, 824535.254099996760488 ], [ 2789480.083899993915111, 824538.121900002239272 ], [ 2789504.223899995908141, 824545.608500003349036 ], [ 2789538.113900000695139, 824559.187299996847287 ], [ 2789812.276099999435246, 824682.750500001711771 ], [ 2789839.844499994069338, 824693.11130000045523 ], [ 2789873.668100001290441, 824697.067099998705089 ], [ 2789906.82709999801591, 824694.7541000014171 ], [ 2789950.641300004441291, 824691.442299998365343 ], [ 2789976.177899998612702, 824692.279699997510761 ], [ 2789997.975500002037734, 824695.625100002391264 ], [ 2790020.110699994023889, 824701.713699999731034 ], [ 2790057.875900003127754, 824717.193499999120831 ], [ 2790110.896700002718717, 824737.293499996885657 ], [ 2790132.894299995154142, 824742.920299996389076 ], [ 2790187.415299998596311, 824756.495300001697615 ], [ 2790298.373899993021041, 824783.837100002914667 ], [ 2790348.472900006454438, 824794.267900002654642 ], [ 2790385.800500001758337, 824802.170899996999651 ], [ 2790424.15110000455752, 824803.711699999636039 ], [ 2790458.816100000403821, 824800.914500000188127 ], [ 2790523.108700003474951, 824793.203499997965991 ], [ 2790547.679199999198318, 824791.718499999726191 ], [ 2790557.272699996363372, 824791.138700000476092 ], [ 2790615.094900000840425, 824789.305500003509223 ], [ 2790632.720299993176013, 824788.93989999871701 ], [ 2790713.208099994808435, 824803.016899998299778 ], [ 2790780.089499998372048, 824816.078099998179823 ], [ 2790898.128700000233948, 824856.977100004209206 ], [ 2790938.095100004691631, 824871.562299997080117 ], [ 2791203.011500005144626, 824969.751900001661852 ], [ 2791327.601300003472716, 825014.583500003674999 ], [ 2791352.94010000070557, 825023.860700002871454 ], [ 2791456.357299998402596, 825063.367700003320351 ], [ 2791474.136300001759082, 825070.292499998351559 ], [ 2791537.98430000199005, 825095.715700003551319 ], [ 2791581.283899996429682, 825110.249099999433383 ], [ 2791687.401300001889467, 825148.639899997971952 ], [ 2791726.475900006014854, 825164.195700004929677 ], [ 2791790.179899996612221, 825196.118700001155958 ], [ 2791877.276099998969585, 825246.562099999282509 ], [ 2791913.622899999376386, 825269.966700000688434 ], [ 2791924.661100002471358, 825274.755100001581013 ], [ 2791981.026900003664196, 825291.669899999629706 ], [ 2792038.356499996967614, 825312.666300001554191 ], [ 2792093.572700005024672, 825329.958700000075623 ], [ 2792138.33690000185743, 825347.006700004450977 ], [ 2792138.818499999586493, 825347.190100003266707 ], [ 2792145.239099999889731, 825348.636299999663606 ], [ 2792146.200699999462813, 825348.815499998163432 ], [ 2792291.370499997865409, 825375.850299996091053 ], [ 2792357.460500003769994, 825388.95829999493435 ], [ 2792416.941299993079156, 825399.987099997932091 ], [ 2792591.640500005334616, 825426.756700002355501 ], [ 2792709.918100003153086, 825445.54729999625124 ], [ 2792760.141700003761798, 825453.334499998949468 ], [ 2792845.92149999551475, 825464.847899998771027 ], [ 2792915.106299994979054, 825473.710900005651638 ], [ 2792977.964500003959984, 825482.49049999541603 ], [ 2793005.521300006192178, 825485.810300004202873 ], [ 2793037.81189999775961, 825489.617499998072162 ], [ 2793074.547700006514788, 825500.322100002551451 ], [ 2793088.320900003425777, 825504.496900000376627 ], [ 2793132.025300007779151, 825523.12070000381209 ], [ 2793183.408299996051937, 825545.062099997187033 ], [ 2793249.36289999447763, 825573.517699997639284 ], [ 2793280.847099993377924, 825587.328499994939193 ], [ 2793345.63050000090152, 825617.803100002231076 ], [ 2793397.997300000395626, 825643.399900002637878 ], [ 2793411.309299995657057, 825648.981100004632026 ], [ 2793436.049700003582984, 825657.193500004475936 ], [ 2793483.512699996586889, 825667.785299998708069 ], [ 2793577.737899992149323, 825680.805899999337271 ], [ 2793586.503899998962879, 825682.346299998695031 ], [ 2793616.092200004030019, 825686.542099997866899 ], [ 2793664.914100000634789, 825693.465299997013062 ], [ 2793709.56290000025183, 825700.103300001239404 ], [ 2793761.194899994879961, 825709.662100000539795 ], [ 2793792.182899995706975, 825715.398899995256215 ], [ 2793806.521899996791035, 825717.51869999920018 ], [ 2793827.331100003328174, 825720.458299994468689 ], [ 2793844.330700004007667, 825722.954699999187142 ], [ 2793877.859300003852695, 825727.749700002837926 ], [ 2793888.8841, 825729.327700002584606 ], [ 2793966.459699999541044, 825739.59990000189282 ], [ 2794019.769700001459569, 825746.851100005442277 ], [ 2794031.750899997074157, 825748.479900002479553 ], [ 2794048.83670000359416, 825750.804900004295632 ], [ 2794048.982699994929135, 825747.830300003988668 ] ] ] ] } },
{ "type": "Feature", "properties": { "CVEGEO": "09003", "CVE_ENT": "09", "CVE_MUN": "003", "NOMGEO": "Coyoacán" }, "geometry": { "type": "MultiPolygon", "coordinates": [ [ [ [ 2796292.666900005191565, 820916.95099999755621 ], [ 2796383.781400000210851, 820861.964999995660037 ], [ 2796412.903699998278171, 820845.245999995153397 ], [ 2796417.535499997902662, 820843.531200002646074 ], [ 2796429.076399996411055, 820839.256399997044355 ], [ 2796454.906999998260289, 820830.7835999999661 ], [ 2796494.641699996776879, 820821.628699998604134 ], [ 2796496.408100002445281, 820821.441000003367662 ], [ 2796555.756000000983477, 820815.8975999946706 ], [ 2796561.589299995917827, 820815.58619999838993 ], [ 2796623.864299994893372, 820812.261900000041351 ], [ 2796705.801000002305955, 820809.607299998169765 ], [ 2796752.194700006395578, 820808.065100001404062 ], [ 2796770.305599998217076, 820807.46330000134185 ], [ 2796855.475000005681068, 820803.962499996414408 ], [ 2797002.037800000514835, 820798.750199996400625 ], [ 2797089.898299996741116, 820794.767800002591684 ], [ 2797153.429600004572421, 820791.888099997770041 ], [ 2797330.11029999377206, 820784.64369999896735 ], [ 2797341.976300002541393, 820784.231699998723343 ], [ 2797471.327599999494851, 820779.736400002380833 ], [ 2797510.821900002658367, 820778.269699995871633 ], [ 2797571.198200001846999, 820776.027400000952184 ], [ 2797614.471900002099574, 820774.42149999900721 ], [ 2797648.641999998129904, 820772.902500004274771 ], [ 2797721.853799997828901, 820769.649999995715916 ], [ 2797762.662500003352761, 820767.790099997771904 ], [ 2797818.655599997378886, 820765.238099999260157 ], [ 2797839.997199998702854, 820764.265700004994869 ], [ 2797848.483799997717142, 820764.17009999928996 ], [ 2797856.57319999858737, 820764.079799998551607 ], [ 2797918.962100003380328, 820761.649399996502325 ], [ 2797984.046999998390675, 820759.112400001147762 ], [ 2797985.5071000023745, 820759.055500000715256 ], [ 2798086.291800003964454, 820755.126999999629334 ], [ 2798102.5793999992311, 820754.703499994706362 ], [ 2798119.068700002040714, 820754.27479999884963 ], [ 2798152.674999993294477, 820753.486999996006489 ], [ 2798180.681599997915328, 820752.830300003523007 ], [ 2798204.769500005058944, 820751.593499996233732 ], [ 2798237.747900000307709, 820749.900099999504164 ], [ 2798357.81629999820143, 820745.804599997354671 ], [ 2798415.51399999530986, 820742.897599995601922 ], [ 2798426.012400002218783, 820742.733900000341237 ], [ 2798436.590400003362447, 820742.568800002103671 ], [ 2798492.246600001584738, 820740.778099998598918 ], [ 2798519.643499996513128, 820739.896600001258776 ], [ 2798561.779399997554719, 820738.137299998663366 ], [ 2798602.505599997472018, 820736.654599997680634 ], [ 2798684.643700005952269, 820733.732199997873977 ], [ 2798766.766500004101545, 820730.685500001069158 ], [ 2798773.225199996028095, 820730.445900003425777 ], [ 2798818.843300003092736, 820729.426299998303875 ], [ 2798838.000200002919883, 820728.998199998633936 ], [ 2798859.372800002340227, 820728.520500002894551 ], [ 2798890.579699997790158, 820728.33470000163652 ], [ 2798911.483000001404434, 820728.210299999220297 ], [ 2798945.816500003449619, 820727.825900003081188 ], [ 2798967.00950000109151, 820727.588499997742474 ], [ 2799030.116100002545863, 820726.975299998186529 ], [ 2799053.040200002025813, 820726.615499998442829 ], [ 2799085.595100001432002, 820726.104600004153326 ], [ 2799115.144100004807115, 820725.647400001063943 ], [ 2799158.191200002562255, 820723.869099996518344 ], [ 2799192.519000004976988, 820721.867699997033924 ], [ 2799213.23910000314936, 820721.280100002419204 ], [ 2799250.716399998869747, 820719.673900002380833 ], [ 2799314.270199998281896, 820716.243300000205636 ], [ 2799368.571799998171628, 820713.935899997362867 ], [ 2799378.916900001000613, 820713.496199996676296 ], [ 2799410.723399995360523, 820710.190800003707409 ], [ 2799461.289199996739626, 820704.785199996316805 ], [ 2799501.110799993854016, 820700.493800000054762 ], [ 2799520.943800000473857, 820698.36659999541007 ], [ 2799536.893700001761317, 820697.419200001051649 ], [ 2799573.485200003255159, 820695.24610000057146 ], [ 2799635.191399998962879, 820691.581500004045665 ], [ 2799698.586799999698997, 820687.070800001267344 ], [ 2799856.993199999444187, 820679.540100002195686 ], [ 2799903.443400000687689, 820677.638700001873076 ], [ 2799939.284699999727309, 820675.53340000147 ], [ 2799977.337100002914667, 820673.791399999521673 ], [ 2800010.950400000438094, 820672.272200003033504 ], [ 2800046.481700006406754, 820669.845199994277209 ], [ 2800087.489299995824695, 820668.097399996127933 ], [ 2800139.184100001119077, 820665.373000003863126 ], [ 2800168.997199993114918, 820663.776000002166256 ], [ 2800188.643500003963709, 820663.550299994181842 ], [ 2800205.782300000544637, 820662.007000001147389 ], [ 2800218.994599994737655, 820661.624099995708093 ], [ 2800250.439500000327826, 820661.481900001410395 ], [ 2800281.42870000237599, 820664.11389999743551 ], [ 2800300.838399997446686, 820668.493099995190278 ], [ 2800343.862800001632422, 820685.692099997773767 ], [ 2800360.421500000637025, 820693.19400000013411 ], [ 2800383.604500006884336, 820706.537399996304885 ], [ 2800403.127499993890524, 820719.76020000455901 ], [ 2800416.86819999339059, 820729.52000000118278 ], [ 2800425.314000000245869, 820735.975299999350682 ], [ 2800441.841099996585399, 820750.031499999342486 ], [ 2800463.750699994619936, 820774.640700000571087 ], [ 2800479.057999995071441, 820796.662500003585592 ], [ 2800513.352800000458956, 820857.343900002771989 ], [ 2800519.711400005500764, 820870.230700000887737 ], [ 2800538.256599996704608, 820902.086000002222136 ], [ 2800570.606000000145286, 820899.038999998243526 ], [ 2800627.476899999659508, 820893.682899999199435 ], [ 2800646.970700004138052, 820891.847299999557436 ], [ 2800676.816200005821884, 820889.036400003358722 ], [ 2800711.648500001057982, 820885.755700003122911 ], [ 2800726.376999992877245, 820884.369000002741814 ], [ 2800756.645599995739758, 820881.518199999816716 ], [ 2800774.228899998124689, 820879.901700005168095 ], [ 2800798.922499998472631, 820877.537699999986216 ], [ 2800830.147200003266335, 820874.664200003724545 ], [ 2800842.802500005811453, 820873.406200002180412 ], [ 2800896.318300002254546, 820868.365999997826293 ], [ 2800902.497900002170354, 820867.783100003143772 ], [ 2800958.965899994596839, 820862.466600003885105 ], [ 2800967.565300003625453, 820861.657400005031377 ], [ 2801004.821999994572252, 820858.147700000088662 ], [ 2801020.662400000263005, 820856.651199997169897 ], [ 2801051.667599996551871, 820853.708600002806634 ], [ 2801069.960900005418807, 820852.015000004554167 ], [ 2801095.940900000743568, 820849.568000002996996 ], [ 2801122.414399992674589, 820847.075700002256781 ], [ 2801174.819700004532933, 820842.140100000193343 ], [ 2801226.323099996894598, 820837.290300000691786 ], [ 2801314.34009999781847, 820829.001900001894683 ], [ 2801331.632499996107072, 820827.373599995626137 ], [ 2801428.566399996634573, 820818.245200002333149 ], [ 2801443.720999998040497, 820816.818100003991276 ], [ 2801451.700099996291101, 820816.066700000315905 ], [ 2801461.263300006277859, 820815.166099996073171 ], [ 2801462.464800001587719, 820815.052999996580184 ], [ 2801501.700499996542931, 820811.357999998843297 ], [ 2801501.876199996098876, 820811.341499995905906 ], [ 2801502.0898999995552, 820811.321399997919798 ], [ 2801503.168599997647107, 820811.213100003777072 ], [ 2801503.943400005344301, 820811.135299998568371 ], [ 2801503.943799999542534, 820811.131799999857321 ], [ 2801504.255900006275624, 820808.966800001682714 ], [ 2801504.385899994522333, 820808.065000004833564 ], [ 2801514.816000001505017, 820735.690600004047155 ], [ 2801551.617900000419468, 820478.066400001291186 ], [ 2801567.3449, 820399.29710000148043 ], [ 2801588.712299999315292, 820335.700500001665205 ], [ 2801625.596199995372444, 820223.264599999180064 ], [ 2801642.783600005321205, 820171.323499996680766 ], [ 2801674.510199998971075, 820095.837500001536682 ], [ 2801674.619599997997284, 820095.577299997210503 ], [ 2801688.615600000135601, 820062.280099996132776 ], [ 2801688.673799998592585, 820062.141699998872355 ], [ 2801701.69530000211671, 820031.16189999692142 ], [ 2801712.009499995037913, 820016.63969999877736 ], [ 2801746.733999995980412, 819969.276000003097579 ], [ 2801775.234299999661744, 819928.150099996710196 ], [ 2801776.67729999544099, 819925.597799999872223 ], [ 2801786.355099995620549, 819910.888399997493252 ], [ 2801846.13560000108555, 819820.024500004714355 ], [ 2801918.844400007277727, 819709.508600001223385 ], [ 2801929.153100002091378, 819693.839799999957904 ], [ 2801937.266699995845556, 819681.507599999662489 ], [ 2801969.538699997123331, 819625.170100003946573 ], [ 2802009.925599998794496, 819554.666200002655387 ], [ 2802024.25559999467805, 819527.926600004779175 ], [ 2802045.348499996587634, 819488.511299999430776 ], [ 2802046.997299995273352, 819485.471899997908622 ], [ 2802117.37070000031963, 819358.612299996893853 ], [ 2802137.433700002264231, 819328.31929999939166 ], [ 2802152.105499995872378, 819311.808100000955164 ], [ 2802174.404499996919185, 819283.740500000771135 ], [ 2802189.797899997327477, 819264.941900000907481 ], [ 2802197.688900005072355, 819254.095300004119053 ], [ 2802207.141500005498528, 819235.665099997539073 ], [ 2802224.254899998661131, 819197.076699994970113 ], [ 2802236.160700000356883, 819170.230699996929616 ], [ 2802243.227100002579391, 819153.935700000962242 ], [ 2802251.970700005069375, 819133.773100003134459 ], [ 2802257.245299998670816, 819122.992900003213435 ], [ 2802275.052900005597621, 819083.358299999963492 ], [ 2802319.380099993664771, 818984.695499997818843 ], [ 2802327.454700001049787, 818964.977899997029454 ], [ 2802330.681299997959286, 818952.691500004846603 ], [ 2802332.443300001323223, 818942.419300005538389 ], [ 2802336.525099997874349, 818924.312900003045797 ], [ 2802342.739100006408989, 818885.908899998525158 ], [ 2802346.731700006872416, 818859.421700000762939 ], [ 2802358.114299994427711, 818793.280099999858066 ], [ 2802362.085100004449487, 818769.59569999598898 ], [ 2802362.702699996996671, 818764.640899999300018 ], [ 2802367.836900002788752, 818728.082099996274337 ], [ 2802375.739300000481308, 818685.427100002299994 ], [ 2802379.118299998342991, 818672.969299998367205 ], [ 2802381.417099999263883, 818653.526299999793991 ], [ 2802388.798500001430511, 818618.057100003119558 ], [ 2802394.635100001934916, 818584.945099998265505 ], [ 2802410.587099999189377, 818539.761299998965114 ], [ 2802428.719700002577156, 818509.651299996534362 ], [ 2802470.163300001528114, 818436.430299998493865 ], [ 2802491.310700001195073, 818390.630099999019876 ], [ 2802497.753899998497218, 818376.488500000210479 ], [ 2802500.92729999544099, 818369.83629999938421 ], [ 2802554.450299999676645, 818289.864100001286715 ], [ 2802584.789899994619191, 818244.529499996686354 ], [ 2802609.236500005237758, 818216.876500001177192 ], [ 2802642.613300000317395, 818184.832499996060506 ], [ 2802679.711499996017665, 818158.845300001790747 ], [ 2802737.883100000675768, 818128.933900003088638 ], [ 2802751.687700007576495, 818121.83549999515526 ], [ 2802757.137100005988032, 818118.744700000155717 ], [ 2802768.625699998810887, 818109.671900000656024 ], [ 2802780.022699993569404, 818100.669300003908575 ], [ 2802796.754699998069555, 818080.779500002041459 ], [ 2802804.893099998589605, 818068.24649999733083 ], [ 2802815.453100006096065, 818041.276700001908466 ], [ 2802817.125900004990399, 818037.00770000112243 ], [ 2802833.174700000323355, 817982.946100002154708 ], [ 2802835.518300000578165, 817975.051299997838214 ], [ 2802846.261899999342859, 817945.996300000231713 ], [ 2802856.174099997151643, 817929.337699998868629 ], [ 2802891.180899999570101, 817880.857100000139326 ], [ 2802909.085499998182058, 817852.471900004195049 ], [ 2802930.168099996633828, 817819.045499995350838 ], [ 2802965.19950000429526, 817764.328500001458451 ], [ 2802994.295699997805059, 817718.879099996527657 ], [ 2802996.076700003352016, 817716.097300003748387 ], [ 2803031.142099998425692, 817661.32810000074096 ], [ 2803040.091899998486042, 817647.347499996423721 ], [ 2803076.763099999167025, 817599.555499999551103 ], [ 2803132.279299995396286, 817540.920500000938773 ], [ 2803159.234399994369596, 817512.863599998643622 ], [ 2803188.572999999858439, 817482.32569999829866 ], [ 2803200.414599996991456, 817470.000600000843406 ], [ 2803236.936599997337908, 817431.987400002544746 ], [ 2803238.684199993498623, 817430.168499998515472 ], [ 2803241.89170000096783, 817426.829899998381734 ], [ 2803271.58659999910742, 817389.735299997963011 ], [ 2803273.037300002761185, 817387.923699998296797 ], [ 2803275.976800001692027, 817384.252700000768527 ], [ 2803279.770200002472848, 817380.499399999389425 ], [ 2803295.601000006310642, 817364.835700001800433 ], [ 2803308.156900006346405, 817352.410799998091534 ], [ 2803330.760099995881319, 817330.048500003991649 ], [ 2803331.906099993735552, 817328.91470000334084 ], [ 2803333.74140000436455, 817327.098799998406321 ], [ 2803343.119800003711134, 817317.819599999813363 ], [ 2803362.074899999424815, 817299.063099998980761 ], [ 2803365.607299997936934, 817295.567899997346103 ], [ 2803424.962799999397248, 817236.839000002946705 ], [ 2803440.9731, 817223.091699999989942 ], [ 2803462.132500004488975, 817208.378500000806525 ], [ 2803477.741099999286234, 817200.244700004113838 ], [ 2803479.767700000200421, 817199.188600003253669 ], [ 2803518.121699996292591, 817181.117399998474866 ], [ 2803530.08470000512898, 817174.70699999644421 ], [ 2803589.824100003112108, 817142.695600002305582 ], [ 2803630.311399998143315, 817119.648500003153458 ], [ 2803665.66539999935776, 817098.49949999875389 ], [ 2803676.20979999890551, 817092.191900001605973 ], [ 2803704.331800000276417, 817075.369399994378909 ], [ 2803734.515000004321337, 817055.53929999913089 ], [ 2803760.895300001837313, 817038.208099998766556 ], [ 2803773.88230000063777, 817028.651900003897026 ], [ 2803795.672700005117804, 817012.62140000006184 ], [ 2803812.6056999983266, 816995.673499999800697 ], [ 2803842.354999997653067, 816965.540100002428517 ], [ 2803890.851099999621511, 816913.000400000717491 ], [ 2803929.414800000842661, 816864.506499999668449 ], [ 2803935.780100005213171, 816856.502199999988079 ], [ 2803936.812200005631894, 816855.188900002744049 ], [ 2803949.079800006467849, 816839.579200002830476 ], [ 2803961.355500000994653, 816823.959299996262416 ], [ 2803967.510700006037951, 816811.610800003632903 ], [ 2803971.340000005904585, 816803.929699994158 ], [ 2803980.561999997124076, 816775.423799996264279 ], [ 2803986.031800000928342, 816752.028099995106459 ], [ 2803986.035400004591793, 816752.012600000714883 ], [ 2803986.103099999483675, 816751.724699995946139 ], [ 2803963.216899998486042, 816752.150600003311411 ], [ 2803959.997400003951043, 816622.211500001372769 ], [ 2803940.989500002935529, 816298.67840000288561 ], [ 2803935.429899998474866, 816205.540100003825501 ], [ 2803918.683300002478063, 815925.361400004476309 ], [ 2803905.598300004377961, 815586.14689999516122 ], [ 2803893.240599995478988, 815350.266499999444932 ], [ 2803887.16030000243336, 815234.16309999814257 ], [ 2803886.533099999185652, 815220.122499997727573 ], [ 2803885.933099996764213, 815206.722900002729148 ], [ 2803872.906299996655434, 814984.554499997757375 ], [ 2803861.132299998309463, 814791.853700004750863 ], [ 2803849.0079, 814630.368100002175197 ], [ 2803837.523200000170618, 814493.989099999889731 ], [ 2803837.417900004889816, 814493.989000003319234 ], [ 2803835.65429999679327, 814493.987399998586625 ], [ 2803827.389300001785159, 814493.672399998409674 ], [ 2803795.654600006062537, 814491.933299998985603 ], [ 2803712.757200002204627, 814486.079899997217581 ], [ 2803628.489100000821054, 814479.636400001822039 ], [ 2803540.507799997460097, 814472.909000000217929 ], [ 2803512.318399998825043, 814470.60509999608621 ], [ 2803463.476299999281764, 814466.975499995751306 ], [ 2803438.008000005036592, 814465.075700000161305 ], [ 2803416.677699997555465, 814463.484499994432554 ], [ 2803409.663800003007054, 814462.939900001976639 ], [ 2803367.496099997777492, 814459.892599999904633 ], [ 2803352.065, 814458.835799997672439 ], [ 2803297.942399996798486, 814454.317299999296665 ], [ 2803265.974200006574392, 814451.779800004325807 ], [ 2803246.521500001195818, 814450.311799999792129 ], [ 2803194.056299998890609, 814446.467600001720712 ], [ 2803175.534500002395362, 814444.795499995583668 ], [ 2803162.1351, 814444.149799999082461 ], [ 2803074.792100001126528, 814436.854299995815381 ], [ 2803052.301099999342114, 814434.61089999624528 ], [ 2803012.858800003770739, 814431.005600002827123 ], [ 2802972.0760000012815, 814432.06159999826923 ], [ 2802970.937899995129555, 814432.091600005049258 ], [ 2802970.218400000594556, 814432.269199998816475 ], [ 2802948.363399996887892, 814437.636399999028072 ], [ 2802895.104799997061491, 814450.480500001925975 ], [ 2802855.958200001623482, 814459.56040000426583 ], [ 2802736.761900000739843, 814487.116100001614541 ], [ 2802681.235299996100366, 814500.729100002208725 ], [ 2802629.017300002742559, 814513.300199998542666 ], [ 2802575.276999999769032, 814525.678699997719377 ], [ 2802502.858000000938773, 814539.599200001219288 ], [ 2802435.229200000874698, 814553.298399998573586 ], [ 2802301.572600000537932, 814584.043499995721504 ], [ 2802289.54559999704361, 814586.886500003281981 ], [ 2802238.105099994223565, 814599.041899999137968 ], [ 2802170.487200002186, 814614.939699996495619 ], [ 2802106.455700006801635, 814631.255600005853921 ], [ 2802067.318899997044355, 814641.890099995303899 ], [ 2801849.881899996194988, 814701.103499998804182 ], [ 2801734.959299996029586, 814736.020299998577684 ], [ 2801620.21129999961704, 814771.308099996065721 ], [ 2801576.825900002848357, 814787.139499996323138 ], [ 2801520.180500000715256, 814807.986100001493469 ], [ 2801397.657300006132573, 814858.408499998506159 ], [ 2801347.241899997927248, 814879.156100004212931 ], [ 2801342.378400001209229, 814881.001900001894683 ], [ 2801324.470799995586276, 814887.301800000248477 ], [ 2801306.795700001996011, 814894.769199997419491 ], [ 2801191.519000001717359, 814943.470999997109175 ], [ 2801111.736100003588945, 814977.797099998220801 ], [ 2801085.866300005465746, 814988.622500000987202 ], [ 2801061.001000003889203, 814999.026500003645197 ], [ 2801029.283100000116974, 815012.299699997063726 ], [ 2801008.523299997206777, 815021.170700001064688 ], [ 2800957.326800002716482, 815043.051500002387911 ], [ 2800888.485699994955212, 815072.471400003414601 ], [ 2800833.138700000941753, 815096.535099999979138 ], [ 2800780.407999997958541, 815119.252500002505258 ], [ 2800775.6804, 815121.287700005341321 ], [ 2800729.270299998112023, 815141.216800000052899 ], [ 2800675.350900001823902, 815164.371200002497062 ], [ 2800618.143500001169741, 815188.981400003191084 ], [ 2800576.658100001979619, 815206.676299996674061 ], [ 2800513.265900001861155, 815233.715100002009422 ], [ 2800481.519599996507168, 815246.051500002620742 ], [ 2800336.749300002586097, 815309.959999998565763 ], [ 2800279.330799994058907, 815335.277199998265132 ], [ 2800277.810099998489022, 815335.947900003055111 ], [ 2800277.473299998790026, 815335.482900004601106 ], [ 2800190.97959999833256, 815215.308599997544661 ], [ 2800136.438199998810887, 815149.520100005669519 ], [ 2800106.513400001917034, 815114.480599995702505 ], [ 2800033.100299997720867, 815034.129900002619252 ], [ 2799971.424199996516109, 814957.403399999719113 ], [ 2799953.134799998719245, 814934.652299998793751 ], [ 2799927.390499998815358, 814904.145099997986108 ], [ 2799915.693599995225668, 814890.803499999456108 ], [ 2799896.648900000378489, 814870.1683999968227 ], [ 2799876.689000001177192, 814845.597600002773106 ], [ 2799871.023899999447167, 814838.457900002831593 ], [ 2799860.863500002305955, 814826.03229999775067 ], [ 2799845.647200004197657, 814807.42369999946095 ], [ 2799837.299700003582984, 814797.437099998816848 ], [ 2799804.649400000460446, 814757.493399996543303 ], [ 2799803.195100001525134, 814755.714300002902746 ], [ 2799802.164700001943856, 814754.451600001426414 ], [ 2799773.399800001177937, 814720.783900002483279 ], [ 2799770.730099999345839, 814717.661199997877702 ], [ 2799724.873899993952364, 814660.894600003026426 ], [ 2799721.594299999065697, 814656.989199998788536 ], [ 2799721.465000003576279, 814656.835200001951307 ], [ 2799685.384400004986674, 814610.188500001560897 ], [ 2799669.143299993127584, 814590.869300000369549 ], [ 2799647.090799999423325, 814564.635099998908117 ], [ 2799642.979300003033131, 814559.744600003585219 ], [ 2799609.461900000926107, 814519.750799996778369 ], [ 2799557.068499996792525, 814457.705699997255579 ], [ 2799525.565300005488098, 814422.350899997865781 ], [ 2799495.778599998448044, 814388.918400003574789 ], [ 2799470.346000001765788, 814360.987299997825176 ], [ 2799470.003500002902001, 814360.609499995829538 ], [ 2799468.490500005893409, 814361.193199997069314 ], [ 2799388.062499998603016, 814392.18130000308156 ], [ 2799350.1968, 814406.604400005424395 ], [ 2799313.644699996337295, 814420.494999998481944 ], [ 2799269.819399997126311, 814437.44280000240542 ], [ 2799257.96090000262484, 814441.859499995363876 ], [ 2799250.071299998555332, 814444.902200002456084 ], [ 2799212.163099997211248, 814459.523400000063702 ], [ 2799192.276800002902746, 814467.139100003289059 ], [ 2799150.024499997030944, 814478.646499996539205 ], [ 2799122.7394999996759, 814484.01759999897331 ], [ 2799105.67009999928996, 814487.377700000070035 ], [ 2799102.085500000510365, 814488.083299995865673 ], [ 2799050.684900004416704, 814497.947099999058992 ], [ 2799048.870499998796731, 814498.145099997520447 ], [ 2799014.92369999922812, 814501.781199995428324 ], [ 2799005.204300000332296, 814501.436399999074638 ], [ 2798995.854500004090369, 814501.104799999622628 ], [ 2798994.227600001264364, 814501.0471000012476 ], [ 2798993.999099995940924, 814501.311900000320747 ], [ 2798964.997199993114918, 814534.832599999615923 ], [ 2798963.958499998319894, 814536.035300005227327 ], [ 2798963.14169999724254, 814535.038499998860061 ], [ 2798962.464000003412366, 814534.212600004393607 ], [ 2798940.210000003688037, 814507.090800002682954 ], [ 2798918.16270000115037, 814484.638300004415214 ], [ 2798884.249399998225272, 814455.438799997558817 ], [ 2798868.984499994665384, 814442.119100003270432 ], [ 2798822.331799996551126, 814401.411599998129532 ], [ 2798737.461400003638119, 814329.092399996938184 ], [ 2798687.500199999660254, 814287.667399996891618 ], [ 2798631.961300001479685, 814243.88369999662973 ], [ 2798621.6963000013493, 814235.790799997281283 ], [ 2798583.598700003698468, 814207.925399996107444 ], [ 2798554.850599995348603, 814186.627600003266707 ], [ 2798537.441399996634573, 814171.76359999878332 ], [ 2798529.889500003773719, 814165.253800002625212 ], [ 2798512.59979999717325, 814156.775200000731274 ], [ 2798496.684199999086559, 814150.948399994522333 ], [ 2798475.814300004392862, 814144.426999997580424 ], [ 2798299.212800005916506, 814097.430300000822172 ], [ 2798217.814900003373623, 814078.08600000361912 ], [ 2798155.111100003588945, 814063.390400003176183 ], [ 2798149.875800003297627, 814062.166899998206645 ], [ 2798077.875299993436784, 814044.501500002807006 ], [ 2798029.019400000572205, 814032.74090000288561 ], [ 2798005.312100001610816, 814026.071100003318861 ], [ 2798003.915099997539073, 814025.677999999839813 ], [ 2798003.454500000923872, 814026.278300000354648 ], [ 2797997.909199998248369, 814033.498699999181554 ], [ 2797988.907600001432002, 814045.20389999798499 ], [ 2797931.8232, 814119.434399999678135 ], [ 2797916.053300003986806, 814140.411599997896701 ], [ 2797869.931100006680936, 814205.326500002061948 ], [ 2797815.111799999140203, 814275.451800003414974 ], [ 2797790.255199996288866, 814301.194299996830523 ], [ 2797766.64300000295043, 814324.978600003058091 ], [ 2797747.97649999614805, 814341.960099996533245 ], [ 2797710.78059999877587, 814369.803499997127801 ], [ 2797676.765400002710521, 814395.2653999987524 ], [ 2797649.362000001128763, 814413.799699999392033 ], [ 2797620.631800007075071, 814429.832299998961389 ], [ 2797564.600400002673268, 814457.65410000202246 ], [ 2797509.421800003852695, 814478.743600001791492 ], [ 2797482.538300001528114, 814486.9704 ], [ 2797477.723999998066574, 814488.263000002829358 ], [ 2797435.272600005846471, 814498.681500000180677 ], [ 2797407.542000006418675, 814504.161200003698468 ], [ 2797376.300200002733618, 814508.655099996831268 ], [ 2797360.166700001340359, 814511.140400000149384 ], [ 2797345.323399999644607, 814513.427000003634021 ], [ 2797311.123499998822808, 814517.64939999836497 ], [ 2797298.294299993664026, 814519.234000001102686 ], [ 2797248.381099998950958, 814525.471000001067296 ], [ 2797195.820699993986636, 814532.041099999798462 ], [ 2797130.250699993222952, 814540.309699998702854 ], [ 2797070.029899999499321, 814547.91010000067763 ], [ 2797061.018100004177541, 814549.047100001946092 ], [ 2797023.129699994344264, 814553.730500005418435 ], [ 2797015.759900002274662, 814554.639299999689683 ], [ 2796961.63209999864921, 814561.33269999618642 ], [ 2796947.121699994895607, 814562.961700003826991 ], [ 2796881.608299996238202, 814571.146299998043105 ], [ 2796881.077499996870756, 814571.211899997200817 ], [ 2796879.75069999601692, 814571.35249999538064 ], [ 2796851.527900006156415, 814574.331499997526407 ], [ 2796850.561500001233071, 814574.434899998828769 ], [ 2796849.670400002039969, 814574.537599998526275 ], [ 2796811.698700006585568, 814578.984799998113886 ], [ 2796787.923600007314235, 814581.663100001867861 ], [ 2796753.563400004524738, 814585.734499998623505 ], [ 2796697.807699998375028, 814592.756700006080791 ], [ 2796686.44599999813363, 814594.198500000638887 ], [ 2796628.232500005047768, 814601.462799995904788 ], [ 2796616.534999996423721, 814603.041499997256324 ], [ 2796615.637500005308539, 814603.162499997299165 ], [ 2796613.263700005598366, 814603.482899999013171 ], [ 2796611.609199997968972, 814603.706200004322454 ], [ 2796611.312799996696413, 814603.746699998388067 ], [ 2796609.753799998667091, 814603.912499998230487 ], [ 2796575.726499992888421, 814607.538199996342883 ], [ 2796573.987200000789016, 814607.727199998218566 ], [ 2796573.961200001183897, 814607.731100000208244 ], [ 2796558.721900002565235, 814610.033600001363084 ], [ 2796557.508400002960116, 814610.183399998117238 ], [ 2796557.085599999409169, 814610.235599998617545 ], [ 2796494.759800003375858, 814617.928099998738617 ], [ 2796439.439700003247708, 814624.460700002266094 ], [ 2796439.415500001050532, 814624.463599995942786 ], [ 2796439.409500003326684, 814624.464299997547641 ], [ 2796439.391299999319017, 814624.466299996711314 ], [ 2796438.876999994274229, 814624.523499995470047 ], [ 2796437.583199998829514, 814624.667199997929856 ], [ 2796437.564000003971159, 814624.66930000227876 ], [ 2796437.557600002735853, 814624.670000003883615 ], [ 2796437.5359, 814624.672399997711182 ], [ 2796419.798600000794977, 814626.640399996889755 ], [ 2796417.943299997597933, 814626.846699999412522 ], [ 2796360.441800001543015, 814634.05989999929443 ], [ 2796293.034200001973659, 814642.590599996270612 ], [ 2796235.438699996098876, 814650.327899996191263 ], [ 2796168.706600007135421, 814658.212200004141778 ], [ 2796104.947100000921637, 814666.48880000016652 ], [ 2796038.766899999696761, 814674.089700001757592 ], [ 2795975.668699998874217, 814682.381000003078952 ], [ 2795906.202399996109307, 814690.236900000367314 ], [ 2795882.586800000630319, 814693.915299998829141 ], [ 2795879.954199999570847, 814694.325399996247143 ], [ 2795846.694700004067272, 814698.161099997349083 ], [ 2795844.937100002542138, 814698.358700001379475 ], [ 2795844.904299998655915, 814698.362400001846254 ], [ 2795824.814200000837445, 814699.72440000064671 ], [ 2795817.230499994475394, 814700.116999995661899 ], [ 2795695.569799995049834, 814706.414599996525794 ], [ 2795618.817699995823205, 814707.683800004422665 ], [ 2795606.338500005193055, 814707.427300000563264 ], [ 2795556.374499994795769, 814706.146500000497326 ], [ 2795505.70499999448657, 814703.798699999926612 ], [ 2795474.961199994664639, 814701.576699996134266 ], [ 2795412.126699996646494, 814696.376600002171472 ], [ 2795394.470499999821186, 814694.971800002967939 ], [ 2795298.354699998162687, 814683.628400003071874 ], [ 2795248.748699998948723, 814676.341500001959503 ], [ 2795208.553799998480827, 814670.571299998089671 ], [ 2795162.578899999149144, 814664.41600000555627 ], [ 2795106.037300001829863, 814656.749399999622256 ], [ 2794941.688299995381385, 814633.539799997815862 ], [ 2794918.604200000874698, 814630.464499996975064 ], [ 2794890.844400001689792, 814627.030299999751151 ], [ 2794699.222999999299645, 814601.962200003210455 ], [ 2794677.957999992650002, 814598.924099999479949 ], [ 2794544.046700003556907, 814580.30229999544099 ], [ 2794332.796599997673184, 814551.496900000609457 ], [ 2794191.672200005501509, 814532.292299998458475 ], [ 2794137.628100000321865, 814524.936599997570738 ], [ 2794077.98579999897629, 814519.892900003120303 ], [ 2794031.166399998124689, 814518.923900002613664 ], [ 2793992.619599994271994, 814520.55359999416396 ], [ 2793972.085200001019984, 814521.991899998858571 ], [ 2793969.899999999441206, 814522.14500000141561 ], [ 2793969.760799995623529, 814522.154699999606237 ], [ 2793968.044699996709824, 814522.350600002566352 ], [ 2793962.715200001839548, 814522.971099997637793 ], [ 2793951.576200001873076, 814524.267999997129664 ], [ 2793946.417699998244643, 814524.868599995970726 ], [ 2793933.745900001376867, 814526.3438999960199 ], [ 2793929.786600004415959, 814526.804900004761294 ], [ 2793926.2697, 814527.423100002342835 ], [ 2793875.074000003747642, 814536.422799996566027 ], [ 2793840.056999994441867, 814544.482799995457754 ], [ 2793795.25269999820739, 814557.606999998912215 ], [ 2793748.114299998618662, 814573.716599997133017 ], [ 2793684.288400004152209, 814600.694300001719967 ], [ 2793647.450000000651926, 814620.388900002231821 ], [ 2793610.223200002685189, 814642.155700000934303 ], [ 2793585.193999995477498, 814658.362000000895932 ], [ 2793543.711999998427927, 814684.54620000300929 ], [ 2793499.329099993687123, 814708.496500001987442 ], [ 2793456.678000001702458, 814730.570699998410419 ], [ 2793427.457300000824034, 814745.691699997521937 ], [ 2793312.580099996645004, 814794.851200000150129 ], [ 2793211.482200000900775, 814828.386599995894358 ], [ 2793159.580699998419732, 814842.355899997288361 ], [ 2793108.886800003238022, 814854.712400004733354 ], [ 2793068.114499996881932, 814862.151699997950345 ], [ 2792988.064800000283867, 814875.798899996560067 ], [ 2792962.986299995332956, 814879.858999999240041 ], [ 2792914.910400000866503, 814888.230599995935336 ], [ 2792849.293899999465793, 814899.343299998436123 ], [ 2792840.779899998102337, 814900.786100001540035 ], [ 2792841.722000004723668, 814907.795600002864376 ], [ 2792843.854599993675947, 814921.442000003531575 ], [ 2792850.164300004020333, 814959.950399999972433 ], [ 2792859.25529999891296, 815015.439500000793487 ], [ 2792859.361699998844415, 815016.089000002713874 ], [ 2792859.370300000999123, 815016.141199994366616 ], [ 2792861.21659999853, 815015.882400002097711 ], [ 2792861.923600006382912, 815015.762800004798919 ], [ 2792864.124600000213832, 815015.390299999155104 ], [ 2792866.04139999859035, 814997.989399995887652 ], [ 2792871.07570000179112, 814989.138700000476092 ], [ 2792878.364699998404831, 814979.758899997919798 ], [ 2792891.974799996707588, 814971.027899995911866 ], [ 2792893.248700004536659, 814970.21029999665916 ], [ 2792893.830099999438971, 814970.82330000330694 ], [ 2792896.110200005117804, 814973.21949999849312 ], [ 2792913.844199998304248, 814991.861999996704981 ], [ 2792918.536399997305125, 814996.794500003335997 ], [ 2793158.704699999187142, 815249.258299999637529 ], [ 2793170.879700001794845, 815262.056600003270432 ], [ 2793183.989900001790375, 815276.104700000956655 ], [ 2793236.672399993985891, 815332.556199999293312 ], [ 2793239.089900006074458, 815335.146700001554564 ], [ 2793242.109499998856336, 815338.382400000235066 ], [ 2793248.686099995393306, 815345.429399996995926 ], [ 2793252.376800005324185, 815349.384199995547533 ], [ 2793253.289399996399879, 815350.362100005149841 ], [ 2793255.286600004415959, 815352.479100003140047 ], [ 2793351.332799999509007, 815454.284800004214048 ], [ 2793354.746600000653416, 815457.903399999719113 ], [ 2793356.275799993425608, 815459.524300005054101 ], [ 2793357.495399996172637, 815460.911300003528595 ], [ 2793365.186200004070997, 815469.657599998405203 ], [ 2793366.123400000389665, 815470.723399997223169 ], [ 2793371.529799997340888, 815476.916900004260242 ], [ 2793405.838699994143099, 815516.653299995232373 ], [ 2793381.570099997799844, 815543.112899997737259 ], [ 2793381.359099994879216, 815543.342900002375245 ], [ 2793379.71390000032261, 815543.319700000341982 ], [ 2793363.477100002579391, 815543.087699996307492 ], [ 2793313.585299994796515, 815547.05449999938719 ], [ 2793311.024500000756234, 815547.258100001141429 ], [ 2793308.845299997366965, 815547.431300001684576 ], [ 2793307.005900000687689, 815547.607500001322478 ], [ 2793303.551099997013807, 815554.170100002782419 ], [ 2793303.219300004653633, 815557.814500004751608 ], [ 2793303.033699996303767, 815559.854100000811741 ], [ 2793302.535700000822544, 815565.323899995768443 ], [ 2793301.697300001978874, 815577.460299998288974 ], [ 2793303.127899999264628, 815593.632499996572733 ], [ 2793305.891500005498528, 815602.314900001976639 ], [ 2793310.209499997086823, 815611.313700001919642 ], [ 2793429.586699997540563, 815813.406899998197332 ], [ 2793555.156499993056059, 816032.511100003728643 ], [ 2793770.681500000879169, 816414.481299998704344 ], [ 2793933.869900000281632, 816706.421099997824058 ], [ 2793939.144900005776435, 816727.224900002591312 ], [ 2793942.221899998839945, 816849.899700000416487 ], [ 2793941.00230000494048, 816885.619499999564141 ], [ 2793941.77449999935925, 817024.35450000106357 ], [ 2793942.910899995360523, 817290.048300004797056 ], [ 2793941.087700003758073, 817465.864100004779175 ], [ 2793942.832300001289696, 817533.133499999763444 ], [ 2793945.467699999455363, 817633.083300001453608 ], [ 2793913.214699999894947, 817676.223699999041855 ], [ 2793881.893700005486608, 817726.644900003448129 ], [ 2793831.379299997817725, 817820.109699998283759 ], [ 2793795.45770000340417, 817869.468299995642155 ], [ 2793776.598899997305125, 817900.382499998435378 ], [ 2793766.393499998375773, 817922.328499995637685 ], [ 2793763.59269999479875, 817938.162500000325963 ], [ 2793762.252499995287508, 817961.625500001711771 ], [ 2793762.318699999246746, 817970.894500002264977 ], [ 2793763.62789999274537, 817979.887299995403737 ], [ 2793771.499700005166233, 818004.824500001035631 ], [ 2793761.422499997075647, 818009.599099999759346 ], [ 2793749.471100006252527, 818012.285100002540275 ], [ 2793749.466700004413724, 818012.286100002005696 ], [ 2793749.461899999063462, 818012.28649999666959 ], [ 2793747.615500004962087, 818012.490300000179559 ], [ 2793747.610100003425032, 818012.491099998122081 ], [ 2793747.604900003876537, 818012.491700003156438 ], [ 2793739.541500002611428, 818013.384500003419816 ], [ 2793737.686499997507781, 818013.588900003116578 ], [ 2793704.330500002019107, 818013.390500001143664 ], [ 2793570.277099997736514, 817987.204299999866635 ], [ 2793518.534300000872463, 817977.0551 ], [ 2793394.159300001803786, 817953.118499997770414 ], [ 2793392.1055, 817952.724100005347282 ], [ 2793392.303299997001886, 817953.325300000142306 ], [ 2793402.340700004249811, 817983.709899996174499 ], [ 2793425.415299993008375, 818021.203299999935552 ], [ 2793447.087899997830391, 818048.533900003414601 ], [ 2793467.829499997198582, 818074.692700002342463 ], [ 2793515.620899997651577, 818146.85989999724552 ], [ 2793534.36710000410676, 818167.846899998839945 ], [ 2793547.618900001980364, 818180.179900005925447 ], [ 2793561.869899999815971, 818193.607900002971292 ], [ 2793582.894300000276417, 818205.707500003278255 ], [ 2793602.617299993988127, 818212.685299996752292 ], [ 2793622.873699999880046, 818218.714099999982864 ], [ 2793700.018299997318536, 818235.767100002616644 ], [ 2793777.727300005033612, 818254.027300000423566 ], [ 2793890.784299999009818, 818287.568500001216307 ], [ 2793976.105899996589869, 818313.587900003185496 ], [ 2794093.807500001043081, 818340.041900002397597 ], [ 2794233.126699994783849, 818369.865299997851253 ], [ 2794243.250100005883723, 818372.032299995189533 ], [ 2794263.721100001130253, 818374.251700003398582 ], [ 2794279.500699995551258, 818375.51130000082776 ], [ 2794281.194499995559454, 818375.299299998441711 ], [ 2794292.448100003413856, 818373.695099997567013 ], [ 2794292.647899999748915, 818373.666700004367158 ], [ 2794294.485900002066046, 818373.435499998508021 ], [ 2794294.503099997527897, 818373.462100002914667 ], [ 2794294.665100000333041, 818373.712699996540323 ], [ 2794294.796099996659905, 818373.915900003863499 ], [ 2794300.850699997507036, 818383.294500004965812 ], [ 2794313.662299994844943, 818403.139700000174344 ], [ 2794358.768299997784197, 818468.056100003654137 ], [ 2794395.502499993424863, 818497.12829999695532 ], [ 2794386.447700005024672, 818573.555699997581542 ], [ 2794386.397699996829033, 818573.967699997825548 ], [ 2794388.302499999292195, 818573.349100005580112 ], [ 2794413.81350000621751, 818565.063899998553097 ], [ 2794415.458899993915111, 818564.528699997346848 ], [ 2794415.669300000183284, 818564.857299997704104 ], [ 2794472.125499998684973, 818652.555899996310472 ], [ 2794488.321899998933077, 818671.469099994981661 ], [ 2794490.284300003200769, 818673.760300001828 ], [ 2794505.684299998451024, 818691.741300002438948 ], [ 2794565.094300006050617, 818738.612500000512227 ], [ 2794566.790299998596311, 818739.950299997581169 ], [ 2794568.454300002194941, 818741.304700002772734 ], [ 2794600.352500000502914, 818767.266500002704561 ], [ 2794602.346900002099574, 818768.889500003773719 ], [ 2794605.628300003707409, 818772.743500005453825 ], [ 2794624.32689999602735, 818794.70349999750033 ], [ 2794625.354299996513873, 818795.910100005334243 ], [ 2794627.753900002688169, 818798.78550000465475 ], [ 2794660.037500005215406, 818837.471500003477558 ], [ 2794694.850900004152209, 818850.84789999644272 ], [ 2794737.2193, 818864.510099998442456 ], [ 2794748.769300000276417, 818868.234699999447912 ], [ 2794753.720099998638034, 818873.51130000106059 ], [ 2794761.454300003126264, 818881.754299995023757 ], [ 2794767.379699996206909, 818903.713499997975305 ], [ 2794779.141300004441291, 818941.117100000847131 ], [ 2794834.181500006001443, 818999.046500003663823 ], [ 2794897.548899999354035, 819058.728299999143928 ], [ 2794910.197499994188547, 819069.786100000375882 ], [ 2794917.147100004833192, 819075.861700002569705 ], [ 2794957.10410000057891, 819110.793499997118488 ], [ 2794985.452899997122586, 819127.841500001493841 ], [ 2795002.853500002063811, 819132.1180999961216 ], [ 2795033.842699995730072, 819135.471299996366724 ], [ 2795054.398500001989305, 819165.865699995774776 ], [ 2795070.306100002955645, 819203.363099998096004 ], [ 2795087.27610000083223, 819238.260099997976795 ], [ 2795097.139899994712323, 819261.190900005865842 ], [ 2795101.455700003076345, 819277.781499996781349 ], [ 2795108.424900003708899, 819315.489499998278916 ], [ 2795120.952499997802079, 819377.231900000013411 ], [ 2795121.501500001177192, 819379.937700002687052 ], [ 2795128.411899998318404, 819410.450499997939914 ], [ 2795149.359899996314198, 819461.929300002520904 ], [ 2795171.42010000674054, 819462.703899999847636 ], [ 2795188.7473, 819469.313099998515099 ], [ 2795205.504100002348423, 819482.593099996447563 ], [ 2795260.907499997410923, 819547.890500002773479 ], [ 2795261.129699997603893, 819548.152100000996143 ], [ 2795262.7643, 819547.68409999483265 ], [ 2795263.345700003672391, 819547.517699998803437 ], [ 2795263.417499993462116, 819547.497100000968203 ], [ 2795354.729500005021691, 819521.343700003577396 ], [ 2795354.897100002504885, 819521.29569999454543 ], [ 2795361.546900000423193, 819519.391100002452731 ], [ 2795363.305899996310472, 819518.886899998644367 ], [ 2795363.402700003236532, 819519.184700003359467 ], [ 2795365.214600000996143, 819524.784800001885742 ], [ 2795366.92559999646619, 819527.944000001996756 ], [ 2795369.305200001224875, 819531.319500001147389 ], [ 2795370.600699997972697, 819532.5882000005804 ], [ 2795372.583300006110221, 819534.194900000467896 ], [ 2795373.636399998795241, 819534.895699999760836 ], [ 2795375.24149999441579, 819535.870100002037361 ], [ 2795376.659999999217689, 819536.586899995571002 ], [ 2795378.611199997365475, 819537.393700000364333 ], [ 2795380.827699994202703, 819538.082100000698119 ], [ 2795382.375000003259629, 819538.427200003992766 ], [ 2795384.219099999871105, 819538.709600002039224 ], [ 2795390.995200003497303, 819538.604400003096089 ], [ 2795431.36369999917224, 819763.772699997294694 ], [ 2795435.042700002901256, 819773.701000003376976 ], [ 2795438.0737000037916, 819781.888599996455014 ], [ 2795451.056800000369549, 819805.543300000485033 ], [ 2795466.114900001324713, 819826.205999998375773 ], [ 2795484.274199997074902, 819846.693399999989197 ], [ 2795521.172200001776218, 819884.146699995268136 ], [ 2795603.105600003618747, 819959.490800003288314 ], [ 2795616.322899995837361, 819971.327999998349696 ], [ 2795684.238499996252358, 820042.138299997663125 ], [ 2795690.7226, 820050.788100000936538 ], [ 2795701.853799995500594, 820072.075899997493252 ], [ 2795722.481799995526671, 820109.737100000027567 ], [ 2795728.387000002898276, 820120.269000003812835 ], [ 2795737.290899998508394, 820129.278900004923344 ], [ 2795747.287500004749745, 820137.879799996037036 ], [ 2795851.464800004381686, 820229.39129999675788 ], [ 2795876.911000001244247, 820253.033400000305846 ], [ 2795913.43629999877885, 820294.034099997486919 ], [ 2795934.389600002206862, 820322.79999999795109 ], [ 2795962.915000001899898, 820366.933299999684095 ], [ 2796038.515100005082786, 820457.819000000599772 ], [ 2796104.16469999961555, 820534.020399995148182 ], [ 2796162.373700003139675, 820604.367500002495944 ], [ 2796184.570399999152869, 820641.236500000115484 ], [ 2796189.296300004702061, 820652.401099996175617 ], [ 2796220.552400001790375, 820732.821299999253824 ], [ 2796282.492200005799532, 820895.328400000929832 ], [ 2796290.812299994751811, 820917.157300000078976 ], [ 2796291.095200001262128, 820917.900399999925867 ], [ 2796292.666900005191565, 820916.95099999755621 ] ] ] ] } },
{ "type": "Feature", "properties": { "CVEGEO": "09016", "CVE_ENT": "09", "CVE_MUN": "016", "NOMGEO": "Miguel Hidalgo" }, "geometry": { "type": "MultiPolygon", "coordinates": [ [ [ [ 2792993.964100006502122, 833414.661000001244247 ], [ 2793011.538700001314282, 833414.222500002011657 ], [ 2793050.647800001781434, 833403.502700001234189 ], [ 2793072.782300001010299, 833397.435700001195073 ], [ 2793107.430799994152039, 833387.119600005680695 ], [ 2793178.639899997040629, 833365.669400003040209 ], [ 2793254.483599996194243, 833341.359499996993691 ], [ 2793262.671100001782179, 833338.839000004576519 ], [ 2793266.430799995549023, 833337.681599998380989 ], [ 2793298.49809999903664, 833327.810099996393546 ], [ 2793311.418600004166365, 833323.991500003030524 ], [ 2793320.219899996649474, 833321.390399999450892 ], [ 2793350.171400003600866, 833312.538400006014854 ], [ 2793389.880000006407499, 833300.905600002035499 ], [ 2793434.614500002935529, 833287.919400001410395 ], [ 2793489.985699999146163, 833272.032800001790747 ], [ 2793543.42140000173822, 833257.201300003100187 ], [ 2793579.082500002812594, 833246.729000000748783 ], [ 2793584.768000000156462, 833245.059400002472103 ], [ 2793593.703500007279217, 833242.435400003567338 ], [ 2793609.943000005558133, 833238.019099996425211 ], [ 2793616.93140000058338, 833236.118599999230355 ], [ 2793649.657700002659112, 833227.218599996995181 ], [ 2793700.403700002003461, 833213.422499995911494 ], [ 2793765.485099998768419, 833198.720500003313646 ], [ 2793783.280299997888505, 833194.70050000003539 ], [ 2793818.554700005333871, 833186.733199995709583 ], [ 2793848.787500005215406, 833179.904699999140576 ], [ 2793851.634599999058992, 833179.261599998222664 ], [ 2793864.836800000630319, 833176.279700002400205 ], [ 2793872.712999997660518, 833174.500700005097315 ], [ 2793986.790900003165007, 833148.734400004614145 ], [ 2794034.674400001764297, 833134.431800002697855 ], [ 2794073.847999996505678, 833121.524899997748435 ], [ 2794088.589000001549721, 833116.668100000824779 ], [ 2794088.523299997206777, 833114.563599998364225 ], [ 2794079.895199996419251, 832838.017900001490489 ], [ 2794075.695100000593811, 832618.222200000425801 ], [ 2794075.123099997173995, 832593.225099995499477 ], [ 2794072.905100000556558, 832529.755800000391901 ], [ 2794071.0767, 832477.432700004661456 ], [ 2794073.015100004617125, 832476.78749999916181 ], [ 2794146.643499999307096, 832452.281300004571676 ], [ 2794238.532700005918741, 832423.311699997168034 ], [ 2794358.759599999058992, 832388.484600001713261 ], [ 2794358.465499994810671, 832386.369400001363829 ], [ 2794356.370999997481704, 832371.302800003439188 ], [ 2794337.314599996432662, 832232.706400000955909 ], [ 2794336.389300007838756, 832225.976900003617629 ], [ 2794314.775100002996624, 832052.323199999285862 ], [ 2794316.916899999137968, 832051.804500000784174 ], [ 2794440.986400003544986, 832021.75569999567233 ], [ 2794445.076399998739362, 832020.785800000652671 ], [ 2794640.432399998884648, 831974.459399996791035 ], [ 2794652.450300000607967, 831975.39860000112094 ], [ 2794766.266900005750358, 831959.100799999199808 ], [ 2794775.367599998600781, 831957.797600003657863 ], [ 2794775.791799996048212, 831957.738599998643622 ], [ 2794879.150799995288253, 831938.585399999050424 ], [ 2794994.919399996288121, 831921.880299997050315 ], [ 2795092.6505, 831904.664599998854101 ], [ 2795215.126999992411584, 831887.707799998112023 ], [ 2795321.043699998874217, 831870.405599996214733 ], [ 2795334.068299998063594, 831868.277999996906146 ], [ 2795418.062700000125915, 831850.822900002589449 ], [ 2795441.355099996551871, 831846.907300000544637 ], [ 2795473.662600002717227, 831841.476299998583272 ], [ 2795532.847999998833984, 831832.543799999402836 ], [ 2795651.076099997386336, 831814.709700001869351 ], [ 2795729.005800005514175, 831802.975600001169369 ], [ 2795773.129900000523776, 831796.331599999219179 ], [ 2795861.631900001317263, 831783.082099999068305 ], [ 2796139.652399998623878, 831741.031399995321408 ], [ 2796139.668199999723583, 831741.029099997831509 ], [ 2796214.81539999647066, 831729.695399996358901 ], [ 2796421.097799997776747, 831698.583399996627122 ], [ 2796434.529799993615597, 831696.55769999884069 ], [ 2796525.00439999718219, 831682.329900003271177 ], [ 2796718.113900002557784, 831653.672400002134964 ], [ 2796775.412200000137091, 831646.106100002070889 ], [ 2796866.760199998505414, 831631.639299996197224 ], [ 2796916.936000000685453, 831624.188799996161833 ], [ 2796916.57749999826774, 831621.778299999190494 ], [ 2796916.312400001101196, 831619.995800003176555 ], [ 2796906.762000002432615, 831555.820000000298023 ], [ 2796906.755600001197308, 831555.776700000045821 ], [ 2796906.755099992733449, 831555.77360000484623 ], [ 2796900.799599996302277, 831493.779199997661635 ], [ 2796890.351699997205287, 831385.02140000439249 ], [ 2796884.306699998211116, 831323.170100003480911 ], [ 2796874.1431, 831209.110800005262718 ], [ 2796871.953800003509969, 831170.811799998162314 ], [ 2796870.44469999987632, 831148.089800000656396 ], [ 2796868.383100003004074, 831117.047600000165403 ], [ 2796868.380099995527416, 831117.000800001434982 ], [ 2796867.559199999086559, 830982.065100002102554 ], [ 2796866.339499999769032, 830911.143099997425452 ], [ 2796860.195500001311302, 830875.466000002110377 ], [ 2796849.613099998328835, 830822.70060000102967 ], [ 2796828.051100002601743, 830710.340699997497723 ], [ 2796818.163299999665469, 830654.788300004089251 ], [ 2796810.789899994619191, 830611.096599997021258 ], [ 2796799.361299997661263, 830546.980700002284721 ], [ 2796790.154300000984222, 830502.115200000116602 ], [ 2796782.167399998754263, 830459.201799999456853 ], [ 2796774.402800001669675, 830418.3350000011269 ], [ 2796766.409900001250207, 830379.214500001398847 ], [ 2796752.146199997514486, 830312.974300004541874 ], [ 2796734.283799994271249, 830228.04060000134632 ], [ 2796728.339899999089539, 830208.959600003669038 ], [ 2796716.297100002877414, 830179.590799998492002 ], [ 2796664.461300004739314, 830083.5588 ], [ 2796617.046300002839416, 829965.347800000803545 ], [ 2796564.122599999886006, 829842.533900003880262 ], [ 2796541.9161, 829793.521499997470528 ], [ 2796511.853099998552352, 829722.975100002484396 ], [ 2796488.007999998051673, 829667.831200001761317 ], [ 2796457.094199998769909, 829596.799900003243238 ], [ 2796425.623499995097518, 829538.894599996972829 ], [ 2796393.868000000249594, 829486.122699998319149 ], [ 2796336.321699995547533, 829392.778200002154335 ], [ 2796244.877300002146512, 829232.712299996986985 ], [ 2796182.909499999601394, 829130.868899998953566 ], [ 2796158.509300001431257, 829088.727700001792982 ], [ 2796126.690499995835125, 829037.637200004188344 ], [ 2796079.909300000406802, 828954.64009999926202 ], [ 2796036.944499997422099, 828868.644799997331575 ], [ 2795998.915299995802343, 828791.514500001678243 ], [ 2795921.395900004077703, 828636.084900003159419 ], [ 2795872.402700000908226, 828556.046200002543628 ], [ 2795859.755500000435859, 828534.392300001578405 ], [ 2795829.967899999115616, 828483.376499996287748 ], [ 2795824.031799999531358, 828473.213500003097579 ], [ 2795739.178600002080202, 828333.884699998656288 ], [ 2795731.177899997681379, 828320.747900003334507 ], [ 2795677.712600000668317, 828230.658199995523319 ], [ 2795650.28440000070259, 828180.445300001651049 ], [ 2795630.137599995359778, 828148.302700000815094 ], [ 2795588.541900002863258, 828075.182299997890368 ], [ 2795530.87049999460578, 827971.584900002228096 ], [ 2795533.97389999916777, 827971.068500001216307 ], [ 2795603.643700007349253, 827959.474999998928979 ], [ 2795620.623400003183633, 827956.972799998009577 ], [ 2795647.530000001657754, 827953.007699996232986 ], [ 2795647.534700002055615, 827953.007000003475696 ], [ 2795647.53870000038296, 827953.006399998441339 ], [ 2795647.541799995582551, 827953.005899998592213 ], [ 2795679.673400000669062, 827948.270799994468689 ], [ 2795709.436700003687292, 827945.983299996703863 ], [ 2795736.434400001075119, 827947.234800000442192 ], [ 2795786.34159999853, 827933.796700001694262 ], [ 2795797.75969999935478, 827928.662999995984137 ], [ 2795798.568000003695488, 827926.397499999031425 ], [ 2795802.315999999642372, 827915.892699999734759 ], [ 2795781.3668, 827883.111699997913092 ], [ 2795778.413900002837181, 827876.962900002952665 ], [ 2795773.144599996972829, 827879.827700000721961 ], [ 2795764.108900006860495, 827881.154399996623397 ], [ 2795755.631999996956438, 827879.530200002947822 ], [ 2795747.047399998176843, 827873.746399998897687 ], [ 2795739.803599995560944, 827865.352699995972216 ], [ 2795678.191900000907481, 827738.515599995618686 ], [ 2795671.004499998874962, 827717.090699999593198 ], [ 2795670.357500005047768, 827709.14589999592863 ], [ 2795673.488300003111362, 827700.629700002260506 ], [ 2795672.905599992722273, 827692.295399999013171 ], [ 2795668.352000001817942, 827684.773899998515844 ], [ 2795664.622499999124557, 827669.758200003299862 ], [ 2795662.578700002748519, 827653.124199998332188 ], [ 2795659.279500000178814, 827639.288299995940179 ], [ 2795651.516099995933473, 827627.112199997296557 ], [ 2795644.572299999184906, 827618.524599999655038 ], [ 2795641.721800003200769, 827614.265600004000589 ], [ 2795638.871399994939566, 827610.006700004683807 ], [ 2795631.528199998196214, 827601.595600004773587 ], [ 2795620.007200004532933, 827593.858499997993931 ], [ 2795606.482600002083927, 827590.536400000564754 ], [ 2795589.708700000308454, 827578.76579999551177 ], [ 2795554.75209999922663, 827516.428699996322393 ], [ 2795540.692000005859882, 827506.067200004821643 ], [ 2795526.631800007540733, 827495.705699995858595 ], [ 2795513.6636, 827458.830700000282377 ], [ 2795493.282399997115135, 827410.963300000643358 ], [ 2795470.221199997700751, 827365.039699998684227 ], [ 2795470.219400000292808, 827365.036600003251806 ], [ 2795404.966200006194413, 827233.205000001238659 ], [ 2795348.969400003086776, 827121.872900001471862 ], [ 2795327.106499998364598, 827079.040300004882738 ], [ 2795269.392800007481128, 826958.489500002469867 ], [ 2795251.346400000620633, 826922.742300000973046 ], [ 2795200.439400007016957, 826828.167300002183765 ], [ 2795186.589500000700355, 826803.788500000024214 ], [ 2795164.604599996469915, 826762.959699996747077 ], [ 2795137.753100000787526, 826723.250600002706051 ], [ 2795084.625699998810887, 826626.087499995715916 ], [ 2795070.03589999396354, 826601.311700005549937 ], [ 2795046.961600002832711, 826562.128099997062236 ], [ 2795032.953599995933473, 826542.339800002286211 ], [ 2795004.3483000039123, 826501.931000005220994 ], [ 2794997.155100005678833, 826488.020799996331334 ], [ 2794947.593999993987381, 826393.667100003454834 ], [ 2794942.903300003614277, 826384.017800001893193 ], [ 2794866.951800001319498, 826217.70819999743253 ], [ 2794869.661999996751547, 826216.817899996414781 ], [ 2794918.663699997123331, 826200.720600000815466 ], [ 2794918.673799998592585, 826200.717300003860146 ], [ 2794980.618199997581542, 826180.368500001262873 ], [ 2795060.098499994724989, 826154.258299998939037 ], [ 2795248.726199998520315, 826095.111300001153722 ], [ 2795339.701800005510449, 826066.837499994784594 ], [ 2795434.907300004269928, 826034.956900004297495 ], [ 2795537.115200002212077, 826001.406300003640354 ], [ 2795563.536200004629791, 825991.756399996811524 ], [ 2795623.436000000219792, 825969.878600003197789 ], [ 2795721.168399992864579, 825935.972900002729148 ], [ 2795816.541400001849979, 825904.928099998040125 ], [ 2795861.327699995599687, 825889.904099998762831 ], [ 2795912.472299996297807, 825873.347300002817065 ], [ 2795937.521799994632602, 825864.964400002965704 ], [ 2795998.378200000617653, 825844.598500001477078 ], [ 2796009.59279999602586, 825840.845499998191372 ], [ 2796099.415800001937896, 825811.792900003260002 ], [ 2796188.091500003356487, 825784.200700001325458 ], [ 2796198.237499993760139, 825781.085599999176338 ], [ 2796261.193599997553974, 825767.14310000394471 ], [ 2796261.565999997779727, 825764.733000001404434 ], [ 2796271.632100004702806, 825699.590699997032061 ], [ 2796273.933299999218434, 825684.698799999197945 ], [ 2796283.279099996667355, 825644.161699997493997 ], [ 2796287.446400006301701, 825626.086199996061623 ], [ 2796287.656499996781349, 825625.155999997165054 ], [ 2796296.743600007146597, 825584.919600002467632 ], [ 2796297.581400000490248, 825580.260699998820201 ], [ 2796299.535700003150851, 825573.150499996962026 ], [ 2796301.856399999000132, 825564.70699999644421 ], [ 2796335.90140000032261, 825440.840100002940744 ], [ 2796341.750899999868125, 825419.55790000106208 ], [ 2796341.828000003471971, 825419.277199995471165 ], [ 2796343.140000002924353, 825409.20409999974072 ], [ 2796343.704599997028708, 825404.869499999796972 ], [ 2796340.529299997724593, 825377.109799996949732 ], [ 2796336.598600004334003, 825359.339599997503683 ], [ 2796147.349000002257526, 825294.249800000572577 ], [ 2796058.620700005907565, 825263.732600003248081 ], [ 2796030.001500006765127, 825253.889300001552328 ], [ 2795966.972, 825232.075099998852238 ], [ 2795957.771099998150021, 825228.890899999067187 ], [ 2795918.656599996145815, 825215.354699995368719 ], [ 2795916.917000005487353, 825214.751799999270588 ], [ 2795911.740599995944649, 825212.960799997439608 ], [ 2795806.566999998409301, 825161.686999997822568 ], [ 2795753.00740000186488, 825148.090799998259172 ], [ 2795691.068099997937679, 825132.368999998783693 ], [ 2795682.440699998755008, 825130.273799999849871 ], [ 2795577.729600000660866, 825104.827699999557808 ], [ 2795572.531099993735552, 825103.57039999961853 ], [ 2795528.33059999672696, 825092.878700002795085 ], [ 2795455.162699993234128, 825074.721099999500439 ], [ 2795391.381700003985316, 825076.924199997913092 ], [ 2795324.862400006037205, 825061.440699998056516 ], [ 2795240.626500003505498, 825040.350999996531755 ], [ 2795214.244999995455146, 825039.463500001700595 ], [ 2795161.687899996526539, 825027.579299997305498 ], [ 2795121.152999995741993, 825023.151700004702434 ], [ 2795106.542399999685585, 825012.49030000413768 ], [ 2795083.674900002311915, 825000.328699999954551 ], [ 2794984.587899994105101, 824959.66060000192374 ], [ 2794913.899099994450808, 824930.321300003444776 ], [ 2794892.798000002745539, 824927.312699997797608 ], [ 2794869.209599999245256, 824923.625699997181073 ], [ 2794797.953199997544289, 824906.638399998890236 ], [ 2794787.184500002302229, 824903.092999996384606 ], [ 2794719.519599992316216, 824881.752799997804686 ], [ 2794676.352399997413158, 824869.484999995213002 ], [ 2794664.467699993401766, 824868.46239999984391 ], [ 2794553.464100006502122, 824871.937399998307228 ], [ 2794548.27610000455752, 824871.798099997686222 ], [ 2794524.852500001434237, 824869.904700003098696 ], [ 2794452.869999994058162, 824864.701000005239621 ], [ 2794441.746600002516061, 824863.207799999276176 ], [ 2794396.598700002301484, 824857.636900000739843 ], [ 2794395.921800006646663, 824857.55339999566786 ], [ 2794391.501500001177192, 824868.059700003359467 ], [ 2794373.600299996323884, 824910.603500000899658 ], [ 2794337.78190000122413, 824995.883099996484816 ], [ 2794305.609100000467151, 825076.151100000133738 ], [ 2794300.48799999570474, 825089.311900004278868 ], [ 2794272.382499996572733, 825155.962499996880069 ], [ 2794252.153299999888986, 825204.218099998077378 ], [ 2794239.681900004390627, 825233.317899995250627 ], [ 2794224.611700002569705, 825266.195500002475455 ], [ 2794202.415299996268004, 825300.879700002260506 ], [ 2794201.725699994247407, 825301.958100002026185 ], [ 2794166.403900000732392, 825351.932899997569621 ], [ 2794152.643299995455891, 825368.832499999552965 ], [ 2794130.321100001223385, 825387.446900002658367 ], [ 2794088.186499997973442, 825418.627700002165511 ], [ 2794073.553099994082004, 825432.548300002003089 ], [ 2794062.687899998854846, 825445.258900000480935 ], [ 2794061.964699995238334, 825446.104700000025332 ], [ 2794052.0351000004448, 825462.578299998072907 ], [ 2794044.184900002554059, 825484.248299998464063 ], [ 2794041.703100007027388, 825491.214499999769032 ], [ 2794038.355099997948855, 825519.893500001868233 ], [ 2794044.412699997425079, 825601.01749999425374 ], [ 2794046.320299997460097, 825627.603499998338521 ], [ 2794050.674899999052286, 825679.392900001257658 ], [ 2794051.570899999700487, 825695.107099998276681 ], [ 2794048.982699994929135, 825747.830300003988668 ], [ 2794048.83670000359416, 825750.804900004295632 ], [ 2794031.750899997074157, 825748.479900002479553 ], [ 2794019.769700001459569, 825746.851100005442277 ], [ 2793966.459699999541044, 825739.59990000189282 ], [ 2793888.8841, 825729.327700002584606 ], [ 2793877.859300003852695, 825727.749700002837926 ], [ 2793844.330700004007667, 825722.954699999187142 ], [ 2793827.331100003328174, 825720.458299994468689 ], [ 2793806.521899996791035, 825717.51869999920018 ], [ 2793792.182899995706975, 825715.398899995256215 ], [ 2793761.194899994879961, 825709.662100000539795 ], [ 2793709.56290000025183, 825700.103300001239404 ], [ 2793664.914100000634789, 825693.465299997013062 ], [ 2793616.092200004030019, 825686.542099997866899 ], [ 2793586.503899998962879, 825682.346299998695031 ], [ 2793577.737899992149323, 825680.805899999337271 ], [ 2793483.512699996586889, 825667.785299998708069 ], [ 2793436.049700003582984, 825657.193500004475936 ], [ 2793411.309299995657057, 825648.981100004632026 ], [ 2793397.997300000395626, 825643.399900002637878 ], [ 2793345.63050000090152, 825617.803100002231076 ], [ 2793280.847099993377924, 825587.328499994939193 ], [ 2793249.36289999447763, 825573.517699997639284 ], [ 2793183.408299996051937, 825545.062099997187033 ], [ 2793132.025300007779151, 825523.12070000381209 ], [ 2793088.320900003425777, 825504.496900000376627 ], [ 2793074.547700006514788, 825500.322100002551451 ], [ 2793037.81189999775961, 825489.617499998072162 ], [ 2793005.521300006192178, 825485.810300004202873 ], [ 2792977.964500003959984, 825482.49049999541603 ], [ 2792915.106299994979054, 825473.710900005651638 ], [ 2792845.92149999551475, 825464.847899998771027 ], [ 2792760.141700003761798, 825453.334499998949468 ], [ 2792709.918100003153086, 825445.54729999625124 ], [ 2792591.640500005334616, 825426.756700002355501 ], [ 2792416.941299993079156, 825399.987099997932091 ], [ 2792357.460500003769994, 825388.95829999493435 ], [ 2792291.370499997865409, 825375.850299996091053 ], [ 2792146.200699999462813, 825348.815499998163432 ], [ 2792145.239099999889731, 825348.636299999663606 ], [ 2792138.818499999586493, 825347.190100003266707 ], [ 2792138.33690000185743, 825347.006700004450977 ], [ 2792093.572700005024672, 825329.958700000075623 ], [ 2792038.356499996967614, 825312.666300001554191 ], [ 2791981.026900003664196, 825291.669899999629706 ], [ 2791924.661100002471358, 825274.755100001581013 ], [ 2791913.622899999376386, 825269.966700000688434 ], [ 2791877.276099998969585, 825246.562099999282509 ], [ 2791790.179899996612221, 825196.118700001155958 ], [ 2791726.475900006014854, 825164.195700004929677 ], [ 2791687.401300001889467, 825148.639899997971952 ], [ 2791581.283899996429682, 825110.249099999433383 ], [ 2791537.98430000199005, 825095.715700003551319 ], [ 2791474.136300001759082, 825070.292499998351559 ], [ 2791456.357299998402596, 825063.367700003320351 ], [ 2791352.94010000070557, 825023.860700002871454 ], [ 2791327.601300003472716, 825014.583500003674999 ], [ 2791203.011500005144626, 824969.751900001661852 ], [ 2790938.095100004691631, 824871.562299997080117 ], [ 2790898.128700000233948, 824856.977100004209206 ], [ 2790780.089499998372048, 824816.078099998179823 ], [ 2790713.208099994808435, 824803.016899998299778 ], [ 2790632.720299993176013, 824788.93989999871701 ], [ 2790615.094900000840425, 824789.305500003509223 ], [ 2790557.272699996363372, 824791.138700000476092 ], [ 2790547.679199999198318, 824791.718499999726191 ], [ 2790523.108700003474951, 824793.203499997965991 ], [ 2790458.816100000403821, 824800.914500000188127 ], [ 2790424.15110000455752, 824803.711699999636039 ], [ 2790385.800500001758337, 824802.170899996999651 ], [ 2790348.472900006454438, 824794.267900002654642 ], [ 2790298.373899993021041, 824783.837100002914667 ], [ 2790187.415299998596311, 824756.495300001697615 ], [ 2790132.894299995154142, 824742.920299996389076 ], [ 2790110.896700002718717, 824737.293499996885657 ], [ 2790057.875900003127754, 824717.193499999120831 ], [ 2790020.110699994023889, 824701.713699999731034 ], [ 2789997.975500002037734, 824695.625100002391264 ], [ 2789976.177899998612702, 824692.279699997510761 ], [ 2789950.641300004441291, 824691.442299998365343 ], [ 2789906.82709999801591, 824694.7541000014171 ], [ 2789873.668100001290441, 824697.067099998705089 ], [ 2789839.844499994069338, 824693.11130000045523 ], [ 2789812.276099999435246, 824682.750500001711771 ], [ 2789538.113900000695139, 824559.187299996847287 ], [ 2789504.223899995908141, 824545.608500003349036 ], [ 2789480.083899993915111, 824538.121900002239272 ], [ 2789457.193700002972037, 824535.254099996760488 ], [ 2789433.507500001229346, 824535.359499997226521 ], [ 2789368.994300002697855, 824540.642099996563047 ], [ 2789339.331100003793836, 824539.412699998822063 ], [ 2789316.300300005823374, 824535.523499999428168 ], [ 2789291.415099999401718, 824526.626100001623854 ], [ 2789272.182499998714775, 824515.795299997087568 ], [ 2789191.786300004459918, 824451.06989999464713 ], [ 2789180.192500004079193, 824434.305499998386949 ], [ 2789171.679700003936887, 824411.946899995906278 ], [ 2789169.282099996693432, 824391.249500000150874 ], [ 2789172.3509, 824326.70490000071004 ], [ 2789175.706500002648681, 824256.123700002674013 ], [ 2789173.80290000140667, 824219.292100003687665 ], [ 2789162.856499998364598, 824183.529300002614036 ], [ 2789134.548899997025728, 824092.807499998714775 ], [ 2789124.927500006742775, 824069.510100004030392 ], [ 2789109.020900005474687, 824042.373500000685453 ], [ 2789082.748699999880046, 824011.767200004076585 ], [ 2789053.839500000234693, 823987.916400004178286 ], [ 2789027.25269999820739, 823970.437399997608736 ], [ 2788957.619099996518344, 823929.558999998262152 ], [ 2788932.006800001487136, 823911.459699998376891 ], [ 2788857.652900005690753, 823840.794399999082088 ], [ 2788798.645499998237938, 823804.393399998778477 ], [ 2788770.935199998319149, 823794.643399996683002 ], [ 2788744.524700000882149, 823790.467000002972782 ], [ 2788731.109699999447912, 823792.309999994700775 ], [ 2788697.623199997935444, 823796.92139999801293 ], [ 2788580.913999998010695, 823834.283499998273328 ], [ 2788555.084500001277775, 823838.422899996628985 ], [ 2788536.534500004723668, 823840.031700001098216 ], [ 2788504.818899998441339, 823838.402299998793751 ], [ 2788477.633299995213747, 823829.694100004388019 ], [ 2788450.5889000040479, 823819.244100000942126 ], [ 2788425.768700000364333, 823802.745099999941885 ], [ 2788391.615099998190999, 823773.790500004542992 ], [ 2788282.232300002593547, 823677.318999998271465 ], [ 2788280.058799998834729, 823675.402100003324449 ], [ 2788281.549600002355874, 823697.932899997802451 ], [ 2788281.633500001393259, 823699.200399995781481 ], [ 2788279.813100006897002, 823704.055299998959526 ], [ 2788275.599200000520796, 823715.292399995028973 ], [ 2788265.640800000168383, 823735.531200002180412 ], [ 2788265.1793, 823736.469199996441603 ], [ 2788244.40659999800846, 823763.145599997835234 ], [ 2788242.849399997852743, 823765.145400001434609 ], [ 2788227.229000000283122, 823802.705099996877834 ], [ 2788211.345299994107336, 823840.942000003764406 ], [ 2788205.387200002092868, 823864.750300001353025 ], [ 2788195.389899994712323, 823986.434399995952845 ], [ 2788181.521700005978346, 824141.043599998112768 ], [ 2788179.647600002586842, 824154.0369999979157 ], [ 2788179.050599999260157, 824165.002499999245629 ], [ 2788181.169299998320639, 824182.072299994062632 ], [ 2788188.929899996612221, 824195.340400001732633 ], [ 2788190.465700000990182, 824197.966100001707673 ], [ 2788192.444799992721528, 824201.350000001490116 ], [ 2788195.693600000813603, 824206.905000002123415 ], [ 2788212.741700001526624, 824246.201999999582767 ], [ 2788222.169200006406754, 824267.928499997127801 ], [ 2788246.170100001152605, 824319.076799998292699 ], [ 2788250.795299997553229, 824326.768799998797476 ], [ 2788260.023500005714595, 824337.644700000761077 ], [ 2788315.644900000654161, 824390.209200000623241 ], [ 2788339.005500000435859, 824416.619199998211116 ], [ 2788342.69649999961257, 824435.260300002293661 ], [ 2788353.652899999171495, 824473.870800002245232 ], [ 2788359.964399998541921, 824514.473200004780665 ], [ 2788357.82810000050813, 824532.385300000431016 ], [ 2788352.016500008292496, 824548.240799997467548 ], [ 2788346.525000001769513, 824561.419499998679385 ], [ 2788346.254300001543015, 824562.069099997170269 ], [ 2788338.776699997484684, 824571.875499999849126 ], [ 2788338.189000006299466, 824572.646200003800914 ], [ 2788328.40730000520125, 824583.078099999809638 ], [ 2788327.231000002473593, 824584.332400000654161 ], [ 2788306.641900000628084, 824591.636400000890717 ], [ 2788263.043099998496473, 824596.882500004721805 ], [ 2788246.076899997889996, 824596.251100001391023 ], [ 2788227.034599996637553, 824592.389300004113466 ], [ 2788205.293999998830259, 824578.087200002046302 ], [ 2788187.980800000950694, 824562.614899999927729 ], [ 2788170.102899994701147, 824543.98420000448823 ], [ 2788149.951599999796599, 824525.081399996764958 ], [ 2788133.036700005177408, 824509.214899994898587 ], [ 2788116.854999992996454, 824500.064799998886883 ], [ 2788096.788599996827543, 824496.500400003045797 ], [ 2788078.421700000762939, 824502.418799998937175 ], [ 2788060.902299996465445, 824509.597700004000217 ], [ 2788032.283699993975461, 824517.811099994927645 ], [ 2788018.594400004949421, 824520.290900000138208 ], [ 2787996.176499999593943, 824522.444400002481416 ], [ 2787952.349499999545515, 824523.421199998585507 ], [ 2787927.174599999096245, 824518.073299998184666 ], [ 2787910.390100004617125, 824509.765199996065348 ], [ 2787884.31709999917075, 824498.964100000215694 ], [ 2787863.785599999595433, 824495.834899998037145 ], [ 2787851.517800006084144, 824495.580999998608604 ], [ 2787819.899800004903227, 824495.993999998550862 ], [ 2787750.470600002445281, 824500.735600000247359 ], [ 2787716.024099997710437, 824505.302000002469867 ], [ 2787708.577200001571327, 824511.313499996205792 ], [ 2787707.919299999251962, 824511.844600002281368 ], [ 2787701.845700005069375, 824522.960199998458847 ], [ 2787701.085100003052503, 824524.352200004039332 ], [ 2787679.503899994771928, 824550.700699997600168 ], [ 2787654.964500001631677, 824574.192800002638251 ], [ 2787604.571900001261383, 824625.636300004320219 ], [ 2787564.676400000695139, 824658.701900004874915 ], [ 2787549.894299996551126, 824668.148299997439608 ], [ 2787533.593899999279529, 824676.956299997866154 ], [ 2787516.764300006907433, 824683.040599998552352 ], [ 2787507.0669, 824680.465899997623637 ], [ 2787500.944100004155189, 824676.34670000243932 ], [ 2787496.882899996824563, 824668.72100000269711 ], [ 2787499.080199999269098, 824654.739100000355393 ], [ 2787504.176600002683699, 824641.665000001667067 ], [ 2787511.117699998896569, 824630.511799996253103 ], [ 2787511.63400000333786, 824629.938700005179271 ], [ 2787555.36210000095889, 824581.398899999679998 ], [ 2787556.056700000539422, 824579.957600004738197 ], [ 2787559.041799996979535, 824573.763500001747161 ], [ 2787560.547100003808737, 824565.726500003132969 ], [ 2787558.573399996384978, 824556.811600002925843 ], [ 2787552.045299999881536, 824547.262899996479973 ], [ 2787539.369699997361749, 824535.977000002283603 ], [ 2787511.006800000555813, 824516.299700002651662 ], [ 2787486.613799992948771, 824504.956199997570366 ], [ 2787462.991099994629622, 824497.536800000350922 ], [ 2787445.063100001309067, 824494.663300004089251 ], [ 2787424.957200002390891, 824491.128800000995398 ], [ 2787405.818900000769645, 824485.97460000263527 ], [ 2787394.279700003564358, 824480.329899997217581 ], [ 2787381.621499998029321, 824470.538100003264844 ], [ 2787333.850599999073893, 824423.581099994014949 ], [ 2787320.878200000151992, 824419.688599997665733 ], [ 2787306.689000004436821, 824416.977400002069771 ], [ 2787198.28180000372231, 824405.777300001354888 ], [ 2787142.812500003259629, 824398.649200002430007 ], [ 2787132.914599998388439, 824394.492199996486306 ], [ 2787110.723699998576194, 824370.519800000125542 ], [ 2787099.564499995205551, 824366.963599994312972 ], [ 2787089.75720000686124, 824367.712400002637878 ], [ 2787055.1316, 824381.70269999653101 ], [ 2787052.263199998065829, 824384.328799999784678 ], [ 2787051.331499999854714, 824385.181700002169237 ], [ 2787048.676899997983128, 824390.549299997044727 ], [ 2787047.617700002156198, 824400.860299997963011 ], [ 2787035.6639, 824448.696299996459857 ], [ 2787015.070299999788404, 824507.183900000993162 ], [ 2787013.947700005955994, 824513.024700002046302 ], [ 2787009.855899995192885, 824534.297699996968731 ], [ 2787005.293700002133846, 824553.424300001002848 ], [ 2787005.6689, 824564.155700002564117 ], [ 2787006.749899995047599, 824569.540700003504753 ], [ 2787008.459499996621162, 824573.545500001637265 ], [ 2787014.641500007361174, 824582.410499998833984 ], [ 2787022.422899996861815, 824590.911899999715388 ], [ 2787045.062700004316866, 824606.403099998366088 ], [ 2787054.006499997805804, 824611.743900004774332 ], [ 2787072.968300001695752, 824623.063499997369945 ], [ 2787130.784700001589954, 824657.470499999122694 ], [ 2787159.474999997764826, 824679.683399999747053 ], [ 2787208.159699998330325, 824717.376300001516938 ], [ 2787346.469700004439801, 824822.980900001246482 ], [ 2787360.711499995086342, 824840.992300003068522 ], [ 2787415.127299999352545, 824906.966700001386926 ], [ 2787442.128100000787526, 825009.766499999212101 ], [ 2787457.474899995606393, 825063.77789999707602 ], [ 2787461.080300003290176, 825115.084099997300655 ], [ 2787456.133100000210106, 825156.384300000499934 ], [ 2787442.225300002843142, 825216.232099997578189 ], [ 2787437.75010000448674, 825249.675500000128523 ], [ 2787442.180300001520663, 825285.029300000052899 ], [ 2787447.777900001034141, 825315.371499999193475 ], [ 2787451.498300001490861, 825335.538100004428998 ], [ 2787452.680499996989965, 825356.216299996711314 ], [ 2787453.86529999691993, 825376.93849999923259 ], [ 2787438.789899995550513, 825415.280900003155693 ], [ 2787438.244499995838851, 825416.667700000107288 ], [ 2787434.342899997718632, 825431.474699998740107 ], [ 2787436.601300000678748, 825457.739099999889731 ], [ 2787437.202100000809878, 825464.727300002006814 ], [ 2787436.779499999247491, 825475.705099997110665 ], [ 2787436.4375, 825484.583700003568083 ], [ 2787436.077499998733401, 825493.935700000496581 ], [ 2787414.797499997541308, 825550.882500002160668 ], [ 2787403.577299998607486, 825574.545700003160164 ], [ 2787388.77929999679327, 825603.043099995469674 ], [ 2787397.667800003197044, 825613.90089999884367 ], [ 2787412.727000000420958, 825632.296399998711422 ], [ 2787439.783600006252527, 825665.347399999387562 ], [ 2787486.234099996741861, 825713.303500003414229 ], [ 2787539.055200005881488, 825748.408900002017617 ], [ 2787604.73450000025332, 825766.046299998648465 ], [ 2787644.3412000015378, 825775.972299998393282 ], [ 2787695.09269999852404, 825848.106800003442913 ], [ 2787759.558500002138317, 825882.902699999744073 ], [ 2787816.59599999897182, 825904.923800001153722 ], [ 2787892.321899998933077, 825926.659800004214048 ], [ 2787921.80119999917224, 825951.226599999703467 ], [ 2787926.15590000571683, 825954.855600003618747 ], [ 2787930.578000000678003, 825958.540799997979775 ], [ 2787933.589900002814829, 825962.794900000561029 ], [ 2787940.318999996874481, 825972.299200001871213 ], [ 2787953.755700001493096, 825991.277499999850988 ], [ 2787981.722800002899021, 826018.471500003477558 ], [ 2788015.85429999884218, 826034.30679999734275 ], [ 2788049.991400007158518, 826051.486900003161281 ], [ 2788073.816199998836964, 826075.094299999764189 ], [ 2788096.97139999922365, 826107.661899995990098 ], [ 2788117.973500000778586, 826128.243200002238154 ], [ 2788123.755599995143712, 826133.909499996341765 ], [ 2788125.283700000494719, 826135.406999998958781 ], [ 2788129.683799994178116, 826141.511700004572049 ], [ 2788130.821099993772805, 826143.089599999133497 ], [ 2788141.935300004202873, 826158.509200000902638 ], [ 2788162.955100001301616, 826178.274000003933907 ], [ 2788185.585600005462766, 826188.001300003845245 ], [ 2788198.401600004639477, 826193.510100001934916 ], [ 2788228.007299997843802, 826196.44810000131838 ], [ 2788244.314200001768768, 826198.066400002455339 ], [ 2788339.335699996910989, 826229.081799996783957 ], [ 2788397.198899995535612, 826252.939100003102794 ], [ 2788505.04559999704361, 826297.553300001192838 ], [ 2788588.055399999488145, 826329.180799998808652 ], [ 2788612.060500002931803, 826358.713000001385808 ], [ 2788641.866899995598942, 826394.808400001376867 ], [ 2788676.867499998770654, 826416.788899994920939 ], [ 2788713.047899994533509, 826426.7644000032451 ], [ 2788747.408699993509799, 826455.374299998627976 ], [ 2788783.558200005907565, 826483.071400001179427 ], [ 2788830.352899996563792, 826503.740200002212077 ], [ 2788876.501100001856685, 826525.075700000626966 ], [ 2788939.417200001887977, 826554.163500002352521 ], [ 2789008.59520000545308, 826579.80739999958314 ], [ 2789034.996100001037121, 826586.401700000278652 ], [ 2789065.264099998865277, 826588.107100001303479 ], [ 2789139.363700000569224, 826571.646100003970787 ], [ 2789168.758100002072752, 826568.881299996282905 ], [ 2789193.656099993269891, 826568.879499998642132 ], [ 2789224.417500000912696, 826577.549699998227879 ], [ 2789275.596900004893541, 826591.972899996908382 ], [ 2789307.627899996936321, 826609.970900000073016 ], [ 2789334.188299996312708, 826632.032100001350045 ], [ 2789347.706699999514967, 826649.048700004816055 ], [ 2789364.438099998980761, 826690.44869999634102 ], [ 2789389.532700003590435, 826748.016300000017509 ], [ 2789419.319300005212426, 826802.61189999897033 ], [ 2789446.608900005929172, 826848.599300002679229 ], [ 2789473.135700003709644, 826906.127099996199831 ], [ 2789482.703499999362975, 826931.51849999697879 ], [ 2789495.57649999530986, 826953.193500004475936 ], [ 2789547.020699998363853, 826988.741699998965487 ], [ 2789580.298099999781698, 827013.902499998919666 ], [ 2789592.20149999903515, 827061.138899998506531 ], [ 2789604.435099994298071, 827082.280699995113537 ], [ 2789617.991899996064603, 827093.84230000548996 ], [ 2789637.929100001696497, 827102.555100003490224 ], [ 2789655.504500003065914, 827103.331300005316734 ], [ 2789669.202299997676164, 827098.68189999833703 ], [ 2789685.228500004857779, 827083.705499995965511 ], [ 2789701.731899999082088, 827154.32769999653101 ], [ 2789707.196900005917996, 827183.236699994420633 ], [ 2789707.572900001890957, 827191.810700000496581 ], [ 2789708.723899997770786, 827218.038700002478436 ], [ 2789722.12269999505952, 827222.857699997490272 ], [ 2789726.23149999929592, 827245.881699999794364 ], [ 2789729.269100003410131, 827258.197700004093349 ], [ 2789733.019500001799315, 827270.870700002182275 ], [ 2789739.222699998412281, 827283.767699998337775 ], [ 2789738.095700002275407, 827294.240099997026846 ], [ 2789735.5777000002563, 827305.591200004564598 ], [ 2789739.055500004440546, 827313.876099996035919 ], [ 2789745.388699997682124, 827339.78809999814257 ], [ 2789747.232299994211644, 827354.058099997928366 ], [ 2789745.001699997112155, 827380.525499995797873 ], [ 2789746.09449999500066, 827395.110100001329556 ], [ 2789752.663500006776303, 827399.087499996880069 ], [ 2789781.601499993819743, 827394.129499999573454 ], [ 2789790.963899999391288, 827395.546500004827976 ], [ 2789799.189499996136874, 827398.948699996108189 ], [ 2789804.298100005835295, 827404.900500000920147 ], [ 2789808.313500005286187, 827415.334299999754876 ], [ 2789810.11869999486953, 827428.335100000491366 ], [ 2789809.872000003233552, 827440.247699997853488 ], [ 2789836.106299992650747, 827449.62550000124611 ], [ 2789865.957699995487928, 827463.158899998757988 ], [ 2789880.410900000948459, 827482.73290000250563 ], [ 2789885.272500003222376, 827498.382700001820922 ], [ 2789890.560699997004122, 827530.883699999656528 ], [ 2789891.380300004035234, 827546.049299996579066 ], [ 2789896.781299999449402, 827548.232299997005612 ], [ 2789917.640299994498491, 827554.622899999376386 ], [ 2789927.047499999403954, 827560.074900002451614 ], [ 2789937.717699995264411, 827568.673100001411512 ], [ 2789943.05189999891445, 827573.830099997110665 ], [ 2789946.631499999668449, 827583.882299996912479 ], [ 2789952.093700000550598, 827605.031500003067777 ], [ 2789952.972900000400841, 827616.779099998995662 ], [ 2789955.918899997137487, 827636.700699996203184 ], [ 2789959.387699995655566, 827646.747499994467944 ], [ 2789964.242700004018843, 827654.541300000157207 ], [ 2789971.871299997437745, 827657.659299995983019 ], [ 2789982.9679000005126, 827658.872699999483302 ], [ 2789996.629699999000877, 827661.109300003154203 ], [ 2790011.571299998089671, 827665.567499998724088 ], [ 2790022.431699997279793, 827667.086700004059821 ], [ 2790042.014300002716482, 827669.160499998368323 ], [ 2790076.862399999517947, 827688.538099999306723 ], [ 2790084.911499998997897, 827700.622899997746572 ], [ 2790099.551499996799976, 827707.145300003234297 ], [ 2790116.033899998292327, 827712.411699997959659 ], [ 2790118.102500001434237, 827716.035099998814985 ], [ 2790137.904500002041459, 827740.957699995255098 ], [ 2790158.530699995346367, 827759.589300002902746 ], [ 2790168.792900007218122, 827771.358100001467392 ], [ 2790181.885099995881319, 827798.936299999710172 ], [ 2790190.491899996995926, 827822.922699999529868 ], [ 2790206.643900000490248, 827837.961700002197176 ], [ 2790210.471900003030896, 827848.320099998265505 ], [ 2790226.365299998316914, 827858.800300001399592 ], [ 2790240.658500000368804, 827861.899300004122779 ], [ 2790250.797300000675023, 827862.808500001672655 ], [ 2790264.404100001323968, 827865.540100001962855 ], [ 2790270.966899995692074, 827869.87849999871105 ], [ 2790273.32670000102371, 827874.475699996808544 ], [ 2790272.889900002628565, 827878.163300002459437 ], [ 2790271.934500002302229, 827890.749900001799688 ], [ 2790272.919100002385676, 827910.730699997162446 ], [ 2790274.467700000852346, 827920.563700004247949 ], [ 2790279.215899996459484, 827928.014500002376735 ], [ 2790285.043299999088049, 827934.089499999303371 ], [ 2790294.412900003604591, 827938.481299997773021 ], [ 2790304.848700001370162, 827941.851299999048933 ], [ 2790317.094300001394004, 827942.454500002088025 ], [ 2790341.373899993952364, 827943.387699999846518 ], [ 2790359.2763, 827950.604899998055771 ], [ 2790381.913300001528114, 827975.278900000499561 ], [ 2790391.792099999263883, 827989.464899995597079 ], [ 2790429.182699997909367, 828053.370699999388307 ], [ 2790455.232900004368275, 828119.031099997228011 ], [ 2790475.257700001355261, 828163.340500002028421 ], [ 2790492.188099999446422, 828183.914500003913417 ], [ 2790517.163900004699826, 828204.007300002500415 ], [ 2790548.629899999592453, 828218.592100000707433 ], [ 2790581.068700000178069, 828234.147500004386529 ], [ 2790602.476900000590831, 828247.435099996160716 ], [ 2790620.317899999208748, 828260.398499998031184 ], [ 2790635.682499994523823, 828253.893299996852875 ], [ 2790692.433499998878688, 828231.940300002228469 ], [ 2790749.389300005976111, 828206.025899997446686 ], [ 2790796.042499995324761, 828185.140700001036748 ], [ 2790799.324900005012751, 828187.247700002510101 ], [ 2790809.736500001512468, 828208.986300000920892 ], [ 2790820.636100005358458, 828223.917500000447035 ], [ 2790844.574699998367578, 828249.900300001492724 ], [ 2790850.048299998510629, 828258.545299999648705 ], [ 2790845.821199994999915, 828268.407299996120855 ], [ 2790845.018899997230619, 828270.27910000202246 ], [ 2790821.39640000090003, 828289.589499999303371 ], [ 2790820.356299994513392, 828290.439700000686571 ], [ 2790803.757899999152869, 828328.468499998562038 ], [ 2790785.516900005284697, 828377.541499997256324 ], [ 2790775.603100002743304, 828417.233099997742102 ], [ 2790770.67989999987185, 828432.572099996963516 ], [ 2790768.292700001038611, 828446.331900004064664 ], [ 2790758.56970000686124, 828482.323299997951835 ], [ 2790753.485500000882894, 828495.167699999175966 ], [ 2790747.277599995490164, 828508.484999999403954 ], [ 2790747.184900001157075, 828508.683900001225993 ], [ 2790739.053900001570582, 828520.344099998706952 ], [ 2790729.170900003518909, 828530.215300002600998 ], [ 2790710.582299998030066, 828542.910700005013496 ], [ 2790693.653899999801069, 828551.707100004190579 ], [ 2790631.709099997300655, 828583.892499996814877 ], [ 2790617.766900000162423, 828591.15929999994114 ], [ 2790582.055699994321913, 828609.769699995638803 ], [ 2790539.016699998639524, 828632.036900001345202 ], [ 2790398.131099997553974, 828696.899700001580641 ], [ 2790386.072299998253584, 828705.622699997620657 ], [ 2790374.447700001765043, 828715.506900005508214 ], [ 2790366.507700003683567, 828724.077599996933714 ], [ 2790365.147300000302494, 828725.546100001316518 ], [ 2790360.539700002875179, 828737.158900003647432 ], [ 2790358.93590000551194, 828752.774100001435727 ], [ 2790365.687700001522899, 828786.681099999696016 ], [ 2790379.222300000488758, 828828.804499996360391 ], [ 2790404.223500000312924, 828883.709299999522045 ], [ 2790429.214900005608797, 828989.620700000552461 ], [ 2790429.491099995095283, 829005.120900004869327 ], [ 2790427.241499996278435, 829016.76389999804087 ], [ 2790422.510100001003593, 829025.277300003217533 ], [ 2790421.413699998985976, 829027.250099998898804 ], [ 2790413.88050000090152, 829034.774500001920387 ], [ 2790403.494900004006922, 829043.256299995817244 ], [ 2790337.164099999703467, 829079.430299999192357 ], [ 2790317.081700000911951, 829091.285699998028576 ], [ 2790304.017899996601045, 829104.629699999233708 ], [ 2790303.392499999608845, 829105.268500003498048 ], [ 2790293.350699999835342, 829122.292599995620549 ], [ 2790286.462199998553842, 829138.248300001723692 ], [ 2790285.105999995488673, 829153.682800001697615 ], [ 2790305.921800004784018, 829221.852599999401718 ], [ 2790306.70319999800995, 829224.411600004415959 ], [ 2790298.476100001484156, 829224.976300003705546 ], [ 2790225.83669999986887, 829259.335299996426329 ], [ 2790214.573499999474734, 829242.340099997585639 ], [ 2790159.234599998686463, 829312.103500003460795 ], [ 2790157.171400005929172, 829314.704500001855195 ], [ 2790171.580300002824515, 829324.868000003509223 ], [ 2790173.016300001647323, 829325.880900000687689 ], [ 2790160.773799996823072, 829332.288400000426918 ], [ 2790068.067200001794845, 829380.809300000313669 ], [ 2790061.425999996718019, 829384.285200001904741 ], [ 2790058.15219999756664, 829385.998699996620417 ], [ 2790116.692300000693649, 829428.691500001586974 ], [ 2790128.590400003828108, 829437.200199997983873 ], [ 2790156.786500001326203, 829457.364100002450868 ], [ 2790167.841199998278171, 829465.32429999508895 ], [ 2790173.604299999307841, 829469.474100002320483 ], [ 2790216.051099997013807, 829499.983300002291799 ], [ 2790241.558799997903407, 829520.251300000818446 ], [ 2790681.848500000312924, 829860.505800002487376 ], [ 2790848.958299997728318, 829987.695300001883879 ], [ 2790954.848199998028576, 830072.258400002261624 ], [ 2790991.533900002483279, 830099.612799995345995 ], [ 2791038.035900000482798, 830115.472500001080334 ], [ 2791079.656999996397644, 830120.302200002828613 ], [ 2791103.870499998796731, 830123.11420000391081 ], [ 2791189.115299999713898, 830136.312199996318668 ], [ 2791242.281400006730109, 830146.666199999395758 ], [ 2791247.056899999734014, 830152.755499998340383 ], [ 2791245.202200002036989, 830156.714299995452166 ], [ 2791244.781300001312047, 830157.612699998775497 ], [ 2791238.063699994701892, 830166.181399999884889 ], [ 2791228.663399999495596, 830173.067499998491257 ], [ 2791131.240299998316914, 830223.623699998017401 ], [ 2791111.727799999061972, 830237.769800003850833 ], [ 2791098.228300001472235, 830249.815800000680611 ], [ 2791087.374899999704212, 830260.948199997656047 ], [ 2791074.203599999193102, 830275.025199997238815 ], [ 2791064.953699997160584, 830286.368799998657778 ], [ 2791064.306799999438226, 830287.162099999608472 ], [ 2791050.974299994297326, 830308.473299999954179 ], [ 2791041.776600001379848, 830330.629700003424659 ], [ 2791035.817199993878603, 830353.902099998435006 ], [ 2791031.754600001033396, 830369.865699996473268 ], [ 2791031.560300002805889, 830387.020300002768636 ], [ 2791031.34740000590682, 830405.728899999987334 ], [ 2791030.596300000324845, 830498.006200002972037 ], [ 2791029.957999995909631, 830576.368400004226714 ], [ 2791029.050399994011968, 830687.952399995410815 ], [ 2791040.437600002624094, 830969.796700003324077 ], [ 2791039.266299997922033, 831006.124000002164394 ], [ 2791038.284600000362843, 831036.558899995638058 ], [ 2791035.702299996744841, 831116.615000002318993 ], [ 2791056.741200000979006, 831117.439099999144673 ], [ 2791095.409500004258007, 831122.273599997162819 ], [ 2791116.913900006562471, 831124.962200004374608 ], [ 2791135.832800005096942, 831128.678399996133521 ], [ 2791152.800999996252358, 831132.012400001520291 ], [ 2791180.894900002982467, 831137.53000000375323 ], [ 2791185.204800000879914, 831138.376499995822087 ], [ 2791187.127500000875443, 831138.754099996294826 ], [ 2791220.551999997813255, 831157.442799997050315 ], [ 2791227.134199997875839, 831161.1218000005465 ], [ 2791232.091000002343208, 831163.892700002528727 ], [ 2791250.057700001168996, 831173.938099997816607 ], [ 2791306.996600002516061, 831209.19380000163801 ], [ 2791346.596600004006177, 831253.689800005638972 ], [ 2791349.049900001846254, 831256.447500001871958 ], [ 2791368.310700002592057, 831278.09169999579899 ], [ 2791403.534900000318885, 831326.226299996953458 ], [ 2791418.558399999514222, 831346.759400001261383 ], [ 2791438.610500002279878, 831375.854999998351559 ], [ 2791449.03010000474751, 831390.974599994486198 ], [ 2791474.122200001496822, 831427.386599999619648 ], [ 2791519.217499997466803, 831495.116700005484745 ], [ 2791522.437000000383705, 831504.786700001219288 ], [ 2791525.5784, 831514.224399995058775 ], [ 2791527.441400002222508, 831519.820999995106831 ], [ 2791531.017100000753999, 831530.560900002485141 ], [ 2791561.660499998368323, 831622.613499997183681 ], [ 2791622.778200004715472, 831754.888599996920675 ], [ 2791625.082599999848753, 831767.623899996979162 ], [ 2791642.008499999064952, 831861.159700001357123 ], [ 2791651.116499996278435, 831959.335600000340492 ], [ 2791782.826700003817677, 832186.345899995416403 ], [ 2791783.621600000653416, 832187.715999996755272 ], [ 2791748.464900005143136, 832205.83000000170432 ], [ 2791689.383900001179427, 832236.268400002969429 ], [ 2791687.063699995633215, 832237.463799995370209 ], [ 2791800.152800000738353, 832621.585599998710677 ], [ 2791824.182899995241314, 832703.208700000075623 ], [ 2791845.872599999420345, 832699.796500003663823 ], [ 2791862.257000001613051, 832700.41749999858439 ], [ 2791868.046300003770739, 832706.705299995839596 ], [ 2791876.850599994882941, 832736.49650000128895 ], [ 2791886.32289999909699, 832801.498799994820729 ], [ 2791896.977100000716746, 832802.537200000137091 ], [ 2791903.512500001583248, 832806.587499999208376 ], [ 2791946.018400000408292, 832832.924300004029647 ], [ 2791970.39500000141561, 832856.946999997831881 ], [ 2791986.631299999076873, 832876.854899998288602 ], [ 2791998.294500004500151, 832891.15320000378415 ], [ 2792053.379199998453259, 832957.999900000868365 ], [ 2792157.724100004415959, 833034.53620000067167 ], [ 2792161.706600003410131, 833037.45850000390783 ], [ 2792178.262199998367578, 833032.497499998891726 ], [ 2792179.613399994093925, 833032.092100001638755 ], [ 2792230.281799998600036, 833016.910700003150851 ], [ 2792234.698600005824119, 833015.587299995590001 ], [ 2792236.544200001750141, 833015.034300002502277 ], [ 2792251.019199997652322, 833010.697000001790002 ], [ 2792285.662199993152171, 833000.316599996061996 ], [ 2792339.585100005380809, 832984.158999997889623 ], [ 2792372.538700002711266, 833166.609300003154203 ], [ 2792406.629300001077354, 833182.885799997020513 ], [ 2792531.928599997889251, 833259.05019999621436 ], [ 2792564.872400000225753, 833278.227799999294803 ], [ 2792630.097900002729148, 833302.732000003335997 ], [ 2792723.197899999562651, 833336.442300000693649 ], [ 2792839.43639999255538, 833374.365600001765415 ], [ 2792931.043900002725422, 833400.656399996718392 ], [ 2792975.992699998896569, 833415.109400000656024 ], [ 2792993.964100006502122, 833414.661000001244247 ] ] ] ] } },
{ "type": "Feature", "properties": { "CVEGEO": "09004", "CVE_ENT": "09", "CVE_MUN": "004", "NOMGEO": "Cuajimalpa de Morelos" }, "geometry": { "type": "MultiPolygon", "coordinates": [ [ [ [ 2787186.755999996326864, 825728.222199998563156 ], [ 2787185.9192999987863, 825721.364099998725578 ], [ 2787186.166499998886138, 825702.519400001503527 ], [ 2787180.906899999827147, 825677.706300000427291 ], [ 2787157.848699999507517, 825641.899499997729436 ], [ 2787134.861299998126924, 825544.90269999881275 ], [ 2787132.992500000167638, 825500.095099996775389 ], [ 2787136.969500001054257, 825482.746100004762411 ], [ 2787145.479300002101809, 825472.025699998950586 ], [ 2787147.89010000647977, 825467.892500000074506 ], [ 2787186.065899994689971, 825402.447299996390939 ], [ 2787197.914499998092651, 825382.135900001274422 ], [ 2787198.662499999627471, 825380.853699998231605 ], [ 2787199.798900004476309, 825378.970899996347725 ], [ 2787203.113100001122802, 825373.480300002032891 ], [ 2787222.977899994701147, 825340.571100000990555 ], [ 2787229.790500002447516, 825329.284899999853224 ], [ 2787272.743699995800853, 825254.092900003539398 ], [ 2787277.269299996551126, 825256.929500001017004 ], [ 2787281.794899997767061, 825259.767000001622364 ], [ 2787290.614100004546344, 825270.281299997586757 ], [ 2787304.230700000189245, 825286.517499998910353 ], [ 2787318.450700000394136, 825333.078300000634044 ], [ 2787332.900300002191216, 825375.62070000381209 ], [ 2787352.359699998050928, 825432.917500001844019 ], [ 2787357.199299999512732, 825448.582900000736117 ], [ 2787358.689699999522418, 825453.412500005913898 ], [ 2787369.442500005941838, 825488.226900004316121 ], [ 2787366.718700001016259, 825553.172700000694022 ], [ 2787365.479099996387959, 825582.745500002522022 ], [ 2787364.697500001639128, 825601.375699998112395 ], [ 2787388.77929999679327, 825603.043099995469674 ], [ 2787403.577299998607486, 825574.545700003160164 ], [ 2787414.797499997541308, 825550.882500002160668 ], [ 2787436.077499998733401, 825493.935700000496581 ], [ 2787436.4375, 825484.583700003568083 ], [ 2787436.779499999247491, 825475.705099997110665 ], [ 2787437.202100000809878, 825464.727300002006814 ], [ 2787436.601300000678748, 825457.739099999889731 ], [ 2787434.342899997718632, 825431.474699998740107 ], [ 2787438.244499995838851, 825416.667700000107288 ], [ 2787438.789899995550513, 825415.280900003155693 ], [ 2787453.86529999691993, 825376.93849999923259 ], [ 2787452.680499996989965, 825356.216299996711314 ], [ 2787451.498300001490861, 825335.538100004428998 ], [ 2787447.777900001034141, 825315.371499999193475 ], [ 2787442.180300001520663, 825285.029300000052899 ], [ 2787437.75010000448674, 825249.675500000128523 ], [ 2787442.225300002843142, 825216.232099997578189 ], [ 2787456.133100000210106, 825156.384300000499934 ], [ 2787461.080300003290176, 825115.084099997300655 ], [ 2787457.474899995606393, 825063.77789999707602 ], [ 2787442.128100000787526, 825009.766499999212101 ], [ 2787415.127299999352545, 824906.966700001386926 ], [ 2787360.711499995086342, 824840.992300003068522 ], [ 2787346.469700004439801, 824822.980900001246482 ], [ 2787208.159699998330325, 824717.376300001516938 ], [ 2787159.474999997764826, 824679.683399999747053 ], [ 2787130.784700001589954, 824657.470499999122694 ], [ 2787072.968300001695752, 824623.063499997369945 ], [ 2787054.006499997805804, 824611.743900004774332 ], [ 2787045.062700004316866, 824606.403099998366088 ], [ 2787022.422899996861815, 824590.911899999715388 ], [ 2787014.641500007361174, 824582.410499998833984 ], [ 2787008.459499996621162, 824573.545500001637265 ], [ 2787006.749899995047599, 824569.540700003504753 ], [ 2787005.6689, 824564.155700002564117 ], [ 2787005.293700002133846, 824553.424300001002848 ], [ 2787009.855899995192885, 824534.297699996968731 ], [ 2787013.947700005955994, 824513.024700002046302 ], [ 2787015.070299999788404, 824507.183900000993162 ], [ 2787035.6639, 824448.696299996459857 ], [ 2787047.617700002156198, 824400.860299997963011 ], [ 2787048.676899997983128, 824390.549299997044727 ], [ 2787051.331499999854714, 824385.181700002169237 ], [ 2787052.263199998065829, 824384.328799999784678 ], [ 2787055.1316, 824381.70269999653101 ], [ 2787089.75720000686124, 824367.712400002637878 ], [ 2787099.564499995205551, 824366.963599994312972 ], [ 2787110.723699998576194, 824370.519800000125542 ], [ 2787132.914599998388439, 824394.492199996486306 ], [ 2787142.812500003259629, 824398.649200002430007 ], [ 2787198.28180000372231, 824405.777300001354888 ], [ 2787306.689000004436821, 824416.977400002069771 ], [ 2787320.878200000151992, 824419.688599997665733 ], [ 2787333.850599999073893, 824423.581099994014949 ], [ 2787381.621499998029321, 824470.538100003264844 ], [ 2787394.279700003564358, 824480.329899997217581 ], [ 2787405.818900000769645, 824485.97460000263527 ], [ 2787424.957200002390891, 824491.128800000995398 ], [ 2787445.063100001309067, 824494.663300004089251 ], [ 2787462.991099994629622, 824497.536800000350922 ], [ 2787486.613799992948771, 824504.956199997570366 ], [ 2787511.006800000555813, 824516.299700002651662 ], [ 2787539.369699997361749, 824535.977000002283603 ], [ 2787552.045299999881536, 824547.262899996479973 ], [ 2787558.573399996384978, 824556.811600002925843 ], [ 2787560.547100003808737, 824565.726500003132969 ], [ 2787559.041799996979535, 824573.763500001747161 ], [ 2787556.056700000539422, 824579.957600004738197 ], [ 2787555.36210000095889, 824581.398899999679998 ], [ 2787511.63400000333786, 824629.938700005179271 ], [ 2787511.117699998896569, 824630.511799996253103 ], [ 2787504.176600002683699, 824641.665000001667067 ], [ 2787499.080199999269098, 824654.739100000355393 ], [ 2787496.882899996824563, 824668.72100000269711 ], [ 2787500.944100004155189, 824676.34670000243932 ], [ 2787507.0669, 824680.465899997623637 ], [ 2787516.764300006907433, 824683.040599998552352 ], [ 2787533.593899999279529, 824676.956299997866154 ], [ 2787549.894299996551126, 824668.148299997439608 ], [ 2787564.676400000695139, 824658.701900004874915 ], [ 2787604.571900001261383, 824625.636300004320219 ], [ 2787654.964500001631677, 824574.192800002638251 ], [ 2787679.503899994771928, 824550.700699997600168 ], [ 2787701.085100003052503, 824524.352200004039332 ], [ 2787701.845700005069375, 824522.960199998458847 ], [ 2787707.919299999251962, 824511.844600002281368 ], [ 2787708.577200001571327, 824511.313499996205792 ], [ 2787716.024099997710437, 824505.302000002469867 ], [ 2787750.470600002445281, 824500.735600000247359 ], [ 2787819.899800004903227, 824495.993999998550862 ], [ 2787851.517800006084144, 824495.580999998608604 ], [ 2787863.785599999595433, 824495.834899998037145 ], [ 2787884.31709999917075, 824498.964100000215694 ], [ 2787910.390100004617125, 824509.765199996065348 ], [ 2787927.174599999096245, 824518.073299998184666 ], [ 2787952.349499999545515, 824523.421199998585507 ], [ 2787996.176499999593943, 824522.444400002481416 ], [ 2788018.594400004949421, 824520.290900000138208 ], [ 2788032.283699993975461, 824517.811099994927645 ], [ 2788060.902299996465445, 824509.597700004000217 ], [ 2788078.421700000762939, 824502.418799998937175 ], [ 2788096.788599996827543, 824496.500400003045797 ], [ 2788116.854999992996454, 824500.064799998886883 ], [ 2788133.036700005177408, 824509.214899994898587 ], [ 2788149.951599999796599, 824525.081399996764958 ], [ 2788170.102899994701147, 824543.98420000448823 ], [ 2788187.980800000950694, 824562.614899999927729 ], [ 2788205.293999998830259, 824578.087200002046302 ], [ 2788227.034599996637553, 824592.389300004113466 ], [ 2788246.076899997889996, 824596.251100001391023 ], [ 2788263.043099998496473, 824596.882500004721805 ], [ 2788306.641900000628084, 824591.636400000890717 ], [ 2788327.231000002473593, 824584.332400000654161 ], [ 2788328.40730000520125, 824583.078099999809638 ], [ 2788338.189000006299466, 824572.646200003800914 ], [ 2788338.776699997484684, 824571.875499999849126 ], [ 2788346.254300001543015, 824562.069099997170269 ], [ 2788346.525000001769513, 824561.419499998679385 ], [ 2788352.016500008292496, 824548.240799997467548 ], [ 2788357.82810000050813, 824532.385300000431016 ], [ 2788359.964399998541921, 824514.473200004780665 ], [ 2788353.652899999171495, 824473.870800002245232 ], [ 2788342.69649999961257, 824435.260300002293661 ], [ 2788339.005500000435859, 824416.619199998211116 ], [ 2788315.644900000654161, 824390.209200000623241 ], [ 2788260.023500005714595, 824337.644700000761077 ], [ 2788250.795299997553229, 824326.768799998797476 ], [ 2788246.170100001152605, 824319.076799998292699 ], [ 2788222.169200006406754, 824267.928499997127801 ], [ 2788212.741700001526624, 824246.201999999582767 ], [ 2788195.693600000813603, 824206.905000002123415 ], [ 2788192.444799992721528, 824201.350000001490116 ], [ 2788190.465700000990182, 824197.966100001707673 ], [ 2788188.929899996612221, 824195.340400001732633 ], [ 2788181.169299998320639, 824182.072299994062632 ], [ 2788179.050599999260157, 824165.002499999245629 ], [ 2788179.647600002586842, 824154.0369999979157 ], [ 2788181.521700005978346, 824141.043599998112768 ], [ 2788195.389899994712323, 823986.434399995952845 ], [ 2788205.387200002092868, 823864.750300001353025 ], [ 2788211.345299994107336, 823840.942000003764406 ], [ 2788227.229000000283122, 823802.705099996877834 ], [ 2788242.849399997852743, 823765.145400001434609 ], [ 2788244.40659999800846, 823763.145599997835234 ], [ 2788265.1793, 823736.469199996441603 ], [ 2788265.640800000168383, 823735.531200002180412 ], [ 2788275.599200000520796, 823715.292399995028973 ], [ 2788279.813100006897002, 823704.055299998959526 ], [ 2788281.633500001393259, 823699.200399995781481 ], [ 2788281.549600002355874, 823697.932899997802451 ], [ 2788280.058799998834729, 823675.402100003324449 ], [ 2788163.845100004225969, 823571.898700000252575 ], [ 2788064.304300003685057, 823484.468899999279529 ], [ 2788034.728300001472235, 823458.59230000548996 ], [ 2788004.679499996360391, 823435.730700000654906 ], [ 2787967.877899995073676, 823410.103299997281283 ], [ 2787958.648900006432086, 823403.334299996728078 ], [ 2787915.369099994655699, 823372.916300000390038 ], [ 2787782.831500001717359, 823280.472899999469519 ], [ 2787599.254600003827363, 823152.008599997730926 ], [ 2787562.195700000971556, 823126.0747 ], [ 2787522.701300001237541, 823098.796100004110485 ], [ 2787439.248299999628216, 823040.766500000841916 ], [ 2787409.703500005416572, 823020.221900000469759 ], [ 2787324.041300002485514, 822956.707700000610203 ], [ 2787299.53010000102222, 822933.767900004750118 ], [ 2787247.588900002185255, 822882.178900003200397 ], [ 2787219.767300000879914, 822854.545699998736382 ], [ 2787120.604699997231364, 822757.536099997349083 ], [ 2787099.039500000886619, 822736.491500002564862 ], [ 2787026.286899994593114, 822665.495099994819611 ], [ 2786944.695100006181747, 822589.566699997987598 ], [ 2786900.015900005586445, 822553.41030000243336 ], [ 2786866.530100005678833, 822531.486499998951331 ], [ 2786842.587600002065301, 822517.42670000391081 ], [ 2786831.769699996802956, 822511.074099996592849 ], [ 2786812.392200001049787, 822500.688299997942522 ], [ 2786795.023500005248934, 822491.379100001649931 ], [ 2786698.067700000479817, 822439.757100003072992 ], [ 2786669.022499997634441, 822430.090299999108538 ], [ 2786646.858700002077967, 822424.484099997440353 ], [ 2786614.297100003343076, 822418.232299995841458 ], [ 2786480.888700002804399, 822394.55089999968186 ], [ 2786419.837300005368888, 822383.714500000700355 ], [ 2786350.967499997932464, 822370.780500000575557 ], [ 2786344.337300006765872, 822368.69890000205487 ], [ 2786337.873499993700534, 822366.292700001737103 ], [ 2786331.546099996659905, 822363.551100004930049 ], [ 2786325.369499995838851, 822360.482300001895055 ], [ 2786319.36350000044331, 822357.094500000122935 ], [ 2786313.542499999050051, 822353.39649999467656 ], [ 2786307.924300001934171, 822349.400099997175857 ], [ 2786302.521099997218698, 822345.112900001229718 ], [ 2786297.349299999885261, 822340.550699999323115 ], [ 2786292.424700002651662, 822335.725100001553074 ], [ 2786287.758500003255904, 822330.646099995356053 ], [ 2786283.366099999751896, 822325.331499998923391 ], [ 2786279.241099999751896, 822319.773700000718236 ], [ 2786253.010099998675287, 822271.710700005292892 ], [ 2786245.372100005391985, 822262.801499995868653 ], [ 2786237.535099995788187, 822255.917700003366917 ], [ 2786227.793500002939254, 822250.404099999926984 ], [ 2786219.89070000173524, 822246.643300001276657 ], [ 2786210.551499998662621, 822244.418500000378117 ], [ 2786202.286700005177408, 822243.76529999775812 ], [ 2786193.603699994739145, 822244.000700003933161 ], [ 2786182.823700005188584, 822245.859699998516589 ], [ 2786174.863899998366833, 822247.236099995905533 ], [ 2786167.100099999457598, 822249.715699999593198 ], [ 2786160.003100003115833, 822251.992900002747774 ], [ 2786132.377899995539337, 822261.918299997458234 ], [ 2786124.281499997712672, 822263.586700003361329 ], [ 2786116.512900002300739, 822264.773500002222136 ], [ 2786109.879699994809926, 822265.538100003264844 ], [ 2786102.418499996885657, 822265.715100000612438 ], [ 2786094.483300003688782, 822265.633499998599291 ], [ 2786087.524499994702637, 822265.120099996449426 ], [ 2786079.946699998807162, 822264.274700000183657 ], [ 2786073.235500001814216, 822263.191899998579174 ], [ 2786058.099700000602752, 822260.660300004994497 ], [ 2786045.485100002493709, 822258.555500004207715 ], [ 2786034.855300004594028, 822256.097499998053536 ], [ 2786024.7972999997437, 822253.332499997457489 ], [ 2786015.84749999968335, 822250.352499995613471 ], [ 2786002.644100005738437, 822244.397700000787154 ], [ 2785989.538099997211248, 822235.854700000956655 ], [ 2785982.116700001060963, 822229.427299996139482 ], [ 2785975.074900004081428, 822223.307299997890368 ], [ 2785968.998899998608977, 822215.992300001671538 ], [ 2785963.944300004746765, 822208.360100004123524 ], [ 2785959.381699999328703, 822200.245900005567819 ], [ 2785956.015300002414733, 822191.822300001280382 ], [ 2785952.286500000860542, 822179.494500003056601 ], [ 2785951.002099996898323, 822168.971900003030896 ], [ 2785950.821500004269183, 822159.470699996920303 ], [ 2785951.543300004675984, 822145.600299998419359 ], [ 2785954.476700000464916, 822129.381899997591972 ], [ 2785959.808899995870888, 822112.692299998598173 ], [ 2785993.425300006289035, 822029.479099996387959 ], [ 2786085.482100001070648, 822055.865900000790134 ], [ 2786139.090499995741993, 822072.492300003068522 ], [ 2786148.641099995933473, 822034.471899996977299 ], [ 2786152.93410000577569, 822009.269499997841194 ], [ 2786156.823900001589209, 821978.438900005305186 ], [ 2786155.932300002779812, 821950.114899997599423 ], [ 2786155.109899998176843, 821938.286299996078014 ], [ 2786153.011100004427135, 821919.475700000766665 ], [ 2786148.09469999698922, 821900.789299997268245 ], [ 2786141.470100000500679, 821878.648899996653199 ], [ 2786117.27809999929741, 821829.081499997759238 ], [ 2786084.884099998045713, 821787.983500002184883 ], [ 2786068.537100003566593, 821768.097900000633672 ], [ 2786078.436899993568659, 821757.68230000580661 ], [ 2786120.432899997569621, 821740.632300002034754 ], [ 2786138.170500003732741, 821731.648900000145659 ], [ 2786139.960299995262176, 821730.742299998179078 ], [ 2786155.896099996753037, 821729.686899998923764 ], [ 2786168.655900005251169, 821731.679899997776374 ], [ 2786179.318899993319064, 821734.665099999401718 ], [ 2786194.086700004525483, 821739.980700004380196 ], [ 2786207.07069999538362, 821747.852499999338761 ], [ 2786237.345900001004338, 821773.553499998757616 ], [ 2786256.043899996671826, 821789.650899999542162 ], [ 2786264.7333, 821799.275900002801791 ], [ 2786268.1491, 821803.059299998451024 ], [ 2786278.067699999082834, 821820.909300002502277 ], [ 2786301.471699995454401, 821864.791900005424395 ], [ 2786323.83890000032261, 821908.302500002551824 ], [ 2786344.207099999301136, 821946.864300000714138 ], [ 2786349.243499998003244, 821956.379900005180389 ], [ 2786358.677299998700619, 821988.717500005615875 ], [ 2786361.752700004726648, 822003.662699999986216 ], [ 2786363.848700001370162, 822013.858499997062609 ], [ 2786365.958299998193979, 822028.677099996944889 ], [ 2786370.135499998927116, 822042.806499998318031 ], [ 2786381.045500002801418, 822056.843300001695752 ], [ 2786408.817100004758686, 822083.076499994844198 ], [ 2786431.058100000489503, 822100.698899996932596 ], [ 2786441.093499999493361, 822103.457100001629442 ], [ 2786450.06069999653846, 822101.671900004846975 ], [ 2786459.820099998731166, 822095.26689999550581 ], [ 2786485.382700000889599, 822072.117499999934807 ], [ 2786447.549099995754659, 821992.008299998706207 ], [ 2786412.222699998412281, 821900.66389999515377 ], [ 2786388.051499996799976, 821835.38509999634698 ], [ 2786357.004900003317744, 821751.779700002633035 ], [ 2786335.368299994152039, 821690.916700002271682 ], [ 2786327.339699996169657, 821662.799900000682101 ], [ 2786321.039099996443838, 821634.338500004028901 ], [ 2786315.769299999345094, 821601.818500004475936 ], [ 2786315.775300005916506, 821548.014100001892075 ], [ 2786318.947099998127669, 821524.038899999577552 ], [ 2786331.404900002293289, 821451.283699997933581 ], [ 2786337.621100002434105, 821412.825500002829358 ], [ 2786341.194899998605251, 821396.231700002448633 ], [ 2786345.789899995550513, 821383.736700001405552 ], [ 2786350.613099999725819, 821355.694699997315183 ], [ 2786354.378500001505017, 821327.081699997652322 ], [ 2786355.902900006622076, 821290.698900001356378 ], [ 2786354.383299998007715, 821258.006299997447059 ], [ 2786350.409100003074855, 821232.659300001570955 ], [ 2786344.376300001051277, 821209.978100005304441 ], [ 2786318.485500001814216, 821163.596900005359203 ], [ 2786415.350500006228685, 821127.09950000140816 ], [ 2786444.594499997328967, 821113.187699996633455 ], [ 2786475.285099996719509, 821098.588100005406886 ], [ 2786500.997500004246831, 821089.482099998742342 ], [ 2786528.591499994974583, 821080.997499998891726 ], [ 2786589.495300005190074, 821064.31809999817051 ], [ 2786644.699900003150105, 821048.912500000093132 ], [ 2786699.109899993985891, 821031.607299999101087 ], [ 2786741.115299998316914, 821015.522900002542883 ], [ 2786771.689499992411584, 821000.514300001086667 ], [ 2786802.890100000426173, 820982.12389999604784 ], [ 2786829.138099995441735, 820966.059099997626618 ], [ 2786844.294300001114607, 820954.686699999496341 ], [ 2786862.469499994534999, 820940.395300003932789 ], [ 2786889.21989999525249, 820917.676299996674061 ], [ 2786907.523900002241135, 820898.730699997395277 ], [ 2786921.24270000634715, 820874.852100000716746 ], [ 2786930.869499998632818, 820843.835899999598041 ], [ 2786946.666499998886138, 820766.233899997081608 ], [ 2786982.983300001826137, 820600.78270000172779 ], [ 2787015.217699993867427, 820451.536900002975017 ], [ 2787022.727900000289083, 820397.952499999664724 ], [ 2787034.039800002705306, 820330.103499998338521 ], [ 2787049.935999995563179, 820265.619000000180677 ], [ 2787070.510300004389137, 820146.996700002346188 ], [ 2787112.801200001966208, 819994.402900003129616 ], [ 2787120.118500004522502, 819957.129099995596334 ], [ 2787137.749700001440942, 819879.703800001181662 ], [ 2787140.143300001043826, 819851.515900002326816 ], [ 2787140.088899999856949, 819818.614300003973767 ], [ 2787137.402900005690753, 819786.225599998841062 ], [ 2787132.0022, 819762.788400003919378 ], [ 2787126.020400006324053, 819739.827000001911074 ], [ 2787127.264000000432134, 819724.652499995660037 ], [ 2787127.433500000741333, 819723.908299999777228 ], [ 2787128.614100000355393, 819718.723999998299405 ], [ 2787130.428199999034405, 819710.757799998857081 ], [ 2787132.513600002974272, 819702.971099995775148 ], [ 2787135.014999996870756, 819697.101200000150129 ], [ 2787139.430100002791733, 819690.953299999469891 ], [ 2787144.282900001388043, 819686.62980000092648 ], [ 2787151.516699999105185, 819682.355199996847659 ], [ 2787155.283200006000698, 819681.328900001244619 ], [ 2787158.475599995814264, 819680.458999996306375 ], [ 2787163.587700004223734, 819680.109599996358156 ], [ 2787177.258100004866719, 819682.894300000276417 ], [ 2787217.693199999630451, 819691.131200000178069 ], [ 2787228.715499996207654, 819693.376500002574176 ], [ 2787230.622900003101677, 819693.59350000298582 ], [ 2787232.052299998700619, 819693.756100002210587 ], [ 2787235.388199998065829, 819693.073600003262982 ], [ 2787238.289299998898059, 819691.848300000652671 ], [ 2787241.979499999899417, 819688.925799995427951 ], [ 2787245.157899994868785, 819685.242699997033924 ], [ 2787248.399100000504404, 819680.204000000841916 ], [ 2787250.785899995826185, 819674.196300003910437 ], [ 2787251.430699997581542, 819669.245800003875047 ], [ 2787251.887699999380857, 819664.360299997963011 ], [ 2787251.153800006490201, 819659.449800000991672 ], [ 2787249.236999999266118, 819653.9183999968227 ], [ 2787244.225500003900379, 819646.970800002804026 ], [ 2787239.952600000891834, 819642.889199999161065 ], [ 2787208.517200000584126, 819622.5236000046134 ], [ 2787169.988100001122802, 819599.101100005907938 ], [ 2787145.673500003758818, 819580.260699996724725 ], [ 2787135.58959999633953, 819568.232599997194484 ], [ 2787126.460699994117022, 819555.799899998120964 ], [ 2787118.178699996788055, 819538.481400003656745 ], [ 2787111.128799997735769, 819524.625599996186793 ], [ 2787103.871100005228072, 819514.628900002688169 ], [ 2787095.511100000701845, 819505.170800003921613 ], [ 2787087.420799997169524, 819498.763999996939674 ], [ 2787076.960600004531443, 819493.920500002102926 ], [ 2787067.510700004175305, 819492.689999999478459 ], [ 2787044.3155000009574, 819491.211200000718236 ], [ 2787028.620200000237674, 819489.139400005806237 ], [ 2787006.8188, 819483.598999995971099 ], [ 2786960.414100000169128, 819454.392700002295896 ], [ 2786954.117299997247756, 819448.234400001820177 ], [ 2786948.779400002211332, 819440.590699999826029 ], [ 2786949.822899993043393, 819434.733799999346957 ], [ 2786955.068300004117191, 819432.077199998311698 ], [ 2786961.183999997097999, 819431.973099995404482 ], [ 2786967.259199996013194, 819433.826999995624647 ], [ 2786978.561600001528859, 819444.395500000100583 ], [ 2786991.94100000243634, 819453.491200003540143 ], [ 2787007.178000003565103, 819461.835200004978105 ], [ 2787032.481699999421835, 819468.254999998491257 ], [ 2787047.173099999316037, 819468.402100003324449 ], [ 2787057.839900001883507, 819467.263400000752881 ], [ 2787086.141199998091906, 819459.722500003641471 ], [ 2787095.189199999440461, 819459.063000005204231 ], [ 2787101.422499998938292, 819459.440400003921241 ], [ 2787111.750699995551258, 819463.293300000717863 ], [ 2787142.567300002090633, 819476.690300000365824 ], [ 2787154.570499998517334, 819483.433599999640137 ], [ 2787163.857000001706183, 819487.670699999667704 ], [ 2787169.94569999538362, 819486.83979999832809 ], [ 2787174.07700000051409, 819482.770799995400012 ], [ 2787174.728399996645749, 819477.033399995649233 ], [ 2787171.887900005560368, 819470.161699995165691 ], [ 2787168.35740000102669, 819467.194899999303743 ], [ 2787126.368400003295392, 819449.258699998259544 ], [ 2787108.674900003708899, 819442.462999996729195 ], [ 2787096.73659999622032, 819439.067300003254786 ], [ 2787086.480999996419996, 819434.206799996783957 ], [ 2787078.159500004258007, 819425.971599998185411 ], [ 2787070.51889999769628, 819419.549100003903732 ], [ 2787046.748599994927645, 819409.663099998375401 ], [ 2787038.904700002167374, 819407.853799996199086 ], [ 2787031.950499996542931, 819408.289600003510714 ], [ 2787022.753700006753206, 819409.607699997257441 ], [ 2787007.961599997710437, 819407.925099994987249 ], [ 2787002.366199999116361, 819404.92560000019148 ], [ 2786998.381899993401021, 819400.703800001647323 ], [ 2786992.4857, 819385.696499998215586 ], [ 2786987.649200002662838, 819378.301899999147281 ], [ 2786977.128700007218868, 819370.741400003898889 ], [ 2786963.237200002186, 819370.344700005138293 ], [ 2786943.71819999627769, 819368.526700004469603 ], [ 2786936.941100002266467, 819362.328299995744601 ], [ 2786923.317500000353903, 819352.789699999848381 ], [ 2786915.43069999339059, 819352.567299997666851 ], [ 2786904.984100000932813, 819353.529300000984222 ], [ 2786898.983900001272559, 819353.675200004363433 ], [ 2786890.814400007016957, 819352.178900003200397 ], [ 2786870.207000004593283, 819344.021799999056384 ], [ 2786863.647400001995265, 819341.302000001305714 ], [ 2786855.61529999691993, 819335.079699997790158 ], [ 2786851.080699998885393, 819328.002299999818206 ], [ 2786844.037100004497916, 819320.224499997217208 ], [ 2786834.7462, 819313.956099996343255 ], [ 2786824.111400003544986, 819310.503800000529736 ], [ 2786814.980899996589869, 819309.607500001555309 ], [ 2786806.708400004543364, 819311.583699999609962 ], [ 2786800.3398999995552, 819313.61720000137575 ], [ 2786793.292099996004254, 819317.202199995052069 ], [ 2786782.974099997896701, 819324.492900001816452 ], [ 2786773.626699995715171, 819331.176100000040606 ], [ 2786766.310599994380027, 819333.169500002404675 ], [ 2786757.796300003770739, 819332.934099996229634 ], [ 2786748.785700001288205, 819327.62059999583289 ], [ 2786739.840300003066659, 819320.102499997476116 ], [ 2786734.944399997126311, 819314.60359999909997 ], [ 2786729.62770000519231, 819301.502000001724809 ], [ 2786726.47950000083074, 819290.0425999998115 ], [ 2786724.868699997197837, 819280.21230000234209 ], [ 2786722.681199998129159, 819268.153000003425404 ], [ 2786719.153599996119738, 819259.210200000787154 ], [ 2786711.495699997525662, 819250.78039999702014 ], [ 2786703.431799996644258, 819245.496000000042841 ], [ 2786691.250400001648813, 819241.043899998767301 ], [ 2786678.981299992650747, 819239.43409999483265 ], [ 2786670.483899998944253, 819238.250699997879565 ], [ 2786660.672799996100366, 819238.91700000106357 ], [ 2786649.373000003397465, 819236.699700006050989 ], [ 2786643.139700003899634, 819233.687100001843646 ], [ 2786636.98700000718236, 819228.142200002679601 ], [ 2786635.459699999541044, 819215.150399998761714 ], [ 2786635.181999992579222, 819202.511500002350658 ], [ 2786634.702200001105666, 819186.078499994939193 ], [ 2786635.083899996709079, 819172.826100000878796 ], [ 2786632.867799994070083, 819161.714599999831989 ], [ 2786628.292500000447035, 819156.212000000989065 ], [ 2786621.514899997971952, 819150.025899994885549 ], [ 2786614.337200002744794, 819147.293299994897097 ], [ 2786605.153300003148615, 819147.982599998591468 ], [ 2786596.551700001582503, 819150.887800002703443 ], [ 2786586.371200006455183, 819153.4438 ], [ 2786579.389500001911074, 819154.825399996945634 ], [ 2786572.527700001373887, 819151.789700004737824 ], [ 2786565.489900003187358, 819143.693100005155429 ], [ 2786562.300700005143881, 819133.818299997365102 ], [ 2786560.476399999577552, 819120.181600003736094 ], [ 2786562.195100002922118, 819104.132799999555573 ], [ 2786562.337700000498444, 819099.076800002483651 ], [ 2786560.906900001689792, 819093.988500001374632 ], [ 2786556.645399998407811, 819088.183899997733533 ], [ 2786552.633400001097471, 819084.907800001092255 ], [ 2786547.658100002910942, 819082.241599998204038 ], [ 2786541.701500001829118, 819080.810799999628216 ], [ 2786536.350800004322082, 819080.03200000221841 ], [ 2786527.550599999260157, 819078.51390000176616 ], [ 2786518.470799993723631, 819076.052099998807535 ], [ 2786507.482000002637506, 819073.839800001820549 ], [ 2786501.565899995155632, 819070.834300000453368 ], [ 2786491.652000004891306, 819063.913899998413399 ], [ 2786489.09150000102818, 819060.249300002120435 ], [ 2786483.762100002728403, 819052.636799999279901 ], [ 2786480.94089999422431, 819040.874600003473461 ], [ 2786471.624999998603016, 819024.189199996180832 ], [ 2786469.463799997232854, 819022.558100001420826 ], [ 2786459.825500000268221, 819017.231700002215803 ], [ 2786450.730300005525351, 819015.077599994838238 ], [ 2786442.190400001127273, 819015.460200002184138 ], [ 2786429.842699997592717, 819016.693200003821403 ], [ 2786419.06350000621751, 819018.27620000182651 ], [ 2786407.031900007743388, 819019.206100002629682 ], [ 2786391.841600000392646, 819020.349600001471117 ], [ 2786381.41830000653863, 819020.684199999785051 ], [ 2786365.474200001452118, 819014.868899998487905 ], [ 2786359.363999997731298, 819007.74720000079833 ], [ 2786349.571199995465577, 818985.673899998655543 ], [ 2786332.639399994630367, 818958.984200003789738 ], [ 2786307.255999999586493, 818918.798799999523908 ], [ 2786277.257399995811284, 818863.313800002681091 ], [ 2786242.531200002413243, 818818.434799996903166 ], [ 2786222.738300004042685, 818792.612700000638142 ], [ 2786217.186199996620417, 818788.039899997413158 ], [ 2786209.765800000168383, 818782.457800001138821 ], [ 2786205.46480000205338, 818778.227900000289083 ], [ 2786201.811299998313189, 818773.394299996551126 ], [ 2786198.110500004142523, 818770.444399998057634 ], [ 2786191.544399995356798, 818768.042800001101568 ], [ 2786184.676299999002367, 818765.327399996574968 ], [ 2786174.89339999621734, 818765.046100003644824 ], [ 2786165.726899994071573, 818765.41580000333488 ], [ 2786154.953400002326816, 818766.69009999698028 ], [ 2786143.5299, 818768.581299999495968 ], [ 2786119.975699994713068, 818775.169900000328198 ], [ 2786100.12650000071153, 818785.02870000526309 ], [ 2786085.67819999717176, 818782.097299999790266 ], [ 2786049.582900002133101, 818752.337000004481524 ], [ 2786034.959299993235618, 818733.286300002830103 ], [ 2785995.508700002450496, 818710.383599998895079 ], [ 2785960.838100002612919, 818686.031800004653633 ], [ 2785883.74620000552386, 818654.161299998406321 ], [ 2785849.175999999511987, 818637.075200002407655 ], [ 2785816.781499998643994, 818621.31129999528639 ], [ 2785791.173000000882894, 818611.424299998907372 ], [ 2785774.050600002054125, 818602.72989999782294 ], [ 2785755.77989999903366, 818590.210200003813952 ], [ 2785737.231200000271201, 818576.109700004104525 ], [ 2785725.725999999325722, 818569.786600003717467 ], [ 2785708.171400006394833, 818565.182300003245473 ], [ 2785689.72489999840036, 818558.657600000267848 ], [ 2785658.939099996816367, 818541.988399997353554 ], [ 2785630.703800002578646, 818524.454700000118464 ], [ 2785595.690399997401983, 818500.724300004076213 ], [ 2785565.076499998103827, 818489.1184000025969 ], [ 2785511.716399999801069, 818466.766299997922033 ], [ 2785473.154399999883026, 818445.776299997232854 ], [ 2785411.325900006573647, 818421.285100006265566 ], [ 2785349.655100001953542, 818391.118000001646578 ], [ 2785272.924500003922731, 818357.679700002307072 ], [ 2785201.76870000641793, 818317.141499995719641 ], [ 2785150.697400003671646, 818291.693000001600012 ], [ 2785114.598399999551475, 818284.343899994855747 ], [ 2785076.622100000269711, 818276.008600000757724 ], [ 2785030.466899997554719, 818277.852300002705306 ], [ 2785007.611500001046807, 818270.897000001044944 ], [ 2784990.076800004113466, 818254.610800000140443 ], [ 2784961.269500006455928, 818245.894399998243898 ], [ 2784927.232099999208003, 818243.667899996042252 ], [ 2784893.9591, 818247.772299998207018 ], [ 2784872.852399996016175, 818253.329599996563047 ], [ 2784871.815300005953759, 818241.701900004874915 ], [ 2784872.938399999868125, 818228.841000000946224 ], [ 2784877.191800001077354, 818216.432600000174716 ], [ 2784883.958499995525926, 818206.333999996073544 ], [ 2784894.024800003971905, 818196.99350000382401 ], [ 2784931.633900003042072, 818177.0122 ], [ 2784973.124800000339746, 818155.210000001825392 ], [ 2784979.534100006334484, 818147.285199999576434 ], [ 2784984.926799997221678, 818136.968499999027699 ], [ 2784990.788099999539554, 818124.610399995697662 ], [ 2784993.598300003446639, 818108.12380000250414 ], [ 2784991.638199996203184, 818037.023800000781193 ], [ 2784988.849099998828024, 818026.375200002454221 ], [ 2784983.774499994702637, 818018.364000001689419 ], [ 2784976.52729999832809, 818012.175099998246878 ], [ 2784967.417699996381998, 818008.362300001084805 ], [ 2784958.753700005356222, 818006.37189999781549 ], [ 2784946.563400001265109, 818005.396499995840713 ], [ 2784930.411099999211729, 818008.929099996108562 ], [ 2784805.461299999151379, 818044.445999995106831 ], [ 2784791.765399998985231, 818050.091999998083338 ], [ 2784780.28029999602586, 818054.498099998338148 ], [ 2784764.424500000663102, 818061.635599997360259 ], [ 2784747.800899995490909, 818070.578100001905113 ], [ 2784680.0394999939017, 818117.520500002428889 ], [ 2784665.654899995308369, 818127.218800003873184 ], [ 2784650.439200002234429, 818136.588799993973225 ], [ 2784621.374400001019239, 818148.860800005495548 ], [ 2784596.047300001606345, 818156.407499998807907 ], [ 2784580.783599999733269, 818158.464500000933185 ], [ 2784541.602300005964935, 818163.372099995380268 ], [ 2784526.485499998088926, 818161.823900000657886 ], [ 2784513.320099999196827, 818159.565100003033876 ], [ 2784501.843300000298768, 818155.841299999970943 ], [ 2784487.835300002247095, 818146.939100005431101 ], [ 2784477.24930000398308, 818139.620699998224154 ], [ 2784467.101499998476356, 818129.032900002319366 ], [ 2784463.450300000607967, 818122.771099995588884 ], [ 2784459.969499997328967, 818116.803900001803413 ], [ 2784452.768299993593246, 818099.594499999424443 ], [ 2784373.589500001166016, 817891.766700000502169 ], [ 2784343.161300006788224, 817818.290899999672547 ], [ 2784318.847299997229129, 817766.299700001254678 ], [ 2784295.021900000516325, 817711.954099999507889 ], [ 2784287.761900002136827, 817696.889899995643646 ], [ 2784278.553700004238635, 817677.77769999881275 ], [ 2784241.74009999865666, 817594.966500000329688 ], [ 2784227.364100002218038, 817563.364500002237037 ], [ 2784221.611699998844415, 817547.114299997221678 ], [ 2784219.517099996097386, 817534.620900000678375 ], [ 2784219.24509999807924, 817529.60650000278838 ], [ 2784219.023300000932068, 817525.481899997219443 ], [ 2784220.348699999041855, 817510.826299999840558 ], [ 2784225.210699995979667, 817493.864900004584342 ], [ 2784230.204300003591925, 817484.01549999974668 ], [ 2784231.402300000190735, 817481.652699996018782 ], [ 2784231.790899996645749, 817480.88629999756813 ], [ 2784240.653700002003461, 817468.294300005305558 ], [ 2784263.803299998864532, 817444.050700000021607 ], [ 2784264.692699996754527, 817443.119299999903888 ], [ 2784299.392100001685321, 817405.308899996802211 ], [ 2784308.215700001921505, 817396.564899999415502 ], [ 2784300.30089999595657, 817392.892099995398894 ], [ 2784286.048899998422712, 817396.665500003378838 ], [ 2784265.836300001014024, 817405.279100000392646 ], [ 2784230.819700003601611, 817421.742899995064363 ], [ 2784183.944499998353422, 817444.175299995345995 ], [ 2784171.709700001403689, 817452.46729999803938 ], [ 2784162.926100004464388, 817461.259699998889118 ], [ 2784149.635499996133149, 817473.060300001874566 ], [ 2784136.17750000115484, 817492.55970000079833 ], [ 2784130.560099992901087, 817518.753499995917082 ], [ 2784127.579499994870275, 817543.695300004910678 ], [ 2784129.796099997125566, 817564.481500002089888 ], [ 2784137.799300001002848, 817592.6306999954395 ], [ 2784146.8835, 817617.840699997032061 ], [ 2784148.014300001785159, 817620.978700003121048 ], [ 2784157.007900001481175, 817641.526500003878027 ], [ 2784180.924099999014288, 817696.64870000211522 ], [ 2784198.427700001746416, 817746.570900002727285 ], [ 2784198.5005, 817746.915300004649907 ], [ 2784200.851700002793223, 817758.049299997510388 ], [ 2784200.748699996154755, 817767.986100000562146 ], [ 2784199.126900005154312, 817776.4887000026647 ], [ 2784196.415100004523993, 817785.045899998862296 ], [ 2784192.685300003737211, 817791.3588999977801 ], [ 2784187.872700001113117, 817796.28150000423193 ], [ 2784182.205899998545647, 817800.161100002005696 ], [ 2784175.247900004964322, 817802.65710000321269 ], [ 2784168.326100000180304, 817803.22730000060983 ], [ 2784156.568299997132272, 817800.938100001774728 ], [ 2784146.296299999579787, 817795.90150000131689 ], [ 2784137.582099998835474, 817789.733899997314438 ], [ 2784130.626299997325987, 817783.29590000002645 ], [ 2784107.111700000241399, 817758.705499998992309 ], [ 2784074.796699997037649, 817724.909699997399002 ], [ 2784017.92409999622032, 817652.567899998975918 ], [ 2784016.176900003105402, 817650.345299998763949 ], [ 2784014.42949999962002, 817648.12269999855198 ], [ 2783985.881700004916638, 817604.017900004051626 ], [ 2783944.714299995917827, 817502.540300003718585 ], [ 2783927.384299996774644, 817476.138100001495332 ], [ 2783875.665500000119209, 817397.562899998389184 ], [ 2783871.688900002278388, 817391.520300001837313 ], [ 2783839.907700005918741, 817341.656500001205131 ], [ 2783831.136100004427135, 817319.80349999666214 ], [ 2783825.412299996241927, 817301.332699999446049 ], [ 2783821.084700002800673, 817284.63249999913387 ], [ 2783819.035300002899021, 817266.399899996584281 ], [ 2783822.643900002352893, 817241.263299998361617 ], [ 2783832.880500000435859, 817212.417499996954575 ], [ 2783848.940300000365824, 817173.916099998168647 ], [ 2783884.269100000616163, 817089.220300000160933 ], [ 2783887.018500001635402, 817078.00730000063777 ], [ 2783887.182499994989485, 817059.667499999981374 ], [ 2783886.854499999433756, 817043.913899996085092 ], [ 2783884.240300003904849, 817035.988100002985448 ], [ 2783872.03889999864623, 817010.489899998763576 ], [ 2783830.837300000246614, 816924.402100004022941 ], [ 2783827.602300002705306, 816919.044900000095367 ], [ 2783815.739699996076524, 816899.399099997710437 ], [ 2783806.202300001401454, 816880.682700005127117 ], [ 2783803.750500003341585, 816875.104500002227724 ], [ 2783798.897300001699477, 816864.063099998515099 ], [ 2783793.207500007469207, 816845.343300003558397 ], [ 2783789.378700007218868, 816822.807500001974404 ], [ 2783788.780099998693913, 816801.557100004283711 ], [ 2783789.846899997442961, 816789.420299998484552 ], [ 2783791.485900001600385, 816772.615300002507865 ], [ 2783799.893500003032386, 816725.239300004439428 ], [ 2783802.62309999531135, 816710.463300003437325 ], [ 2783806.327699994668365, 816690.409099996089935 ], [ 2783809.866899997927248, 816672.827300002099946 ], [ 2783816.004100000485778, 816639.011700000613928 ], [ 2783817.931100005749613, 816633.215300004696473 ], [ 2783819.801299998071045, 816627.593300001695752 ], [ 2783821.477099996060133, 816622.554099996807054 ], [ 2783827.636299999430776, 816611.26850000070408 ], [ 2783834.076499997638166, 816603.638500004308298 ], [ 2783840.807300001848489, 816597.831300005083904 ], [ 2783849.465199998579919, 816592.047200002940372 ], [ 2783855.551900001708418, 816587.980900000780821 ], [ 2783889.52449999935925, 816576.36430000141263 ], [ 2783895.002500001806766, 816573.187099999049678 ], [ 2783907.615500004030764, 816565.87169999955222 ], [ 2783918.992100002244115, 816556.048300002934411 ], [ 2783926.315700000617653, 816546.272099999710917 ], [ 2783932.738700003363192, 816532.678699997486547 ], [ 2783934.455499995034188, 816519.987699997145683 ], [ 2783934.120099999010563, 816505.225499998079613 ], [ 2783931.940899995155632, 816494.193300001556054 ], [ 2783928.692700000945479, 816483.880500002996996 ], [ 2783919.684699994046241, 816471.071899995906278 ], [ 2783906.223499998450279, 816459.190499997697771 ], [ 2783900.958900001365691, 816456.740499997278675 ], [ 2783873.579299998003989, 816448.022100004833192 ], [ 2783830.962500000372529, 816437.601700004655868 ], [ 2783796.123900000471622, 816429.903100001392886 ], [ 2783773.159299997612834, 816425.117100003408268 ], [ 2783754.239100001752377, 816421.402299996931106 ], [ 2783730.25949999736622, 816414.861699996283278 ], [ 2783709.116299998015165, 816406.249300000490621 ], [ 2783687.048899997025728, 816393.517900002421811 ], [ 2783668.34709999570623, 816378.450699999695644 ], [ 2783652.2273, 816364.029700001701713 ], [ 2783633.869099993258715, 816342.584300004411489 ], [ 2783622.088299999013543, 816323.402700002770871 ], [ 2783609.545299998018891, 816291.343099998077378 ], [ 2783604.638299999758601, 816256.440100000239909 ], [ 2783595.329099994618446, 816190.432500003371388 ], [ 2783591.21769999479875, 816175.233499997295439 ], [ 2783586.488700001966208, 816161.443700001109391 ], [ 2783577.958499995991588, 816138.519899999490008 ], [ 2783568.249900000169873, 816113.551300001796335 ], [ 2783548.719300001859665, 816064.446499998914078 ], [ 2783539.976099993567914, 816042.740899997297674 ], [ 2783529.519899999722838, 816017.777900002896786 ], [ 2783515.239100005477667, 815985.800299994880334 ], [ 2783513.544700000435114, 815981.760700002545491 ], [ 2783509.495699998922646, 815972.108499998459592 ], [ 2783492.437899999786168, 815961.700900000752881 ], [ 2783489.050700003281236, 815961.786099998047575 ], [ 2783481.33130000019446, 815961.980500001460314 ], [ 2783473.424299998674542, 815964.786899999249727 ], [ 2783465.71090000262484, 815972.503699997672811 ], [ 2783447.050300005823374, 816003.73710000095889 ], [ 2783436.08410000288859, 816019.743700001155958 ], [ 2783426.301499998662621, 816029.079700003610924 ], [ 2783414.892899994272739, 816031.93390000006184 ], [ 2783403.6987000037916, 816030.244500001892447 ], [ 2783393.664900000672787, 816022.442699999082834 ], [ 2783368.522900001145899, 816002.796099998988211 ], [ 2783346.784300002735108, 815990.314100001938641 ], [ 2783323.72690000012517, 815987.118099999381229 ], [ 2783311.457900004927069, 815993.073100004578009 ], [ 2783305.318099997937679, 816000.286100002704188 ], [ 2783301.396499997936189, 816009.582499996758997 ], [ 2783302.353500002995133, 816019.371700003976002 ], [ 2783312.125299995299429, 816054.746300003258511 ], [ 2783316.887100000400096, 816078.155299997888505 ], [ 2783315.900899995584041, 816090.54550000349991 ], [ 2783312.828299995977432, 816103.474900000263005 ], [ 2783279.370899998117238, 816147.5538999971468 ], [ 2783264.012699995189905, 816160.97909999708645 ], [ 2783241.326700002420694, 816170.741099994862452 ], [ 2783216.286900002509356, 816177.149900001008064 ], [ 2783195.327500004786998, 816180.508699995698407 ], [ 2783177.030500004533678, 816184.639899995410815 ], [ 2783149.228099998086691, 816196.194499999517575 ], [ 2783129.498500001151115, 816205.608299998566508 ], [ 2783116.901099998503923, 816219.039299994707108 ], [ 2783103.283100000116974, 816233.242899997392669 ], [ 2783085.329899996519089, 816260.197500005131587 ], [ 2783072.112899993080646, 816287.780099996598437 ], [ 2783058.418700002599508, 816346.269099995261058 ], [ 2783054.123500001151115, 816368.904500001110137 ], [ 2783037.972099993377924, 816410.889700002269819 ], [ 2783029.008299998473376, 816424.747099996777251 ], [ 2783004.005099999252707, 816434.970299996202812 ], [ 2782972.135100001469254, 816458.97210000292398 ], [ 2782958.342499999329448, 816484.85370000381954 ], [ 2782951.072699997574091, 816501.657600003527477 ], [ 2782925.911899997387081, 816531.898100002435967 ], [ 2782919.146000001113862, 816540.534799996297807 ], [ 2782912.554100003093481, 816545.499400005443022 ], [ 2782907.450400003697723, 816548.024399996269494 ], [ 2782893.880099998321384, 816549.362100005615503 ], [ 2782887.201399998739362, 816547.966699997661635 ], [ 2782881.272799995727837, 816545.256099998718128 ], [ 2782876.496799994260073, 816541.114700000733137 ], [ 2782874.761200002394617, 816539.609799997415394 ], [ 2782871.395900001283735, 816532.414199996506795 ], [ 2782870.61549999890849, 816525.815899997483939 ], [ 2782870.804899995680898, 816514.811799996066839 ], [ 2782872.028199999127537, 816501.659900000784546 ], [ 2782873.797699999529868, 816487.394399999408051 ], [ 2782879.101499992888421, 816471.792100000428036 ], [ 2782879.464599998667836, 816454.174600000260398 ], [ 2782873.5485, 816436.491799998795614 ], [ 2782871.027599995490164, 816416.675900000147521 ], [ 2782867.095600004773587, 816392.025199996540323 ], [ 2782871.390600004699081, 816358.021000005304813 ], [ 2782871.410200003068894, 816340.274400002555922 ], [ 2782864.439699996262789, 816314.067100003594533 ], [ 2782858.021799996960908, 816305.32899999874644 ], [ 2782851.258100001141429, 816293.965500001097098 ], [ 2782846.316399996168911, 816280.91620000032708 ], [ 2782831.804799999576062, 816266.709599998779595 ], [ 2782825.148600000422448, 816252.307499997550622 ], [ 2782819.780800003558397, 816228.75700000138022 ], [ 2782820.924000004306436, 816205.661299997009337 ], [ 2782817.638200000859797, 816187.220999997574836 ], [ 2782814.121600003913045, 816176.302800003672019 ], [ 2782812.683000000659376, 816164.302000001305714 ], [ 2782806.663099997676909, 816147.721399998059496 ], [ 2782797.006800007540733, 816136.837799996836111 ], [ 2782779.813399999402463, 816136.07259999983944 ], [ 2782769.044500002637506, 816135.298099999083206 ], [ 2782760.713799994438887, 816133.451000003609806 ], [ 2782755.233900006860495, 816127.719300003489479 ], [ 2782752.005199996754527, 816121.890799996210262 ], [ 2782750.141000002156943, 816113.117000002646819 ], [ 2782749.269900004845113, 816101.200800001155585 ], [ 2782751.064499992877245, 816095.289099995978177 ], [ 2782754.365799999795854, 816089.183899999363348 ], [ 2782795.108499993570149, 816053.736699994653463 ], [ 2782800.930899998173118, 816047.341100002871826 ], [ 2782807.773100000340492, 816036.940200004493818 ], [ 2782815.456600003410131, 816009.742299998644739 ], [ 2782819.786500003188848, 815977.832999999402091 ], [ 2782822.16489999787882, 815964.241299998247996 ], [ 2782822.105400002095848, 815948.298400002997369 ], [ 2782866.122100005857646, 815857.169000000925735 ], [ 2782878.316699997987598, 815804.821000001626089 ], [ 2782899.23600000469014, 815748.332499999087304 ], [ 2782921.976800002157688, 815693.756299996748567 ], [ 2782935.877800003625453, 815668.821699995547533 ], [ 2782943.582700002938509, 815626.58869999810122 ], [ 2782942.989399999845773, 815602.260000000707805 ], [ 2782940.367499996908009, 815579.505199999548495 ], [ 2782934.016699995845556, 815556.88760000304319 ], [ 2782916.119499998167157, 815504.224800005322322 ], [ 2782901.086000002454966, 815462.467899998882785 ], [ 2782899.238899998366833, 815457.964899994898587 ], [ 2782894.279400001745671, 815454.976599997840822 ], [ 2782854.9835, 815442.360299998661503 ], [ 2782848.703100003767759, 815439.664000001270324 ], [ 2782843.080100001301616, 815436.617999996989965 ], [ 2782836.888499997090548, 815429.646200001239777 ], [ 2782834.544300000648946, 815418.640700005693361 ], [ 2782828.852100003510714, 815395.713200003607199 ], [ 2782820.199300001375377, 815335.38089999742806 ], [ 2782822.059100002981722, 815296.545399999944493 ], [ 2782824.546099998988211, 815149.740600005025044 ], [ 2782824.000600003171712, 815138.848400001646951 ], [ 2782821.542400003876537, 815131.499699998414144 ], [ 2782817.501300002913922, 815125.768499997910112 ], [ 2782810.680499996524304, 815123.42759999865666 ], [ 2782804.372599992435426, 815123.297800003318116 ], [ 2782801.545700001996011, 815124.12019999907352 ], [ 2782787.627100001554936, 815127.858400000492111 ], [ 2782777.308199999853969, 815130.926800000248477 ], [ 2782744.202699992805719, 815171.275600001448765 ], [ 2782685.303000000305474, 815246.815600003581494 ], [ 2782664.12210000352934, 815269.130500002531335 ], [ 2782636.588800001423806, 815297.196400001645088 ], [ 2782632.940900000743568, 815300.766900000395253 ], [ 2782628.696300003677607, 815304.073300001909956 ], [ 2782626.307099997065961, 815305.983699999051169 ], [ 2782622.487499995157123, 815307.596700003603473 ], [ 2782616.716399997007102, 815308.913600004743785 ], [ 2782611.759800002444535, 815308.942900001304224 ], [ 2782607.344700005371124, 815307.94129999843426 ], [ 2782601.024400002323091, 815303.621399994939566 ], [ 2782595.253900000359863, 815298.774099994450808 ], [ 2782591.825200001243502, 815293.641899996902794 ], [ 2782570.732199993915856, 815249.471500003244728 ], [ 2782541.030400003772229, 815182.300000002607703 ], [ 2782507.279400001745671, 815115.833099998068064 ], [ 2782497.432899999432266, 815112.84580000070855 ], [ 2782489.435200002510101, 815110.204700002679601 ], [ 2782483.992899998091161, 815103.22830000333488 ], [ 2782463.2077999971807, 815091.159700000891462 ], [ 2782452.032700004987419, 815090.708899998804554 ], [ 2782447.80119999917224, 815090.082899997010827 ], [ 2782442.514700006693602, 815086.917499997420236 ], [ 2782438.013899995014071, 815083.214800000656396 ], [ 2782430.706500001251698, 815074.911600000225008 ], [ 2782426.741300002671778, 815065.580400002887473 ], [ 2782393.834700006060302, 814983.761699996655807 ], [ 2782372.941299993544817, 814933.707099996507168 ], [ 2782357.385899998713285, 814895.620600000256673 ], [ 2782354.630599996075034, 814889.732599996961653 ], [ 2782348.338300000410527, 814880.901999999536201 ], [ 2782342.362000004388392, 814872.707800003467128 ], [ 2782336.460400001145899, 814868.406900001922622 ], [ 2782329.695800002198666, 814865.68740000249818 ], [ 2782323.865500006359071, 814864.009000000311062 ], [ 2782318.861100004520267, 814863.676499997731298 ], [ 2782313.036600004415959, 814864.423799997894093 ], [ 2782307.299199996050447, 814865.502899999031797 ], [ 2782300.533500001300126, 814867.29919999698177 ], [ 2782293.636899997480214, 814870.934600002365187 ], [ 2782288.261100003961474, 814875.980900001013651 ], [ 2782230.4265, 814946.835099996998906 ], [ 2782224.302899997681379, 814950.114100004546344 ], [ 2782215.318800003267825, 814951.320000002160668 ], [ 2782207.399700000882149, 814949.515100001823157 ], [ 2782199.7963, 814947.975700002163649 ], [ 2782193.906299997586757, 814943.897000001044944 ], [ 2782188.988600001204759, 814938.724700003862381 ], [ 2782185.440900001209229, 814933.387200003489852 ], [ 2782187.635099999140948, 814830.20570000144653 ], [ 2782170.912800001911819, 814786.575900001917034 ], [ 2782151.995499999262393, 814724.678599999984726 ], [ 2782142.294699998572469, 814703.358600004576147 ], [ 2782128.763599998317659, 814682.98470000596717 ], [ 2782109.74610000429675, 814668.570399998687208 ], [ 2782088.581400003749877, 814653.722700004000217 ], [ 2782061.689099997747689, 814636.634500003652647 ], [ 2782044.5798, 814629.625899996608496 ], [ 2782034.465400002896786, 814628.269000001251698 ], [ 2782026.864099998027086, 814628.113100001355633 ], [ 2782018.529400000348687, 814630.012599999085069 ], [ 2782009.695600002072752, 814633.979400001931936 ], [ 2782000.806200001388788, 814640.24290000111796 ], [ 2781991.669800002127886, 814647.65769999451004 ], [ 2781983.373800000641495, 814658.997799997450784 ], [ 2781978.091099996119738, 814668.185300000943244 ], [ 2781975.640999999362975, 814674.90850000246428 ], [ 2781975.195300000719726, 814684.023199999006465 ], [ 2781983.607199998572469, 814713.880099999718368 ], [ 2781985.708099997136742, 814749.010900001274422 ], [ 2781982.61830000160262, 814781.615300000179559 ], [ 2781975.089800003916025, 814814.127600000938401 ], [ 2781965.810299998149276, 814833.700200001476333 ], [ 2781901.480099995154887, 814897.90419999579899 ], [ 2781896.732500004116446, 814900.928699999116361 ], [ 2781890.324899999424815, 814901.021600004052743 ], [ 2781883.899700004141778, 814898.814299996709451 ], [ 2781878.471400003414601, 814895.652000001166016 ], [ 2781874.271000000648201, 814891.797200001543388 ], [ 2781869.409000003710389, 814886.892200002679601 ], [ 2781864.475800004322082, 814877.957000002497807 ], [ 2781847.906699996907264, 814824.040399994933978 ], [ 2781842.556400002911687, 814815.044400000944734 ], [ 2781836.084899999666959, 814809.488699998706579 ], [ 2781830.140399999450892, 814806.462399997748435 ], [ 2781821.981999997515231, 814807.456500003347173 ], [ 2781812.570800002664328, 814812.879999999189749 ], [ 2781788.142700002994388, 814821.351900001754984 ], [ 2781774.677299998234957, 814824.120199999306351 ], [ 2781766.304899994749576, 814823.340499998768792 ], [ 2781749.740199998021126, 814812.783999998820946 ], [ 2781727.66669999435544, 814785.792500000912696 ], [ 2781712.949299994856119, 814766.940200001234189 ], [ 2781700.917199996765703, 814718.743000000016764 ], [ 2781683.492800001986325, 814673.064599998760968 ], [ 2781678.704099994152784, 814637.501499997219071 ], [ 2781694.070200006477535, 814604.360800001071766 ], [ 2781706.67829999839887, 814563.338199999416247 ], [ 2781712.835899997036904, 814539.84590000147 ], [ 2781700.365500001236796, 814520.784000002080575 ], [ 2781680.945399998221546, 814520.382499998202547 ], [ 2781618.438199993688613, 814520.303000000538304 ], [ 2781595.737399999517947, 814509.975000005681068 ], [ 2781578.273000001441687, 814492.412899997550994 ], [ 2781543.398500001989305, 814454.216899997089058 ], [ 2781515.111100004054606, 814395.822500004433095 ], [ 2781513.01870000269264, 814335.550399995874614 ], [ 2781518.747000000439584, 814271.673000002745539 ], [ 2781514.788599997758865, 814232.498300003353506 ], [ 2781507.554099998902529, 814215.947100001620129 ], [ 2781491.710199994500726, 814208.892099999124184 ], [ 2781463.530199996195734, 814208.313599997898564 ], [ 2781433.98430000571534, 814215.909599997801706 ], [ 2781422.825800003949553, 814213.025499999988824 ], [ 2781386.914100000634789, 814196.629600001731887 ], [ 2781357.113799993414432, 814151.350200005574152 ], [ 2781322.283199999015778, 814112.246800004970282 ], [ 2781288.22330000018701, 814081.30070000118576 ], [ 2781256.902299996931106, 814058.209600000409409 ], [ 2781253.977200005203485, 814051.838299998082221 ], [ 2781254.078100007027388, 814046.952399997506291 ], [ 2781258.121600001584738, 814038.484500002348796 ], [ 2781270.07220000308007, 814022.748400000855327 ], [ 2781284.969300000928342, 814007.984900003997609 ], [ 2781306.618900005239993, 813984.243399997940287 ], [ 2781312.66269999416545, 813961.990800000960007 ], [ 2781308.516999999526888, 813941.080999999539927 ], [ 2781300.899999998509884, 813921.694999998202547 ], [ 2781291.038400005083531, 813902.263800002401695 ], [ 2781278.755699995905161, 813869.419799997238442 ], [ 2781279.186600001528859, 813844.320599997648969 ], [ 2781266.785800003446639, 813803.885899997549132 ], [ 2781256.483000000938773, 813767.189300002297387 ], [ 2781225.060700001195073, 813722.184299997985363 ], [ 2781207.227900001220405, 813662.103199999313802 ], [ 2781186.838699992280453, 813588.986600002041087 ], [ 2781188.98110000230372, 813508.426899996818975 ], [ 2781210.780599999707192, 813460.339100003242493 ], [ 2781195.425799998920411, 813416.445100001059473 ], [ 2781204.874300004914403, 813385.416500000981614 ], [ 2781200.809300000313669, 813349.305700002703816 ], [ 2781195.748199999798089, 813322.781900004250929 ], [ 2781198.005999997723848, 813290.804999997606501 ], [ 2781205.562899997923523, 813234.91840000031516 ], [ 2781215.0105000003241, 813203.889699995052069 ], [ 2781245.52080000564456, 813137.176099999109283 ], [ 2781260.194899996276945, 813045.067499998258427 ], [ 2781304.877899994142354, 812983.222099998500198 ], [ 2781348.403199996333569, 812939.102699995273724 ], [ 2781318.90020000282675, 812805.588700001360849 ], [ 2781304.422900000587106, 812694.953700000420213 ], [ 2781265.4655, 812637.126400001114234 ], [ 2781257.794600005727261, 812521.522000003606081 ], [ 2781305.8534000008367, 812330.294700004160404 ], [ 2781352.573499995749444, 812255.399899998679757 ], [ 2781363.214199993759394, 812165.267600001068786 ], [ 2781364.923900000285357, 812088.828099999576807 ], [ 2781325.711499995086342, 811931.896999999880791 ], [ 2781313.11930000083521, 811819.412700002547354 ], [ 2781268.995800002478063, 811767.473700004629791 ], [ 2781248.171800003387034, 811650.206600001314655 ], [ 2781256.988200004212558, 811585.666400003712624 ], [ 2781226.109999997075647, 811517.266399999847636 ], [ 2781231.743399999570101, 811420.767 ], [ 2781225.40999999595806, 811365.701500000664964 ], [ 2781206.673500005155802, 811276.69469999964349 ], [ 2781165.206699995789677, 811216.863400005502626 ], [ 2781063.227399999741465, 811092.297099998220801 ], [ 2780570.7396, 810184.517999998759478 ], [ 2780568.767100002616644, 810094.799299997277558 ], [ 2780611.836700001265854, 808673.109200003324077 ], [ 2780613.235399997327477, 808601.5381 ], [ 2780564.500399999320507, 807230.905100003350526 ], [ 2780559.415799998212606, 806785.728100006235763 ], [ 2780566.648900003172457, 806598.460799996275455 ], [ 2780315.18199999211356, 806588.887099999003112 ], [ 2779911.446000006981194, 807124.061600000597537 ], [ 2779874.084099999628961, 807173.585299995960668 ], [ 2779352.2078, 807317.558799998834729 ], [ 2778659.838200006168336, 807502.945900002261624 ], [ 2778675.257299999706447, 808211.754299999447539 ], [ 2778744.63750000204891, 808722.089600004022941 ], [ 2778882.290799997746944, 809553.136200002394617 ], [ 2779106.786599998362362, 810041.697799998568371 ], [ 2778938.914900000672787, 810442.386200001230463 ], [ 2778752.226199997588992, 810450.036499997368082 ], [ 2778687.363300000783056, 810481.573799999430776 ], [ 2778649.597399999387562, 810490.189399995841086 ], [ 2778613.332200000528246, 810501.965299997245893 ], [ 2778558.121400002855808, 810521.178700003074482 ], [ 2778528.405000003986061, 810528.682799997739494 ], [ 2778482.507900001015514, 810563.672799999127164 ], [ 2778459.545299998018891, 810573.155899997800589 ], [ 2778420.79610000224784, 810589.422000000718981 ], [ 2778355.975800004322082, 810627.905399997252971 ], [ 2778308.612999994773418, 810684.108899997547269 ], [ 2778266.181999998632818, 810732.481700001982972 ], [ 2778231.760300000198185, 810772.623599995858967 ], [ 2778198.722499996889383, 810827.341299999738112 ], [ 2778181.993999999482185, 810905.895500001963228 ], [ 2778162.477399996016175, 810928.420799998333678 ], [ 2778052.519399996381253, 811014.42109999852255 ], [ 2777977.116200004238635, 811116.1777000031434 ], [ 2777145.449400000274181, 811214.370099996216595 ], [ 2776536.681799998041242, 811286.245399996638298 ], [ 2776217.8901, 811504.232999996747822 ], [ 2777377.900300007779151, 813089.577600002288818 ], [ 2777275.092800002079457, 813237.144400002900511 ], [ 2777360.898999996948987, 813246.886899998877198 ], [ 2777386.449299996253103, 813249.78749999939464 ], [ 2777406.684400003403425, 813260.421300004934892 ], [ 2777435.503100000321865, 813279.989100000122562 ], [ 2777496.060700002126396, 813319.185300000710413 ], [ 2777543.921899993438274, 813336.223200003383681 ], [ 2777592.33460000436753, 813338.434399995487183 ], [ 2777615.336599997244775, 813428.33610000112094 ], [ 2777615.347099993377924, 813428.376600004034117 ], [ 2777615.432200002949685, 813428.709500001277775 ], [ 2777569.075800001155585, 813459.119099996984005 ], [ 2777569.071300002746284, 813459.122099995845929 ], [ 2777438.429999998770654, 813544.822100000921637 ], [ 2777375.521500000730157, 813693.205700002610683 ], [ 2777744.772699996829033, 813637.679599997820333 ], [ 2777075.171499995980412, 814196.948300002375618 ], [ 2777062.597600002307445, 814342.335000004852191 ], [ 2777030.729200000874698, 814710.775699995690957 ], [ 2779367.263499998021871, 817394.375699999509379 ], [ 2779409.059299994260073, 817481.347799997311085 ], [ 2779473.237700001336634, 817597.865600001532584 ], [ 2779522.088999999221414, 817720.490899999858811 ], [ 2779560.209200002718717, 817879.757800004445016 ], [ 2779568.89890000410378, 817944.282499998575076 ], [ 2779585.219199997838587, 818065.472099996637553 ], [ 2779578.131199998315424, 818193.563499998068437 ], [ 2779587.58250000141561, 818228.577599996235222 ], [ 2779600.238799994811416, 818263.865600004093722 ], [ 2779628.23830000590533, 818304.755100004607812 ], [ 2779626.798500001430511, 818374.911600005347282 ], [ 2779630.243399996776134, 818413.365600000368431 ], [ 2779680.523699996061623, 818446.052800002740696 ], [ 2779713.813100001774728, 818548.687500002328306 ], [ 2779727.141699996311218, 818564.044500003801659 ], [ 2779775.685700002126396, 818619.971700000576675 ], [ 2779799.461700004525483, 818691.873799998313189 ], [ 2779832.327799998223782, 818763.983800003305078 ], [ 2779845.353399996645749, 818815.226500000339001 ], [ 2779854.371400000527501, 818841.490800004918128 ], [ 2779873.04130000108853, 818868.474700000369921 ], [ 2779877.195699993986636, 818912.059099995531142 ], [ 2779900.018799995072186, 818963.951300003333017 ], [ 2779920.771199997514486, 819017.918199999723583 ], [ 2779856.099100000225008, 819063.2950999957975 ], [ 2779863.95009999582544, 819109.159600005252287 ], [ 2779899.110900003928691, 819196.015799997607246 ], [ 2779888.712899999227375, 819282.996999997412786 ], [ 2779870.78490000590682, 819314.437199994456023 ], [ 2779877.890300002414733, 819359.928800003603101 ], [ 2779881.212100001983345, 819381.196099998662248 ], [ 2779893.72629999788478, 819426.047700002323836 ], [ 2779899.984899995382875, 819452.123500004876405 ], [ 2779906.238700004760176, 819490.717899996554479 ], [ 2779895.81229999801144, 819514.710899999365211 ], [ 2779872.87169999582693, 819542.87029999983497 ], [ 2779849.490299996454269, 819585.588100004475564 ], [ 2779858.830900002270937, 819617.449099996592849 ], [ 2779862.186100001912564, 819657.73930000513792 ], [ 2779868.903099995106459, 819699.148499995237216 ], [ 2779848.757700001355261, 819778.606899996753782 ], [ 2779863.303699997719377, 819842.398499996168539 ], [ 2779882.323299996554852, 819888.280700000934303 ], [ 2779928.205099998041987, 819918.499499997356907 ], [ 2779962.888099996373057, 819949.83669999637641 ], [ 2779965.884900008328259, 819994.830899997614324 ], [ 2779990.4951, 820005.259100001771003 ], [ 2780064.50429999595508, 819972.262300000991672 ], [ 2780100.319300006143749, 819956.294500002404675 ], [ 2780155.549900003708899, 820059.051900003338233 ], [ 2780168.806299996562302, 820104.356700002681464 ], [ 2780187.58730000583455, 820133.080499995499849 ], [ 2780210.787700000684708, 820164.016300004674122 ], [ 2780236.189700002782047, 820185.012899999506772 ], [ 2780237.248699997086078, 820218.68009999836795 ], [ 2780274.388899995479733, 820262.523899999679998 ], [ 2780328.082099992316216, 820364.992500001331791 ], [ 2780366.84350000275299, 820433.894900002749637 ], [ 2780416.088099997490644, 820477.327700003283098 ], [ 2780463.642499995883554, 820496.044299997622147 ], [ 2780527.160899995826185, 820515.089099997887388 ], [ 2780545.786300003994256, 820510.952300003729761 ], [ 2780597.034700000658631, 820499.569900000467896 ], [ 2780681.760700006969273, 820466.948700000531971 ], [ 2780715.19150000018999, 820441.496100002434105 ], [ 2780746.456900000572205, 820417.6914999964647 ], [ 2780750.21669999929145, 820414.830399998929352 ], [ 2780850.542900000233203, 820407.111600001342595 ], [ 2780890.668899995740503, 820431.812699999194592 ], [ 2780913.404700004030019, 820448.771700000623241 ], [ 2780956.108699997887015, 820467.407900003017858 ], [ 2780917.996399995405227, 820501.899300004122779 ], [ 2780682.717500001192093, 820714.829800002509728 ], [ 2780797.2753000035882, 821067.414500005310401 ], [ 2780817.354299999773502, 821075.848700002068654 ], [ 2780861.138099996373057, 821094.240299999946728 ], [ 2780945.376500007230788, 821129.625100006116554 ], [ 2780946.579099998809397, 821144.778299995465204 ], [ 2780951.207300003152341, 821203.088299997383729 ], [ 2780995.61369999917224, 821304.233200002228841 ], [ 2781072.56919999839738, 821369.374600003473461 ], [ 2781227.593800003174692, 821326.1092999947723 ], [ 2781315.021799997426569, 821477.033500004326925 ], [ 2781361.322099996730685, 821605.108499999623746 ], [ 2781386.169099997729063, 821705.852600001730025 ], [ 2781459.292999999597669, 821833.922200004104525 ], [ 2781708.738000001292676, 821834.062800002284348 ], [ 2781804.494699995499104, 821920.554300002055243 ], [ 2781855.673899997957051, 821966.780100001953542 ], [ 2781931.319099999032915, 821966.955699996324256 ], [ 2782014.495300005655736, 821967.148699996760115 ], [ 2782181.824299996253103, 822195.373299998464063 ], [ 2782274.866699999663979, 822496.962000004481524 ], [ 2782280.889400000218302, 822516.484099997207522 ], [ 2782292.597299999557436, 822554.434000002453104 ], [ 2782366.439199996180832, 822607.465100005734712 ], [ 2782367.921300000976771, 822608.529500001575798 ], [ 2782369.099100003484637, 822609.375399997690693 ], [ 2782449.917499995790422, 822667.416400000452995 ], [ 2782450.517200000118464, 822667.212200002279133 ], [ 2782591.804600003641099, 822619.105100000044331 ], [ 2782615.329400007147342, 822611.095100000500679 ], [ 2782622.777699997182935, 822608.558999999659136 ], [ 2782634.09910000488162, 822604.704100003698841 ], [ 2782645.551700002048165, 822600.804699997417629 ], [ 2782653.083499997388572, 822598.240200003376231 ], [ 2782658.787400000263005, 822596.298200003569946 ], [ 2782661.659500002395362, 822595.320300002582371 ], [ 2782664.657499997876585, 822594.299499996006489 ], [ 2782679.198499996215105, 822589.348699997877702 ], [ 2782655.0889000040479, 822532.979399997973815 ], [ 2782653.287399997003376, 822528.767499999376014 ], [ 2782650.933399997185916, 822523.263699999311939 ], [ 2782624.905400001909584, 822462.409899997292086 ], [ 2782616.033899998292327, 822441.668599996482953 ], [ 2782657.696400000248104, 822350.535099999280646 ], [ 2782680.881399996578693, 822230.736100003821775 ], [ 2782692.891800000797957, 822140.984200003789738 ], [ 2782705.889699999243021, 822054.325599997770041 ], [ 2782722.602899994701147, 822022.62380000250414 ], [ 2782726.466400001663715, 822003.504399997647852 ], [ 2782729.586300000548363, 821943.177000002004206 ], [ 2782736.868099998217076, 821876.609599998686463 ], [ 2782726.465499998535961, 821819.40260000154376 ], [ 2782702.648300000466406, 821774.658000003080815 ], [ 2782771.987700001802295, 821705.142900002188981 ], [ 2782774.195100005716085, 821702.929700002074242 ], [ 2782789.590600002557039, 821687.495400003856048 ], [ 2782789.648300000932068, 821687.437699996633455 ], [ 2782789.668700005859137, 821687.417300000553951 ], [ 2782789.694700004998595, 821687.391099999425933 ], [ 2782789.714100001379848, 821687.37170000304468 ], [ 2782789.75949999736622, 821687.326200001873076 ], [ 2782789.83610000135377, 821687.249500001547858 ], [ 2782868.028300002682954, 821608.86030000122264 ], [ 2782938.8536999928765, 821537.856700003379956 ], [ 2782968.955499996431172, 821625.252499999012798 ], [ 2782978.252699997276068, 821646.653500000014901 ], [ 2782996.906299997121096, 821689.594500004779547 ], [ 2782998.328500002156943, 821691.351700003026053 ], [ 2783014.31530000269413, 821711.104099998250604 ], [ 2783023.898699997924268, 821722.945700003998354 ], [ 2783024.751300001982599, 821723.999100003857166 ], [ 2783050.582900003530085, 821739.754199998453259 ], [ 2783096.962099995464087, 821750.459500004304573 ], [ 2783152.19029999896884, 821740.059500000439584 ], [ 2783193.217100000940263, 821732.33310000016354 ], [ 2783217.048100001178682, 821728.752700001467019 ], [ 2783218.604900006670505, 821728.518699998268858 ], [ 2783226.711900006048381, 821727.300900001544505 ], [ 2783271.074699995107949, 821720.636300001991913 ], [ 2783271.642300006002188, 821720.551100004697219 ], [ 2783276.778300000354648, 821719.779499997617677 ], [ 2783295.127500000875443, 821717.022099999478087 ], [ 2783323.23700000718236, 821750.704699996393174 ], [ 2783347.500600005034357, 821774.075000003213063 ], [ 2783360.982399998698384, 821788.457400001119822 ], [ 2783378.951200001873076, 821805.532200002809986 ], [ 2783412.71450000628829, 821812.759000002872199 ], [ 2783444.643500000238419, 821826.902199997799471 ], [ 2783444.772799995727837, 821826.959500001510605 ], [ 2783444.829700004775077, 821826.984700002940372 ], [ 2783444.902000003494322, 821827.016700000269338 ], [ 2783450.970599999185652, 821829.703200002899393 ], [ 2783469.932599996216595, 821838.102400003699586 ], [ 2783470.740199998952448, 821838.460099998861551 ], [ 2783483.892900000791997, 821871.160799996461719 ], [ 2783494.944700004067272, 821898.641899998066947 ], [ 2783518.144199995789677, 821956.328300000866875 ], [ 2783535.777699999045581, 822035.111200001090765 ], [ 2783543.707200000993907, 822046.818800002569333 ], [ 2783567.536399994976819, 822082.004100001882762 ], [ 2783599.2936, 822118.310699997702613 ], [ 2783631.319499997422099, 822157.5778999987524 ], [ 2783637.618399996310472, 822165.29900000244379 ], [ 2783656.314300004858524, 822188.220199999865144 ], [ 2783679.576200003735721, 822201.153600003803149 ], [ 2783699.027699999045581, 822211.966000002576038 ], [ 2783748.004100000951439, 822212.429599998053163 ], [ 2783751.337500001303852, 822251.561299995519221 ], [ 2783758.002999995369464, 822271.54170000506565 ], [ 2783788.842699998989701, 822304.843899995554239 ], [ 2783803.641900002490729, 822382.983700003474951 ], [ 2783854.796999999321997, 822382.395899998489767 ], [ 2783865.229500000365078, 822382.277699995553121 ], [ 2783889.194199997466058, 822382.001499997219071 ], [ 2783897.80849999608472, 822381.902699999511242 ], [ 2783912.400399996899068, 822403.51009999983944 ], [ 2783944.030400002840906, 822401.406500000506639 ], [ 2783970.704499997664243, 822399.634799998719245 ], [ 2783978.020599998999387, 822399.148799999151379 ], [ 2783996.663200002163649, 822397.911500000627711 ], [ 2784009.719700002111495, 822397.044499998213723 ], [ 2784046.757400002330542, 822443.287300000665709 ], [ 2784064.701499994844198, 822465.691299998899922 ], [ 2784070.317700001876801, 822472.705299998866394 ], [ 2784090.917099997866899, 822525.941599999787286 ], [ 2784094.712999997660518, 822535.748500002315268 ], [ 2784108.731500000692904, 822571.975600000470877 ], [ 2784188.5591000020504, 822553.608000002801418 ], [ 2784242.446900004521012, 822547.057399997022003 ], [ 2784260.578700001351535, 822547.058300000149757 ], [ 2784269.821700002532452, 822547.392199997091666 ], [ 2784315.659500002395362, 822549.056900002295151 ], [ 2784312.836499996483326, 822638.142099996097386 ], [ 2784316.143899997230619, 822680.663699999684468 ], [ 2784377.873699998483062, 822722.467500001424924 ], [ 2784371.974900000728667, 822818.389899999136105 ], [ 2784378.595299997366965, 822838.587000002153218 ], [ 2784399.238300000317395, 822845.659299996681511 ], [ 2784416.470299999695271, 822872.309500005794689 ], [ 2784427.043700005859137, 822909.875900000566617 ], [ 2784438.222900001797825, 822918.109300001757219 ], [ 2784462.176100003533065, 822921.9376999984961 ], [ 2784506.412499999627471, 822909.136700002942234 ], [ 2784509.972599998582155, 822943.426000001607463 ], [ 2784558.573499996215105, 822995.388099996373057 ], [ 2784567.331499997060746, 823015.408900003414601 ], [ 2784567.777900005690753, 823016.429200001293793 ], [ 2784582.769699997268617, 823050.70010000304319 ], [ 2784605.504600002430379, 823102.672299999510869 ], [ 2784622.824299998115748, 823104.249099998036399 ], [ 2784708.347099995240569, 823112.026900000637397 ], [ 2784716.117100002709776, 823112.732699998188764 ], [ 2784845.229900006670505, 823177.786499999463558 ], [ 2784859.185300000943244, 823184.817599998321384 ], [ 2784880.649899993091822, 823195.632100001443177 ], [ 2784881.079899995587766, 823195.848900000331923 ], [ 2784883.40470000449568, 823197.020500003127381 ], [ 2784895.869900000281632, 823203.302199997473508 ], [ 2784896.456600000616163, 823203.597800001036376 ], [ 2784896.459899997804314, 823203.600699994713068 ], [ 2784933.175499994773418, 823245.844300002558157 ], [ 2784949.056900003459305, 823264.116899999324232 ], [ 2784990.17109999479726, 823311.422800000058487 ], [ 2785032.029700001236051, 823346.477499997476116 ], [ 2785056.932899992447346, 823367.335500001907349 ], [ 2785307.601899999193847, 823577.267400000011548 ], [ 2785305.660100000910461, 823534.163699999684468 ], [ 2785311.033500000834465, 823538.717099997680634 ], [ 2785346.690900001209229, 823568.932900003856048 ], [ 2785524.657700004521757, 823719.742300003999844 ], [ 2785551.488100002985448, 823742.47849999810569 ], [ 2785559.679700003471226, 823765.069700000574812 ], [ 2785599.569799993187189, 823804.127999994670972 ], [ 2785620.219300002790987, 823888.997300000162795 ], [ 2785622.713699999731034, 823910.86949999933131 ], [ 2785628.903100002557039, 823963.092499999795109 ], [ 2785641.804099997505546, 824002.886099998373538 ], [ 2785677.125299994833767, 824036.509900000877678 ], [ 2785739.356899996753782, 824044.074900003150105 ], [ 2785822.371299993712455, 824067.152500000083819 ], [ 2785835.757299997378141, 824070.541300001554191 ], [ 2785900.285499999299645, 824086.876699995016679 ], [ 2785906.286900000181049, 824088.39630000363104 ], [ 2785907.531499993987381, 824088.711300003807992 ], [ 2785954.568299998994917, 824106.724300001515076 ], [ 2785975.465700001455843, 824120.063100002938882 ], [ 2785978.236100003588945, 824147.490499995881692 ], [ 2785972.401500002015382, 824164.566299997270107 ], [ 2785969.005700003355742, 824188.700100000249222 ], [ 2785983.051500003319234, 824228.232100000372157 ], [ 2786006.1689000017941, 824250.799499995540828 ], [ 2786033.048099997919053, 824264.232499999692664 ], [ 2786077.668300002813339, 824293.248500002780929 ], [ 2786103.471500002313405, 824315.814300002297387 ], [ 2786118.807899997103959, 824350.79690000298433 ], [ 2786139.877299998886883, 824346.164700000081211 ], [ 2786176.30109999794513, 824348.134300003992394 ], [ 2786202.90510000474751, 824339.348900000564754 ], [ 2786230.148500002454966, 824311.177899999078363 ], [ 2786345.417900007218122, 824387.026299998629838 ], [ 2786343.330700005404651, 824437.458900002297014 ], [ 2786436.599699994083494, 824439.181900002295151 ], [ 2786436.273500004783273, 824497.948300000745803 ], [ 2786445.346299995668232, 824497.063499997835606 ], [ 2786456.065700001548976, 824498.235300002386793 ], [ 2786468.723499994724989, 824501.507300003897399 ], [ 2786478.60130000161007, 824506.890700000105426 ], [ 2786486.365300002042204, 824514.223900000331923 ], [ 2786491.292499994859099, 824522.969099998706952 ], [ 2786494.253899998031557, 824529.702900001546368 ], [ 2786497.057700000237674, 824536.117699997033924 ], [ 2786497.436500002164394, 824538.39610000140965 ], [ 2786497.885900001041591, 824549.411300003994256 ], [ 2786785.901100001297891, 824754.315300000365824 ], [ 2786784.843500000890344, 824806.462699996540323 ], [ 2786799.22269999794662, 824831.611900004325435 ], [ 2786800.779299993533641, 824867.37589999800548 ], [ 2786818.496500003151596, 824870.775300000794232 ], [ 2786824.030899997334927, 824898.343099999241531 ], [ 2786829.666299999225885, 824911.339699999662116 ], [ 2786813.838500002864748, 824960.607699998188764 ], [ 2786808.036700005177408, 825005.593900002073497 ], [ 2786808.053099994082004, 825032.453899994958192 ], [ 2786815.729100000113249, 825070.909300001803786 ], [ 2786822.807699999306351, 825091.750899999868125 ], [ 2786831.224900002591312, 825125.052700004773214 ], [ 2786838.687899997923523, 825159.200099998386577 ], [ 2786862.215700000524521, 825193.976700003491715 ], [ 2786909.354300001636147, 825227.203899994725361 ], [ 2786969.764899995643646, 825260.264300004346296 ], [ 2787009.661300007719547, 825304.290699997451156 ], [ 2787031.588699997402728, 825332.667899996275082 ], [ 2787051.207900003995746, 825363.68729999801144 ], [ 2787034.694700006395578, 825396.73949999990873 ], [ 2787052.404100003186613, 825476.488299996359274 ], [ 2787061.339100001845509, 825564.131700004218146 ], [ 2787072.435300001408905, 825616.476899997564033 ], [ 2787087.102899994235486, 825651.150600000983104 ], [ 2787143.106899996753782, 825729.834300000220537 ], [ 2787168.677100001368672, 825739.124100000131875 ], [ 2787188.196700003463775, 825740.030500000575557 ], [ 2787186.755999996326864, 825728.222199998563156 ] ] ] ] } },
{ "type": "Feature", "properties": { "CVEGEO": "09006", "CVE_ENT": "09", "CVE_MUN": "006", "NOMGEO": "Iztacalco" }, "geometry": { "type": "MultiPolygon", "coordinates": [ [ [ [ 2808278.336499992758036, 828072.213099999120459 ], [ 2808291.346100005786866, 828067.570300003746524 ], [ 2808286.542900003492832, 828047.615299997385591 ], [ 2808282.019899998325855, 828002.177300000330433 ], [ 2808270.870699999853969, 827890.167499998351559 ], [ 2808270.709799993317574, 827888.565700000151992 ], [ 2808262.293899996671826, 827804.022799994330853 ], [ 2808257.769100002478808, 827758.564800004707649 ], [ 2808256.799099993426353, 827748.817599999951199 ], [ 2808256.753600001335144, 827748.35900000249967 ], [ 2808245.279200004879385, 827633.093899994622916 ], [ 2808245.278199996333569, 827633.084899998037145 ], [ 2808245.277000003959984, 827633.072900002356619 ], [ 2808237.496200002264231, 827554.914000004762784 ], [ 2808234.03319999948144, 827504.55499999714084 ], [ 2808231.557800005190074, 827468.548199996352196 ], [ 2808225.293200001120567, 827377.447300001513213 ], [ 2808223.410399999003857, 827350.07050000410527 ], [ 2808218.332500006537884, 827276.21950000571087 ], [ 2808216.910099999513477, 827255.548899998422712 ], [ 2808215.214399996679276, 827234.524900001240894 ], [ 2808210.973200001753867, 827181.907600004691631 ], [ 2808207.843499999493361, 827143.110800003632903 ], [ 2808205.667099993210286, 827116.100999996531755 ], [ 2808203.001000004354864, 827083.052199997007847 ], [ 2808201.023200001567602, 827058.512800003867596 ], [ 2808195.769500004127622, 826993.359700005268678 ], [ 2808194.700999995693564, 826980.09640000294894 ], [ 2808181.949900003150105, 826821.978399998741224 ], [ 2808180.609000001568347, 826805.344499998958781 ], [ 2808175.172399996779859, 826737.923200002638623 ], [ 2808172.219200001098216, 826701.294699996942654 ], [ 2808171.089100000914186, 826686.78709999890998 ], [ 2808168.450900005176663, 826652.873199999565259 ], [ 2808161.762999997939914, 826566.9406999994535 ], [ 2808158.574100006837398, 826525.964200004003942 ], [ 2808156.062400000635535, 826493.692299999063835 ], [ 2808148.618300002068281, 826398.049899996491149 ], [ 2808145.907899995800108, 826363.204900003969669 ], [ 2808144.575500000268221, 826346.099700000835583 ], [ 2808142.495699999388307, 826319.37320000352338 ], [ 2808137.958199999295175, 826261.059299999382347 ], [ 2808134.077699998393655, 826211.196700000204146 ], [ 2808129.817500001285225, 826156.461000002687797 ], [ 2808128.734199999831617, 826142.534899996127933 ], [ 2808125.29299999633804, 826098.319500001147389 ], [ 2808121.129900004714727, 826044.827699996065348 ], [ 2808116.957599997054785, 825991.209800004959106 ], [ 2808111.453900002408773, 825920.497699998086318 ], [ 2808096.358400002587587, 825726.516999999294057 ], [ 2808095.307099998462945, 825713.011000003898516 ], [ 2808094.184600000735372, 825698.59160000202246 ], [ 2808094.132199998479337, 825698.59719999646768 ], [ 2808080.044099997729063, 825700.097800003131852 ], [ 2808080.043700003065169, 825700.092200000071898 ], [ 2808075.794599998742342, 825649.818899998208508 ], [ 2808072.762199995107949, 825613.85420000506565 ], [ 2808071.086800000630319, 825594.00829999987036 ], [ 2808059.229900002013892, 825465.23580000246875 ], [ 2808058.243300002533942, 825456.769200004870072 ], [ 2808057.55899999756366, 825450.895000003743917 ], [ 2808055.821000002790242, 825435.977700002724305 ], [ 2808055.120700003113598, 825429.967699999688193 ], [ 2808055.319999999832362, 825422.295499999076128 ], [ 2808054.825800001155585, 825415.337400000309572 ], [ 2808053.719300006516278, 825399.762100000400096 ], [ 2808052.033100000116974, 825376.024699998088181 ], [ 2808046.818099998869002, 825302.614800003124401 ], [ 2808037.441699998918921, 825189.19230000115931 ], [ 2808033.187600004952401, 825143.779600002337247 ], [ 2808023.778800004161894, 825075.900299995904788 ], [ 2808020.305200000293553, 825021.066500002285466 ], [ 2808019.889200001489371, 825014.498900002567098 ], [ 2808020.432899999432266, 824983.336999999824911 ], [ 2808010.081100006122142, 824928.69649999588728 ], [ 2808003.342499997932464, 824885.339200003072619 ], [ 2808000.596900003030896, 824872.2509999955073 ], [ 2807996.452799995429814, 824847.357500002253801 ], [ 2807985.662599999457598, 824765.29290000256151 ], [ 2807979.611599993426353, 824721.352399999275804 ], [ 2807977.193400006275624, 824695.458699997514486 ], [ 2807972.827099998481572, 824665.974600000539795 ], [ 2807969.458299998659641, 824646.2826000044588 ], [ 2807963.457900006324053, 824589.342099998611957 ], [ 2807957.0337999984622, 824542.759199999738485 ], [ 2807957.03310000570491, 824542.754099996294826 ], [ 2807952.947499994654208, 824513.128800004953519 ], [ 2807944.980300004594028, 824473.422600004589185 ], [ 2807940.885300002060831, 824437.583900001132861 ], [ 2807940.852799996268004, 824437.300000003539026 ], [ 2807938.487000002525747, 824416.595399999758229 ], [ 2807933.524099994450808, 824373.160500003490597 ], [ 2807933.379100003279746, 824371.890799995744601 ], [ 2807932.680100001394749, 824365.773799996357411 ], [ 2807927.8056, 824323.112699999241158 ], [ 2807923.007200003135949, 824289.129599996842444 ], [ 2807911.560200000181794, 824216.266399999149144 ], [ 2807907.878700006753206, 824185.296900000423193 ], [ 2807903.9746999964118, 824150.771200004732236 ], [ 2807895.018600000534207, 824086.817699998850003 ], [ 2807893.064400003291667, 824076.555399999488145 ], [ 2807887.796500000637025, 824038.535099998582155 ], [ 2807880.250100005418062, 823986.456700003705919 ], [ 2807868.255599998869002, 823885.484499999554828 ], [ 2807858.40999999968335, 823813.694099998334423 ], [ 2807858.34210000326857, 823813.197999997064471 ], [ 2807858.338999999221414, 823813.174999996554106 ], [ 2807855.680100000929087, 823793.787500004516914 ], [ 2807855.642700002063066, 823793.223100003087893 ], [ 2807855.446000000927597, 823790.268199997488409 ], [ 2807854.255400005262345, 823772.365400005597621 ], [ 2807851.380999996792525, 823752.241800002288073 ], [ 2807851.346700001973659, 823748.371799997752532 ], [ 2807851.228700000792742, 823735.060699996771291 ], [ 2807851.218399997800589, 823733.894499995512888 ], [ 2807850.845699999015778, 823691.86889999685809 ], [ 2807830.722499999217689, 823694.829399996902794 ], [ 2807779.602700005285442, 823702.350099999457598 ], [ 2807688.590699999127537, 823717.485300004016608 ], [ 2807598.568499993067235, 823731.716099998913705 ], [ 2807587.758500006049871, 823733.605000003706664 ], [ 2807555.343900006730109, 823739.269099996658042 ], [ 2807506.29299999633804, 823746.047100002877414 ], [ 2807414.688000002875924, 823762.23610000195913 ], [ 2807357.356200000271201, 823772.123000002000481 ], [ 2807357.151199995074421, 823772.158300005132332 ], [ 2807356.656400000210851, 823772.243599998764694 ], [ 2807326.600799999665469, 823777.426699999021366 ], [ 2807292.819399996194988, 823781.864599994849414 ], [ 2807292.57709999801591, 823781.896399999037385 ], [ 2807270.908299998845905, 823784.743099998217076 ], [ 2807251.381900000851601, 823794.26170000131242 ], [ 2807231.855700004380196, 823803.78029999579303 ], [ 2807139.616799999494106, 823852.180300001055002 ], [ 2806996.67149999551475, 823925.524299998767674 ], [ 2806941.358900001272559, 823953.975199999054894 ], [ 2806891.451700003817677, 823980.058200000785291 ], [ 2806839.072300003841519, 824006.490499997278675 ], [ 2806809.166599995922297, 824022.669599996414036 ], [ 2806788.438500000629574, 824033.842899999814108 ], [ 2806740.185900007374585, 824061.526799996616319 ], [ 2806702.28330000070855, 824081.157400002703071 ], [ 2806660.81369999377057, 824100.887499999022111 ], [ 2806618.671499996911734, 824123.281299999216571 ], [ 2806566.895799999590963, 824147.756100001744926 ], [ 2806516.597000007051975, 824175.011399999028072 ], [ 2806471.986400004010648, 824198.369700001552701 ], [ 2806450.644100001081824, 824208.860300004249439 ], [ 2806450.08380000339821, 824209.135699995793402 ], [ 2806427.628399993758649, 824220.173399999272078 ], [ 2806408.274800001643598, 824230.017400002339855 ], [ 2806408.031800001859665, 824230.140999997965991 ], [ 2806373.332500002346933, 824247.7901999973692 ], [ 2806261.995299999136478, 824308.71390000381507 ], [ 2806217.0855000060983, 824331.41110000316985 ], [ 2806170.469800003338605, 824354.287799998885021 ], [ 2806117.142299998551607, 824380.083700002869591 ], [ 2806054.565900000277907, 824413.243999997153878 ], [ 2806001.428400005679578, 824442.171999996993691 ], [ 2805953.087899996433407, 824465.66769999708049 ], [ 2805947.962800001725554, 824468.600499996682629 ], [ 2805894.825000000186265, 824495.7027000002563 ], [ 2805892.141600001603365, 824497.421100005507469 ], [ 2805833.500100005418062, 824527.703699994366616 ], [ 2805787.770499994978309, 824553.685199997853488 ], [ 2805779.733899999875575, 824557.912300001364201 ], [ 2805753.875699993688613, 824570.38129999442026 ], [ 2805730.540299995336682, 824582.590300002368167 ], [ 2805715.82989999325946, 824589.616099996026605 ], [ 2805682.3808, 824608.415700004203245 ], [ 2805675.924900005105883, 824611.31590000144206 ], [ 2805639.209299999289215, 824630.568000003928319 ], [ 2805624.59830000018701, 824636.83629999961704 ], [ 2805603.530099999625236, 824647.193899997975677 ], [ 2805575.736199998762459, 824662.288899997714907 ], [ 2805568.898899998050183, 824665.966299996478483 ], [ 2805530.821899998467416, 824686.912199998972937 ], [ 2805494.742700003087521, 824706.679900004761294 ], [ 2805487.496199999470264, 824709.878699995810166 ], [ 2805447.847399999387562, 824729.105900003807619 ], [ 2805440.897100004833192, 824734.11699999589473 ], [ 2805421.430200002621859, 824739.115899999625981 ], [ 2805401.96289999736473, 824744.114800003124401 ], [ 2805400.650599999818951, 824735.697500003501773 ], [ 2805390.363899996969849, 824669.703200000105426 ], [ 2805382.312600005418062, 824621.799499998101965 ], [ 2805375.239699997007847, 824578.378099996829405 ], [ 2805373.511299995705485, 824565.538599997526035 ], [ 2805367.935000004246831, 824529.564399999100715 ], [ 2805354.75800000410527, 824451.273100001970306 ], [ 2805349.665200004354119, 824401.150899994652718 ], [ 2805315.372699996456504, 824422.004100002814084 ], [ 2805160.740000003017485, 824466.593800001079217 ], [ 2805144.694199997466058, 824471.706199998734519 ], [ 2805140.3051, 824461.159899996593595 ], [ 2805131.132200004998595, 824461.608199999667704 ], [ 2805119.640100004617125, 824462.399299999698997 ], [ 2805109.491899995598942, 824464.34379999851808 ], [ 2805081.878600004594773, 824467.982500000856817 ], [ 2805043.49009999493137, 824473.220800000242889 ], [ 2805004.838100001215935, 824478.241899997694418 ], [ 2804964.647100002504885, 824482.940299995709211 ], [ 2804925.854000002145767, 824489.109800002537668 ], [ 2804919.745300006587058, 824490.081300002289936 ], [ 2804905.95520000346005, 824492.274399995571002 ], [ 2804886.294099999591708, 824458.411300002597272 ], [ 2804872.168700005393475, 824433.690400004852563 ], [ 2804852.833700003102422, 824399.81300000124611 ], [ 2804834.933199999853969, 824367.681400005007163 ], [ 2804817.227799992542714, 824337.736500001046807 ], [ 2804798.097400000318885, 824306.058100000722334 ], [ 2804762.664300004951656, 824245.514300000853837 ], [ 2804745.331299997866154, 824214.864899996900931 ], [ 2804736.264799994416535, 824199.220200001029298 ], [ 2804729.136599999386817, 824187.339800002286211 ], [ 2804709.893200004007667, 824155.266099997563288 ], [ 2804689.617100003175437, 824120.594700000248849 ], [ 2804666.521300002466887, 824081.129900003783405 ], [ 2804627.013499995227903, 824010.623699996387586 ], [ 2804592.891100001521409, 823951.352100003277883 ], [ 2804558.159900000784546, 823890.978500005090609 ], [ 2804550.13719999557361, 823875.615600001998246 ], [ 2804498.845700000412762, 823789.082500003278255 ], [ 2804496.561700001358986, 823785.229099998017773 ], [ 2804492.718800001312047, 823772.703599999193102 ], [ 2804491.502400007564574, 823768.739400000544265 ], [ 2804490.257600002922118, 823765.757899999152869 ], [ 2804486.175499999895692, 823755.981300001498312 ], [ 2804483.327200004830956, 823749.159399999072775 ], [ 2804466.484300001524389, 823722.816999999806285 ], [ 2804456.368600007146597, 823705.448699998669326 ], [ 2804427.112800004892051, 823655.205299998400733 ], [ 2804388.911399994045496, 823589.603599998867139 ], [ 2804344.16610000282526, 823512.765100001124665 ], [ 2804323.560999997891486, 823477.3828999993857 ], [ 2804307.802699994295835, 823450.32069999887608 ], [ 2804296.206700001377612, 823430.407500002067536 ], [ 2804290.628999998327345, 823420.829700000816956 ], [ 2804271.2841000049375, 823387.610499997856095 ], [ 2804252.118600002489984, 823354.6975 ], [ 2804223.213799996301532, 823305.062300000805408 ], [ 2804213.106700004078448, 823287.706300002522767 ], [ 2804204.143600001465529, 823291.443999995244667 ], [ 2804177.336000001989305, 823302.622700000181794 ], [ 2804144.382200003135949, 823303.338700004620478 ], [ 2804106.30910000577569, 823305.611600002273917 ], [ 2804068.855899997986853, 823308.107099995017052 ], [ 2804040.800499995239079, 823310.299100000876933 ], [ 2804006.545299998018891, 823313.302100003231317 ], [ 2803969.459899995941669, 823317.091300003696233 ], [ 2803933.059600006323308, 823321.199300001375377 ], [ 2803890.446099997032434, 823325.313900001812726 ], [ 2803846.795800004620105, 823329.57010000012815 ], [ 2803811.974699998274446, 823333.009600002551451 ], [ 2803807.174500003457069, 823333.484099997673184 ], [ 2803672.748499997425824, 823346.672499997075647 ], [ 2803641.53270000172779, 823347.289099998772144 ], [ 2803636.015099999494851, 823347.040500004542992 ], [ 2803624.90059999935329, 823346.539799999445677 ], [ 2803439.33690000185743, 823365.731699995696545 ], [ 2803402.366899996995926, 823371.913699998054653 ], [ 2803361.85549999633804, 823376.288800000678748 ], [ 2803308.296699997968972, 823382.963000002317131 ], [ 2803256.965699999593198, 823388.843299997737631 ], [ 2803219.888800003100187, 823393.376400004839525 ], [ 2803188.834300000220537, 823396.909499996341765 ], [ 2803161.116100000217557, 823400.122500001452863 ], [ 2803155.062799996696413, 823399.997000003000721 ], [ 2803132.684700001496822, 823401.916800000239164 ], [ 2803116.76879999646917, 823403.480200000107288 ], [ 2803094.643799994140863, 823404.588200003141537 ], [ 2803067.602300005499274, 823403.344800001708791 ], [ 2803048.038400003220886, 823403.858700003707781 ], [ 2803036.671899998094887, 823404.841600002720952 ], [ 2803028.78760000737384, 823405.477399999275804 ], [ 2803017.269599995110184, 823406.434099997393787 ], [ 2803000.240800003055483, 823407.910000002477318 ], [ 2802988.272699999623001, 823408.945899999933317 ], [ 2802983.273400001227856, 823409.401499998290092 ], [ 2802975.76860000519082, 823410.857600003713742 ], [ 2802950.829300004057586, 823412.702799996361136 ], [ 2802915.732600004412234, 823416.353700004750863 ], [ 2802861.471499998122454, 823422.49639999656938 ], [ 2802856.547199999447912, 823422.759199996478856 ], [ 2802837.178000007756054, 823425.201600003056228 ], [ 2802818.750500001944602, 823427.459900000831112 ], [ 2802792.024300002492964, 823430.109499995596707 ], [ 2802769.527000004891306, 823432.34099999605678 ], [ 2802767.883000002708286, 823432.57749999826774 ], [ 2802765.568800003733486, 823432.910399995511398 ], [ 2802665.7074000001885, 823443.459399998188019 ], [ 2802662.714499999303371, 823443.692799996351823 ], [ 2802658.137999995611608, 823444.322600003797561 ], [ 2802651.089900003280491, 823444.956699999049306 ], [ 2802647.904800000134856, 823445.169700001133606 ], [ 2802645.140600006096065, 823445.441900000907481 ], [ 2802634.021500002592802, 823446.588500004028901 ], [ 2802608.054300000891089, 823449.266399995656684 ], [ 2802588.354200002737343, 823453.793499996187165 ], [ 2802566.181800005026162, 823457.89099999750033 ], [ 2802542.384499994572252, 823461.927099999971688 ], [ 2802524.533499999437481, 823464.541800003964454 ], [ 2802500.434100005310029, 823467.81240000249818 ], [ 2802491.32890000520274, 823468.936199998017401 ], [ 2802474.155100004281849, 823471.214600002625957 ], [ 2802456.183200005441904, 823474.212200003210455 ], [ 2802433.288400002289563, 823477.301900002174079 ], [ 2802420.493600006215274, 823478.915500003146008 ], [ 2802408.726700001396239, 823480.122600001981482 ], [ 2802385.132300000172108, 823480.381799997761846 ], [ 2802379.188699994236231, 823480.383600004250184 ], [ 2802351.403399995528162, 823481.428400001954287 ], [ 2802331.828900000546128, 823482.73899999842979 ], [ 2802311.443699998781085, 823484.720000001601875 ], [ 2802295.16639999859035, 823487.018899998627603 ], [ 2802276.083300005178899, 823489.681900001130998 ], [ 2802243.741300002671778, 823494.019099996425211 ], [ 2802237.427199998870492, 823494.828199998708442 ], [ 2802208.546499997843057, 823499.552000000141561 ], [ 2802201.652900001965463, 823500.428999998839572 ], [ 2802176.888300000689924, 823502.713999997358769 ], [ 2802167.840799998957664, 823504.101899999193847 ], [ 2802148.971900000236928, 823505.959099996369332 ], [ 2802138.048100003041327, 823506.761599995661527 ], [ 2802119.368500004522502, 823507.808999997796491 ], [ 2802104.5921, 823510.186799996299669 ], [ 2802093.484500000718981, 823511.89659999939613 ], [ 2802074.278699997346848, 823513.68410000228323 ], [ 2802061.309299997519702, 823515.137900001369417 ], [ 2802042.641000001691282, 823516.141399998217821 ], [ 2802026.333700003102422, 823517.588699999731034 ], [ 2802005.809100004378706, 823518.486499998020008 ], [ 2801995.517800007015467, 823519.718099996680394 ], [ 2801979.540299992542714, 823521.231800003908575 ], [ 2801968.259400005452335, 823521.667400000849739 ], [ 2801950.695499999448657, 823522.353199996752664 ], [ 2801932.59610000345856, 823522.941000001970679 ], [ 2801911.950800002552569, 823523.217099995119497 ], [ 2801901.767700002994388, 823523.561199998715892 ], [ 2801896.364199999719858, 823523.793700002366677 ], [ 2801889.189399998635054, 823523.689199996413663 ], [ 2801884.851099998224527, 823523.885800000745803 ], [ 2801873.752899999264628, 823524.193699998315424 ], [ 2801857.123800004832447, 823524.714099997887388 ], [ 2801848.204700004309416, 823525.187300004065037 ], [ 2801821.267300000879914, 823526.541600003838539 ], [ 2801782.181499999016523, 823528.685199997620657 ], [ 2801752.917400001548231, 823529.661699995398521 ], [ 2801723.17900000186637, 823530.517099996795878 ], [ 2801679.161600005347282, 823532.419499996816739 ], [ 2801644.762199997436255, 823533.522700003348291 ], [ 2801616.058800000697374, 823534.5923999955412 ], [ 2801598.663500000722706, 823534.924300001934171 ], [ 2801567.446600000374019, 823535.844199997605756 ], [ 2801538.6119, 823537.303300001658499 ], [ 2801397.03379999473691, 823544.678399998927489 ], [ 2801396.493100004270673, 823535.823199996259063 ], [ 2801390.670900001656264, 823440.468699998455122 ], [ 2801390.514099998399615, 823419.937300004065037 ], [ 2801389.637000003363937, 823306.218300004024059 ], [ 2801389.630600002128631, 823305.394400000106543 ], [ 2801391.730400004424155, 823287.001499995822087 ], [ 2801391.800300000235438, 823280.047000000951812 ], [ 2801391.902400003746152, 823269.895899998256937 ], [ 2801393.063000001944602, 823154.437799998791888 ], [ 2801396.591200000140816, 823063.06209999951534 ], [ 2801397.145700001623482, 823048.703500000294298 ], [ 2801397.421800003387034, 823041.550799996126443 ], [ 2801398.116800006479025, 823023.551500004017726 ], [ 2801398.647600005846471, 823008.444400003179908 ], [ 2801399.233299997635186, 822991.774599995464087 ], [ 2801405.107700000982732, 822824.567700001178309 ], [ 2801405.949399996548891, 822800.611500000813976 ], [ 2801392.273199999704957, 822804.5833000021521 ], [ 2801339.057300003711134, 822814.42440000269562 ], [ 2801298.642700001597404, 822820.628699995111674 ], [ 2801253.755900000222027, 822828.162099994951859 ], [ 2801241.857100004795939, 822830.481500002322719 ], [ 2801208.905400001443923, 822835.921599997207522 ], [ 2801203.779200001619756, 822837.106400005752221 ], [ 2801190.809600000269711, 822840.103999997721985 ], [ 2801144.748399998992682, 822849.62239999929443 ], [ 2801118.560399999842048, 822853.629500003531575 ], [ 2801100.907899994403124, 822856.451900004409254 ], [ 2801083.714199997019023, 822858.777500002412125 ], [ 2801052.787600004114211, 822862.960600004298612 ], [ 2801044.290200002025813, 822864.276299995370209 ], [ 2801041.925399998668581, 822864.713199998950586 ], [ 2801023.743199998978525, 822868.072000002255663 ], [ 2801000.514200000558048, 822871.073100001784042 ], [ 2800994.761600004509091, 822872.199900005012751 ], [ 2800975.697199997492135, 822876.388399999821559 ], [ 2800971.952299996744841, 822877.211100002517924 ], [ 2800957.240900003816932, 822879.773599997162819 ], [ 2800911.046699997968972, 822886.535500003956258 ], [ 2800902.353699999861419, 822887.676199996843934 ], [ 2800889.281399998348206, 822889.489900000859052 ], [ 2800871.623500000685453, 822893.108499996364117 ], [ 2800849.680800000205636, 822897.022199995815754 ], [ 2800801.946000002324581, 822905.427299998002127 ], [ 2800793.077299995813519, 822906.977500000968575 ], [ 2800787.762500006239861, 822908.054600002709776 ], [ 2800715.067399996798486, 822919.92360000195913 ], [ 2800675.899800000246614, 822926.871000003069639 ], [ 2800669.500999998766929, 822928.672799999127164 ], [ 2800665.07030000211671, 822929.132799999555573 ], [ 2800652.501900006551296, 822932.307000003056601 ], [ 2800612.422200000844896, 822935.740999998757616 ], [ 2800600.177899998612702, 822936.65080000134185 ], [ 2800561.309199993964285, 822939.925899998284876 ], [ 2800532.701899994164705, 822942.121299997670576 ], [ 2800508.696500001009554, 822944.924399998504668 ], [ 2800473.799799999222159, 822947.900499998126179 ], [ 2800458.337899996899068, 822948.968999997945502 ], [ 2800410.3462, 822952.530099996598437 ], [ 2800364.031099999323487, 822956.765199997462332 ], [ 2800318.81880000140518, 822961.024700001580641 ], [ 2800271.349100000225008, 822965.271299998275936 ], [ 2800216.876400004141033, 822969.874800000805408 ], [ 2800185.287600003182888, 822972.789599998155609 ], [ 2800093.346899997908622, 822962.126800003228709 ], [ 2800052.317799998447299, 822950.899500001920387 ], [ 2800045.979300000239164, 822937.605099996784702 ], [ 2800050.108400003984571, 822961.847099997336045 ], [ 2800060.580199997872114, 823023.326499997638166 ], [ 2800092.584999997634441, 823168.240300000878051 ], [ 2800092.860200005117804, 823169.684699999867007 ], [ 2800095.344000000506639, 823182.720800003502518 ], [ 2800095.960500005632639, 823185.956099998904392 ], [ 2800120.318299997597933, 823313.796000003581867 ], [ 2800134.055100004188716, 823392.432000000728294 ], [ 2800145.0173, 823463.554099999601021 ], [ 2800145.606700000818819, 823467.378699999768287 ], [ 2800148.858400002587587, 823485.189400002127513 ], [ 2800149.703100006096065, 823489.816000001737848 ], [ 2800156.107099998276681, 823527.439900001976639 ], [ 2800167.605800001416355, 823599.879400002071634 ], [ 2800169.971900002565235, 823612.411300002131611 ], [ 2800171.179599997587502, 823618.807200000621378 ], [ 2800172.852700003422797, 823627.668699999339879 ], [ 2800193.845599997323006, 823744.749099998502061 ], [ 2800194.210900004021823, 823746.51069999858737 ], [ 2800194.531000007875264, 823748.055700001539662 ], [ 2800196.676299993414432, 823758.405999995302409 ], [ 2800198.265999999828637, 823766.075399998575449 ], [ 2800220.700999995693564, 823881.795700001530349 ], [ 2800221.119999993126839, 823883.956799997482449 ], [ 2800222.083899999037385, 823888.930900003062561 ], [ 2800223.274100000504404, 823894.292599996551871 ], [ 2800226.704099997412413, 823909.744700004113838 ], [ 2800238.456600003875792, 823966.313200004165992 ], [ 2800242.673900004010648, 823986.623199996072799 ], [ 2800261.190899995155632, 824079.405000000959262 ], [ 2800277.132600006181747, 824176.583600002573803 ], [ 2800279.766800003126264, 824192.195000003557652 ], [ 2800280.791199996136129, 824198.266700003528967 ], [ 2800292.684699995443225, 824269.499299997696653 ], [ 2800303.669100001920015, 824328.244899996789172 ], [ 2800304.041900006122887, 824330.604999999748543 ], [ 2800307.921499995049089, 824355.175100001040846 ], [ 2800311.617299999110401, 824376.094399999128655 ], [ 2800311.971100001130253, 824378.096999999834225 ], [ 2800337.467700000852346, 824480.600099997827783 ], [ 2800338.760600002016872, 824485.798099996056408 ], [ 2800341.488300000317395, 824499.291299997828901 ], [ 2800342.221100005786866, 824502.916600001510233 ], [ 2800365.988600002136081, 824632.240600001299754 ], [ 2800366.255400000605732, 824633.692600002745166 ], [ 2800366.639700000174344, 824635.482900002971292 ], [ 2800366.641000006813556, 824635.488600002601743 ], [ 2800366.901600005570799, 824636.703800003742799 ], [ 2800368.819399994798005, 824645.638999995077029 ], [ 2800370.315700004808605, 824652.610500001348555 ], [ 2800372.417499997653067, 824667.10729999630712 ], [ 2800386.032699998933822, 824743.972699996549636 ], [ 2800387.219900001771748, 824750.675599998328835 ], [ 2800389.383000005502254, 824764.204300004756078 ], [ 2800392.012999993748963, 824779.516900001326576 ], [ 2800392.895800006110221, 824784.65709999599494 ], [ 2800404.306199999060482, 824851.091100000077859 ], [ 2800404.776500002946705, 824853.828899999847636 ], [ 2800405.62459999974817, 824858.767299999017268 ], [ 2800408.674199999310076, 824876.41290000337176 ], [ 2800425.472399999387562, 824972.786600002786145 ], [ 2800429.802500000689179, 824994.18929999647662 ], [ 2800443.287100000306964, 825052.999100000364706 ], [ 2800456.175399997737259, 825082.482100001070648 ], [ 2800469.272900000214577, 825103.5656999994535 ], [ 2800474.269900001119822, 825203.984400001820177 ], [ 2800473.948799998033792, 825349.310100000118837 ], [ 2800413.226000001188368, 825348.754399997415021 ], [ 2800377.44749999511987, 825348.429600002476946 ], [ 2800316.434500005561858, 825349.760799996787682 ], [ 2800263.768200000282377, 825351.582499997923151 ], [ 2800211.089800002984703, 825351.698499999940395 ], [ 2800148.957400002051145, 825351.696500000543892 ], [ 2800078.865400004200637, 825354.220500000519678 ], [ 2800020.87749999621883, 825355.460900003090501 ], [ 2799960.411799999885261, 825356.405999999959022 ], [ 2799910.800800002645701, 825358.25349999894388 ], [ 2799820.001799998339266, 825363.3990999951493 ], [ 2799831.63569999858737, 825435.882700002053753 ], [ 2799847.179700002539903, 825554.387299996800721 ], [ 2799853.199100005906075, 825600.500199998728931 ], [ 2799855.406500000972301, 825624.252599995583296 ], [ 2799874.314400003291667, 825763.192800003802404 ], [ 2799889.576700002420694, 825763.368399998173118 ], [ 2799909.545900005381554, 825767.253599999006838 ], [ 2799931.504699996206909, 825775.265599997714162 ], [ 2799948.564599999692291, 825791.483999998541549 ], [ 2799961.195600004401058, 825807.442800000309944 ], [ 2799965.004700000863522, 825810.633499997667968 ], [ 2799970.516299996525049, 825815.250199997331947 ], [ 2799972.554700000211596, 825816.957700002938509 ], [ 2799986.773499999195337, 825822.882700001588091 ], [ 2799995.23990000365302, 825826.41060000192374 ], [ 2800022.329800004605204, 825825.539699997520074 ], [ 2800068.848700000438839, 825823.499399999855086 ], [ 2800112.999300003051758, 825821.765200002118945 ], [ 2800152.947800001595169, 825819.648399997036904 ], [ 2800153.449199999216944, 825819.621800001477823 ], [ 2800157.254100004676729, 825819.420199998887256 ], [ 2800163.150099996477365, 825819.107800003141165 ], [ 2800165.193699999712408, 825818.999500000150874 ], [ 2800171.239100002218038, 825818.803000001003966 ], [ 2800174.500500002410263, 825818.697000004118308 ], [ 2800174.74440000532195, 825818.689100003568456 ], [ 2800223.763899997342378, 825817.095699996920303 ], [ 2800258.267300002742559, 825815.178899998543784 ], [ 2800276.834800001699477, 825814.711100002750754 ], [ 2800301.616899996530265, 825813.63899999903515 ], [ 2800334.731600002385676, 825811.131599998334423 ], [ 2800356.51309999730438, 825809.974200000986457 ], [ 2800393.861599997151643, 825808.163199997739866 ], [ 2800406.550399996805936, 825807.692799997515976 ], [ 2800446.276699995156378, 825806.77749999682419 ], [ 2800452.769500005990267, 825807.190000005532056 ], [ 2800473.762599993497133, 825808.216099999612197 ], [ 2800501.801099998876452, 825810.887899996945634 ], [ 2800507.972900002729148, 825811.680499996524304 ], [ 2800530.777000002097338, 825815.293100002920255 ], [ 2800559.125500001013279, 825820.573399996152148 ], [ 2800584.987400006968528, 825827.043800002895296 ], [ 2800614.840300000738353, 825836.198399997316301 ], [ 2800659.951300001703203, 825851.895600000629202 ], [ 2800660.818100002594292, 825852.197299998486415 ], [ 2800665.764200000558048, 825853.918400004506111 ], [ 2800679.232600003946573, 825858.604999999981374 ], [ 2800684.4668, 825860.426299997838214 ], [ 2800697.34389999974519, 825864.482900001574308 ], [ 2800701.624599997885525, 825865.831399996532127 ], [ 2800701.94400000013411, 825865.932100005913526 ], [ 2800738.610699993558228, 825877.48309999727644 ], [ 2800756.457199999131262, 825883.516199997160584 ], [ 2800779.461099994368851, 825891.571300003211945 ], [ 2800803.121200000401586, 825899.284100002842024 ], [ 2800821.781999998725951, 825905.301499997964129 ], [ 2800868.764399993699044, 825921.739500003634021 ], [ 2800930.100399998482317, 825935.866399997379631 ], [ 2800937.555200003553182, 825937.305299998261034 ], [ 2800984.253200001548976, 825947.65160000231117 ], [ 2800985.980200000107288, 825948.034200000809506 ], [ 2800993.110600004903972, 825949.613999998196959 ], [ 2801006.98170000500977, 825952.687199994456023 ], [ 2801011.087599998340011, 825953.59690000070259 ], [ 2801011.185900004580617, 825953.618699999758974 ], [ 2801011.274300002492964, 825953.635200002696365 ], [ 2801014.022599998861551, 825954.14689999492839 ], [ 2801020.593600000720471, 825955.49480000231415 ], [ 2801024.80679999710992, 825956.358999998774379 ], [ 2801195.047300005331635, 825991.279499999247491 ], [ 2801215.814400004222989, 825995.980000001844019 ], [ 2801264.000100000761449, 826006.886499998159707 ], [ 2801367.625500003807247, 826029.079500002553686 ], [ 2801426.204300003126264, 826039.406100003048778 ], [ 2801437.137900003697723, 826041.399600001983345 ], [ 2801438.207, 826041.594500005012378 ], [ 2801438.258400002028793, 826041.605700002750382 ], [ 2801438.296899997163564, 826041.614100003382191 ], [ 2801489.095600005239248, 826052.667899997206405 ], [ 2801499.293300005141646, 826054.226100005907938 ], [ 2801560.638499999884516, 826065.753700002329424 ], [ 2801590.446400000713766, 826071.354500002460554 ], [ 2801640.591599999461323, 826081.417699998244643 ], [ 2801729.879900004249066, 826099.001899994676933 ], [ 2801806.1023, 826101.590999993961304 ], [ 2801896.312900002580136, 826104.655299998586997 ], [ 2801896.365500006359071, 826104.656500000040978 ], [ 2801946.974300000816584, 826106.008099999045953 ], [ 2801947.026900004595518, 826106.009399996837601 ], [ 2801984.18630000622943, 826107.001699996180832 ], [ 2801984.2389000011608, 826107.003000002587214 ], [ 2802071.026500004343688, 826109.323100002715364 ], [ 2802121.670400000177324, 826111.489100000355393 ], [ 2802172.676400002092123, 826118.692600001813844 ], [ 2802173.449, 826118.801700002746657 ], [ 2802187.418700004927814, 826122.440000001806766 ], [ 2802189.559099997859448, 826122.997500001918525 ], [ 2802248.435500000603497, 826138.335700003430247 ], [ 2802271.13830000301823, 826142.240300000878051 ], [ 2802278.492600000929087, 826145.645100005203858 ], [ 2802286.659499999601394, 826148.598500002641231 ], [ 2802286.975499999709427, 826148.712899999693036 ], [ 2802316.788300001993775, 826157.437299998942763 ], [ 2802354.036199998110533, 826166.015500005101785 ], [ 2802421.67920000385493, 826181.589299996849149 ], [ 2802634.020800000987947, 826230.498300002189353 ], [ 2802921.947900001425296, 826299.68610000051558 ], [ 2803059.030900003854185, 826332.480700002517551 ], [ 2803107.919699997175485, 826344.179500000318512 ], [ 2803192.836699995677918, 826365.106499997200444 ], [ 2803324.358099994249642, 826397.33949999534525 ], [ 2803398.025599997490644, 826414.898700000951067 ], [ 2803493.728299994021654, 826437.872500002151355 ], [ 2803579.345499995630234, 826457.846500001614913 ], [ 2803725.787100006360561, 826491.941300000296906 ], [ 2803780.690400001127273, 826503.538199996110052 ], [ 2803806.230899997521192, 826508.932900004088879 ], [ 2803888.939000001642853, 826518.392599998740479 ], [ 2803892.706100004725158, 826518.823500004364178 ], [ 2803896.229800004512072, 826542.431900000665337 ], [ 2803903.153300002217293, 826543.057299997424707 ], [ 2803904.247500002849847, 826543.15610000374727 ], [ 2803910.909100004006177, 826543.619300004793331 ], [ 2803922.769500000867993, 826544.443900001468137 ], [ 2803949.181299996096641, 826546.28009999752976 ], [ 2803982.380099994130433, 826547.657699995907024 ], [ 2803985.552500000223517, 826547.641700001666322 ], [ 2803993.803700001910329, 826547.600299995625392 ], [ 2803993.913500004447997, 826547.599699999438599 ], [ 2803999.666500004008412, 826547.570900002727285 ], [ 2803999.776299997698516, 826547.570299997692928 ], [ 2804002.692100003361702, 826547.555500004906207 ], [ 2804007.588200001977384, 826547.498599995626137 ], [ 2804065.366099997889251, 826546.827300003031269 ], [ 2804097.328100006096065, 826544.101700000697747 ], [ 2804141.069199998863041, 826538.891300003277138 ], [ 2804153.000299998559058, 826537.4349 ], [ 2804197.374300003051758, 826532.013499999884516 ], [ 2804240.765500004403293, 826526.71330000157468 ], [ 2804286.050899998750538, 826521.183500002138317 ], [ 2804330.057299999054521, 826515.810100002447143 ], [ 2804372.723899994045496, 826510.597300002351403 ], [ 2804412.736900004558265, 826505.712900001322851 ], [ 2804419.600500002503395, 826504.875099998898804 ], [ 2804422.5737, 826504.474800005089492 ], [ 2804423.727300000376999, 826504.31950000138022 ], [ 2804461.547799996566027, 826499.24309999961406 ], [ 2804468.6233, 826498.293399998918176 ], [ 2804495.027900005225092, 826494.749300002818927 ], [ 2804526.765000003390014, 826490.488500000908971 ], [ 2804567.811700001824647, 826484.977899996330962 ], [ 2804572.885900002438575, 826484.298099998151883 ], [ 2804629.948200006503612, 826476.63890000176616 ], [ 2804690.787899999413639, 826468.471899997675791 ], [ 2804701.507499998435378, 826467.03290000022389 ], [ 2804708.177400003187358, 826466.137499995762482 ], [ 2804713.015100001823157, 826465.488099999027327 ], [ 2804717.067000005859882, 826464.94429999566637 ], [ 2804789.951300001237541, 826455.162499997997656 ], [ 2804856.151699996553361, 826446.276700001209974 ], [ 2804923.537299995310605, 826437.23090000054799 ], [ 2805007.267300002276897, 826426.263899999903515 ], [ 2805068.651299998164177, 826418.371900001773611 ], [ 2805120.419299996457994, 826411.715500000631437 ], [ 2805175.647200002335012, 826404.614999997196719 ], [ 2805178.471100002527237, 826404.251900000264868 ], [ 2805187.277400001883507, 826403.119699995499104 ], [ 2805188.33770000282675, 826402.983400002587587 ], [ 2805237.559600003995001, 826396.655100002419204 ], [ 2805296.117999998386949, 826389.315900004468858 ], [ 2805357.903700000140816, 826381.573500001104549 ], [ 2805400.157300004269928, 826376.085399997187778 ], [ 2805408.958700002171099, 826374.942300001624972 ], [ 2805410.943400005809963, 826374.684500000206754 ], [ 2805469.739300002343953, 826367.050500005017966 ], [ 2805527.898200001101941, 826359.497700000181794 ], [ 2805587.418700003996491, 826352.403500001179054 ], [ 2805625.765500001143664, 826347.833000004058704 ], [ 2805642.468900002073497, 826345.842199997510761 ], [ 2805655.737899994943291, 826344.260699998820201 ], [ 2805679.062799997162074, 826341.438999999547377 ], [ 2805698.431900001596659, 826339.095899999141693 ], [ 2805703.356999998446554, 826338.500100005650893 ], [ 2805766.796900000423193, 826331.690499996999279 ], [ 2805800.139600002672523, 826330.815100002801046 ], [ 2805812.574899997096509, 826330.956700000911951 ], [ 2805819.278700002003461, 826330.914500005543232 ], [ 2805847.156999993603677, 826335.105499999364838 ], [ 2805887.313699997961521, 826346.976699999766424 ], [ 2805897.196800000965595, 826351.356699995463714 ], [ 2805945.13520000083372, 826347.152100001228973 ], [ 2805974.431500006001443, 826354.166499995626509 ], [ 2805986.7525, 826359.28310000221245 ], [ 2805989.845200006850064, 826360.567299995804206 ], [ 2806001.63370000012219, 826365.462700001895428 ], [ 2806045.113700002897531, 826426.031099998159334 ], [ 2806091.618499998468906, 826508.334499997552484 ], [ 2806088.059300002176315, 826510.219700002111495 ], [ 2806068.251299995463341, 826520.549500003457069 ], [ 2806068.655900003854185, 826521.127999996067956 ], [ 2806076.941200007218868, 826532.976000002818182 ], [ 2806078.729499999433756, 826535.533299997681752 ], [ 2806088.281099999323487, 826549.192099997540936 ], [ 2806099.231599997263402, 826568.006700000260025 ], [ 2806105.413000003434718, 826578.755700000794604 ], [ 2806106.409199995920062, 826580.488000004552305 ], [ 2806107.814900007098913, 826582.932600003201514 ], [ 2806108.6354, 826584.359400003449991 ], [ 2806109.985299997963011, 826586.706700003938749 ], [ 2806113.226300002075732, 826592.021699995035306 ], [ 2806118.619799999520183, 826600.867299996083602 ], [ 2806126.59650000417605, 826613.948999997228384 ], [ 2806129.36330000218004, 826618.486699999077246 ], [ 2806132.000999997835606, 826622.812500003958121 ], [ 2806137.828100002370775, 826632.132899998221546 ], [ 2806166.407899994403124, 826677.844900001306087 ], [ 2806168.355499997735023, 826680.749099997105077 ], [ 2806189.666500004939735, 826712.528699997579679 ], [ 2806211.705700005404651, 826748.534499998670071 ], [ 2806237.54209999460727, 826793.421099998289719 ], [ 2806256.289899996481836, 826825.9949000030756 ], [ 2806273.284499999601394, 826856.127300000749528 ], [ 2806292.231500001624227, 826889.193100003059953 ], [ 2806302.271199997048825, 826906.035100003238767 ], [ 2806327.214500005822629, 826947.878699997439981 ], [ 2806359.435099996160716, 827002.846899998607114 ], [ 2806402.064099999610335, 827073.740899995900691 ], [ 2806426.428099999669939, 827114.965300001902506 ], [ 2806453.226099997293204, 827161.225299999816343 ], [ 2806456.569399997591972, 827165.093999997945502 ], [ 2806464.052700001746416, 827173.753499999409541 ], [ 2806465.458899994846433, 827176.154599996516481 ], [ 2806472.506499996874481, 827188.188500001095235 ], [ 2806477.085999999195337, 827197.067699995124713 ], [ 2806479.042800000868738, 827200.501299995929003 ], [ 2806481.689800000283867, 827205.172500002197921 ], [ 2806485.00800000410527, 827211.028099996270612 ], [ 2806490.0840999991633, 827219.970800002338365 ], [ 2806579.439800000283867, 827377.3886999997776 ], [ 2806584.762400002684444, 827386.884399999165908 ], [ 2806608.265500003937632, 827428.813699999358505 ], [ 2806608.291199996136129, 827428.859499998623505 ], [ 2806661.477699999231845, 827523.743599996203557 ], [ 2806663.789700005669147, 827527.868099996587262 ], [ 2806666.05170000391081, 827532.006100000813603 ], [ 2806673.160800001118332, 827545.010100002167746 ], [ 2806737.815899995621294, 827654.091999997617677 ], [ 2806746.187200002837926, 827668.215300004929304 ], [ 2806777.221500002779067, 827721.267699998570606 ], [ 2806816.662699993699789, 827787.117099998285994 ], [ 2806833.105300002731383, 827807.355899996589869 ], [ 2806860.325800005812198, 827829.793100002221763 ], [ 2806881.290600004605949, 827843.749699997715652 ], [ 2806909.401100001763552, 827860.75610000314191 ], [ 2806938.213099999818951, 827873.638900002697483 ], [ 2806969.54070000583306, 827885.132700004149228 ], [ 2806991.046800000593066, 827890.39350000442937 ], [ 2807020.623399998992682, 827893.830900002270937 ], [ 2807028.373099997639656, 827894.086500002769753 ], [ 2807253.269900002516806, 827900.355900003341958 ], [ 2807352.093400000594556, 827903.112699996447191 ], [ 2807468.209200000856072, 827904.000499998219311 ], [ 2807679.240799997933209, 827910.145899999653921 ], [ 2807867.708499998319894, 827915.633899998385459 ], [ 2808070.590499997604638, 827924.558699998771772 ], [ 2808076.838599998503923, 827926.85409999708645 ], [ 2808088.260600001551211, 827931.501100001623854 ], [ 2808106.56740000564605, 827939.196100000990555 ], [ 2808124.281400005798787, 827946.288300000596792 ], [ 2808139.008500003721565, 827952.947299997089431 ], [ 2808153.202600001357496, 827959.299500000895932 ], [ 2808163.558600003365427, 827965.770500004058704 ], [ 2808174.22459999890998, 827972.745900003705174 ], [ 2808184.319599999114871, 827979.126500000944361 ], [ 2808196.200800004415214, 827988.647300004959106 ], [ 2808211.826300005428493, 828002.307299997191876 ], [ 2808229.342299998737872, 828019.184700005454943 ], [ 2808239.763800003565848, 828032.716100003803149 ], [ 2808247.764200001489371, 828045.665500002214685 ], [ 2808254.476099999621511, 828060.037099996814504 ], [ 2808256.398700003046542, 828063.511900002136827 ], [ 2808264.036100000143051, 828077.316499999957159 ], [ 2808278.336499992758036, 828072.213099999120459 ] ] ] ] } },
{ "type": "Feature", "properties": { "CVEGEO": "09011", "CVE_ENT": "09", "CVE_MUN": "011", "NOMGEO": "Tláhuac" }, "geometry": { "type": "MultiPolygon", "coordinates": [ [ [ [ 2814209.478100003674626, 817700.906800003256649 ], [ 2814564.195100006181747, 817691.069900002796203 ], [ 2815091.83869999833405, 817676.440199999837205 ], [ 2815463.846899997442961, 817666.128300004405901 ], [ 2815763.632000001147389, 817657.81559999845922 ], [ 2816355.354799999389797, 817641.471100002992898 ], [ 2816462.788299999665469, 817638.443500004243106 ], [ 2816495.122299996204674, 817600.19889999856241 ], [ 2816441.960500003304332, 817536.675700001884252 ], [ 2816421.0176, 817511.650899996515363 ], [ 2816388.79860000545159, 817473.152300003683195 ], [ 2816425.815900000743568, 817422.417899996740744 ], [ 2816433.241999996826053, 817417.794499997748062 ], [ 2816484.479300001170486, 817405.967599997296929 ], [ 2816523.258899997919798, 817399.280800003791228 ], [ 2816541.166199997067451, 817398.220300001092255 ], [ 2816566.454499994870275, 817396.722700002137572 ], [ 2816579.31959999864921, 817395.960600000340492 ], [ 2816605.019800000358373, 817394.43820000323467 ], [ 2816605.020099998451769, 817394.442099996609613 ], [ 2816606.243299996480346, 817410.317200000397861 ], [ 2816607.929399997927248, 817432.199900004547089 ], [ 2816610.19420000212267, 817461.59349999926053 ], [ 2816611.049699999857694, 817472.69619999662973 ], [ 2816627.401400003116578, 817476.511000001803041 ], [ 2816634.732299997005612, 817524.27809999557212 ], [ 2816634.928900001570582, 817525.55879999930039 ], [ 2816634.930299995932728, 817525.567800004733726 ], [ 2816639.12349999928847, 817552.89040000224486 ], [ 2816668.198100003879517, 817548.435300002107397 ], [ 2816656.409500005654991, 817515.854899994563311 ], [ 2816714.737700002733618, 817492.377300001913682 ], [ 2816722.60859999479726, 817536.42969999439083 ], [ 2816723.783300001639873, 817543.004099998623133 ], [ 2816723.845600003842264, 817542.982900004601106 ], [ 2816724.274299999698997, 817542.837200002744794 ], [ 2816771.877899999730289, 817526.660199999343604 ], [ 2816808.965300000738353, 817514.126300000119954 ], [ 2816818.328100000973791, 817437.931700001237914 ], [ 2816848.442300003487617, 817443.039500004146248 ], [ 2816840.214299994986504, 817513.772699999855831 ], [ 2816849.59749999968335, 817514.216399999102578 ], [ 2816853.148300004191697, 817514.384399999631569 ], [ 2816875.402699998579919, 817515.436700003687292 ], [ 2816940.070700000505894, 817593.729000000283122 ], [ 2817004.399200002662838, 817597.707200002623722 ], [ 2817374.3405, 817579.503300000214949 ], [ 2817415.896999996621162, 817552.856500002322719 ], [ 2817458.359999998472631, 817525.627200004411861 ], [ 2817513.853799999225885, 817518.645799997961149 ], [ 2817572.445900001097471, 817511.27519999910146 ], [ 2817599.878599999006838, 817509.08799999835901 ], [ 2817608.864799998234957, 817508.372699995525181 ], [ 2817608.867999998852611, 817508.377900004154071 ], [ 2817643.602300003170967, 817563.208900000667199 ], [ 2817674.343999998643994, 817611.738999999128282 ], [ 2817678.338300000410527, 817618.045099996961653 ], [ 2817678.404399998951703, 817618.044700002297759 ], [ 2817879.968699999153614, 817616.702599999727681 ], [ 2817889.700000006239861, 817616.389599998714402 ], [ 2817897.40100000333041, 817616.141600000672042 ], [ 2817901.379199996590614, 817616.01369999954477 ], [ 2817922.218599993735552, 817615.342800001846626 ], [ 2817926.283099998254329, 817615.211900001624599 ], [ 2817936.053699998185039, 817614.897300004959106 ], [ 2817949.030700000468642, 817614.479400003328919 ], [ 2818056.825000000186265, 817611.0085 ], [ 2818060.783299997448921, 817610.88100000214763 ], [ 2818063.386499996762723, 817610.797199999215081 ], [ 2818117.921199996490031, 817609.041200002422556 ], [ 2818122.027300000190735, 817608.909000004408881 ], [ 2818127.860499998554587, 817608.721200003987178 ], [ 2818185.996300000697374, 817606.849199996329844 ], [ 2818190.195000002160668, 817606.713999999687076 ], [ 2818192.531299998052418, 817606.638700002338737 ], [ 2818240.145799997728318, 817605.105700003914535 ], [ 2818244.302500005811453, 817604.971799995983019 ], [ 2818248.118300002068281, 817604.848900001961738 ], [ 2818297.402300003450364, 817603.262000001734123 ], [ 2818300.06370000122115, 817603.176300004823133 ], [ 2818307.773900005500764, 817602.927999999839813 ], [ 2818313.836999994236976, 817602.732799998484552 ], [ 2818356.327299993485212, 817601.364599999971688 ], [ 2818359.58159999968484, 817601.259799995692447 ], [ 2818362.178099999669939, 817601.176299999700859 ], [ 2818405.734899999573827, 817599.773700001416728 ], [ 2818408.999099996872246, 817599.668599999044091 ], [ 2818409.161300001200289, 817599.663399999029934 ], [ 2818411.438300002831966, 817599.590100001078099 ], [ 2818421.008900004904717, 817599.281899996567518 ], [ 2818438.320499998051673, 817598.724399996455759 ], [ 2818443.901600003708154, 817598.544799994677305 ], [ 2818444.660699997562915, 817598.520100001944229 ], [ 2818448.539199999067932, 817598.393499998375773 ], [ 2818451.266000003088266, 817598.304300002753735 ], [ 2818454.432599995285273, 817598.200800004880875 ], [ 2818499.177100006025285, 817596.737399995326996 ], [ 2818509.045100000686944, 817588.348299995996058 ], [ 2818652.952299993950874, 817466.0085 ], [ 2818722.2349, 817407.104099998716265 ], [ 2818735.267499996349216, 817396.023700000252575 ], [ 2818770.914999996777624, 817365.716299995779991 ], [ 2818658.992700007278472, 817212.23829999868758 ], [ 2818643.318100000731647, 817189.887299998663366 ], [ 2818631.527199996169657, 817173.074499998707324 ], [ 2818627.170700000599027, 817166.862499998649582 ], [ 2818469.853100000414997, 816942.540899998275563 ], [ 2818442.315500001423061, 816903.277500002877787 ], [ 2818415.041100006084889, 816864.386100004427135 ], [ 2818366.507700001355261, 816795.180900000268593 ], [ 2818296.714100004639477, 816695.661100001074374 ], [ 2818255.6327, 816637.083500002976507 ], [ 2818253.300700000487268, 816624.688700002385303 ], [ 2818253.282699998468161, 816624.592900003772229 ], [ 2818253.264599999412894, 816624.496999999741092 ], [ 2818253.2547, 816624.444299999624491 ], [ 2818253.228499998804182, 816624.305299997096881 ], [ 2818220.255300003103912, 816449.166900001466274 ], [ 2818213.714500000700355, 816390.890099997865036 ], [ 2818211.299199998378754, 816369.372499998658895 ], [ 2818210.804300006944686, 816364.960900000296533 ], [ 2818207.394500004593283, 816334.581300002522767 ], [ 2818201.280899998731911, 816280.112700001336634 ], [ 2818188.212800006382167, 816163.691700004274026 ], [ 2818188.20019999705255, 816163.579299997538328 ], [ 2818184.458699998445809, 816130.247399998363107 ], [ 2818184.444899996276945, 816130.124100000830367 ], [ 2818184.440099999774247, 816130.081300000660121 ], [ 2818184.430900001432747, 816130.000699998112395 ], [ 2818184.40309999557212, 816129.753900001291186 ], [ 2818171.56390000320971, 816015.360899999272078 ], [ 2818171.385500003118068, 816013.770900003844872 ], [ 2818171.379500004928559, 816013.717300000367686 ], [ 2818171.374600003473461, 816013.673900003777817 ], [ 2818171.372799997217953, 816013.657199999317527 ], [ 2818171.37169999210164, 816013.647900004405528 ], [ 2818171.368500000331551, 816013.619500002358109 ], [ 2818171.344299998600036, 816013.402700003702193 ], [ 2818171.311300001572818, 816013.110099998768419 ], [ 2818170.325500000268221, 816004.328099997714162 ], [ 2818169.900499995797873, 816000.541900004958734 ], [ 2818169.148500004317611, 815993.84389999625273 ], [ 2818169.0729, 815993.170099996030331 ], [ 2818168.130500004161149, 815984.776700000045821 ], [ 2818167.867700004484504, 815982.436099998652935 ], [ 2818166.732900003902614, 815972.326900001848117 ], [ 2818165.411100001074374, 815960.552900003269315 ], [ 2818164.562700006179512, 815952.996099999872968 ], [ 2818157.283699996769428, 815897.474700003862381 ], [ 2818157.232899999246001, 815897.087099998258054 ], [ 2818157.2215, 815897.000100003555417 ], [ 2818157.206500005442649, 815896.885699997423217 ], [ 2818157.154699999373406, 815896.490499998209998 ], [ 2818141.362899998668581, 815776.044299998087808 ], [ 2818141.354500007349998, 815775.980100002139807 ], [ 2818141.35109999589622, 815775.954499997198582 ], [ 2818141.339500003959984, 815775.864899998065084 ], [ 2818140.103000003378838, 815766.433899994706735 ], [ 2818137.138199998065829, 815743.820900001795962 ], [ 2818135.478400003165007, 815731.161899998784065 ], [ 2818131.002100000157952, 815697.021099999081343 ], [ 2818130.995300004258752, 815696.969100000336766 ], [ 2818130.084099998697639, 815690.019100003642961 ], [ 2818129.92310000397265, 815688.791300001787022 ], [ 2818129.49730000179261, 815685.543300000485033 ], [ 2818129.173699999693781, 815683.074299998115748 ], [ 2818128.713900000788271, 815679.567899998975918 ], [ 2818128.6982999923639, 815679.448100000154227 ], [ 2818128.418099995236844, 815677.311700005782768 ], [ 2818128.017700005322695, 815674.257700004382059 ], [ 2818127.627300002146512, 815671.279099996667355 ], [ 2818127.365699995309114, 815669.283700003987178 ], [ 2818127.329899992328137, 815669.011100000701845 ], [ 2818127.221299999859184, 815668.182300003943965 ], [ 2818127.216300001833588, 815668.143700003856793 ], [ 2818127.086099994368851, 815667.151500001084059 ], [ 2818127.069499995093793, 815667.02450000308454 ], [ 2818126.895899999886751, 815665.700900002615526 ], [ 2818126.771900000981987, 815664.754499999107793 ], [ 2818126.749100002460182, 815664.580700002145022 ], [ 2818126.686300000175834, 815664.102499997941777 ], [ 2818126.655500004533678, 815663.86710000038147 ], [ 2818126.609499994665384, 815663.516700000735 ], [ 2818124.904299995396286, 815658.206099994014949 ], [ 2818113.58270000340417, 815622.968699999619275 ], [ 2818088.965899999719113, 815546.351900002453476 ], [ 2818077.502499999478459, 815535.113799997838214 ], [ 2818056.715300003066659, 815514.73510000272654 ], [ 2818026.246099996846169, 815484.865100001450628 ], [ 2818021.933100003283471, 815482.848199998727068 ], [ 2818002.084600002504885, 815473.566299999598414 ], [ 2817964.008699998725206, 815455.760700000450015 ], [ 2817960.085699995979667, 815453.926199996843934 ], [ 2817933.895900008268654, 815441.678899995749816 ], [ 2817916.99370000185445, 815441.459700003033504 ], [ 2817896.842800001613796, 815441.198399994056672 ], [ 2817884.2909, 815441.035699998494238 ], [ 2817884.28470000019297, 815441.03560000192374 ], [ 2817881.070500002708286, 815440.990100000984967 ], [ 2817876.822099999524653, 815440.930299998028204 ], [ 2817871.148100006394088, 815440.850099998759106 ], [ 2817867.652700003236532, 815440.800899997353554 ], [ 2817865.954299999866635, 815440.776899997377768 ], [ 2817852.375900000799447, 815440.585299999918789 ], [ 2817843.715300003066659, 815440.463099998421967 ], [ 2817839.871699992567301, 815440.408899998757988 ], [ 2817838.825500000733882, 815440.394000000553206 ], [ 2817838.126100004184991, 815440.38410000060685 ], [ 2817836.291699997149408, 815440.358300002990291 ], [ 2817835.770499999634922, 815440.350900002056733 ], [ 2817835.347099999897182, 815440.344900004332885 ], [ 2817835.066900003235787, 815440.340899996925145 ], [ 2817834.888700004201382, 815440.33830000134185 ], [ 2817834.78989999787882, 815440.33689999836497 ], [ 2817834.754299996886402, 815440.336500003933907 ], [ 2817834.663699998054653, 815440.335100000724196 ], [ 2817834.650500000920147, 815440.334899999201298 ], [ 2817834.597499993629754, 815440.334300002781674 ], [ 2817834.594700005371124, 815440.310300002805889 ], [ 2817834.594400007277727, 815440.306900000432506 ], [ 2817834.584900001995265, 815440.22859999537468 ], [ 2817834.535899993032217, 815439.822299994993955 ], [ 2817834.47919999435544, 815439.351399994920939 ], [ 2817834.458999999798834, 815439.183400003006682 ], [ 2817834.081200006883591, 815436.046700003556907 ], [ 2817833.845099999103695, 815434.085999999893829 ], [ 2817833.811999997124076, 815433.810899997595698 ], [ 2817832.925099998246878, 815426.446400001877919 ], [ 2817830.640699995681643, 815407.477000004146248 ], [ 2817827.322400004137307, 815379.923200000543147 ], [ 2817813.666799996048212, 815266.53089999826625 ], [ 2817805.054499996826053, 815195.016800000565127 ], [ 2817804.945299999788404, 815194.109999996842816 ], [ 2817804.770199996419251, 815192.655100001720712 ], [ 2817804.299199999775738, 815188.744600002886727 ], [ 2817803.635399995837361, 815183.232999998610467 ], [ 2817803.281400001142174, 815180.293499999679625 ], [ 2817803.080799998249859, 815178.627699998440221 ], [ 2817802.047799994237721, 815170.049899995326996 ], [ 2817800.714600000996143, 815158.979099998949096 ], [ 2817800.213299999479204, 815154.8162 ], [ 2817795.908399999607354, 815119.068999998504296 ], [ 2817791.42039999878034, 815081.801800002576783 ], [ 2817786.748200001660734, 815043.004300000146031 ], [ 2817785.308700004592538, 815031.0512999962084 ], [ 2817782.41920000500977, 815007.058100000489503 ], [ 2817776.757100002840161, 814960.041299997130409 ], [ 2817775.699399997480214, 814951.257800005376339 ], [ 2817772.453199993353337, 814924.302199997939169 ], [ 2817768.899300002492964, 814894.790600002044812 ], [ 2817767.650099996477365, 814884.417700002435595 ], [ 2817763.193600001744926, 814847.412299997638911 ], [ 2817758.505999998189509, 814808.48710000468418 ], [ 2817753.510900000110269, 814767.009700002381578 ], [ 2817749.949300001375377, 814737.433799996506423 ], [ 2817749.180900003761053, 814731.053800004301593 ], [ 2817748.733699996955693, 814727.340199999278411 ], [ 2817746.525899998378009, 814709.005500002065673 ], [ 2817746.42469999846071, 814708.165499998722225 ], [ 2817745.30629999563098, 814698.878600001102313 ], [ 2817744.391300001647323, 814691.281399999978021 ], [ 2817744.315499995835125, 814690.651399999624118 ], [ 2817744.065499998629093, 814688.575799999060109 ], [ 2817743.864500001072884, 814686.907900001853704 ], [ 2817743.79389999480918, 814686.320599996717647 ], [ 2817743.781999995466322, 814686.22640000260435 ], [ 2817743.779199998360127, 814686.20290000224486 ], [ 2817743.770400003530085, 814686.13219999987632 ], [ 2817743.769900003448129, 814686.128200001316145 ], [ 2817743.750299996696413, 814685.969800002407283 ], [ 2817743.741599997971207, 814685.899099999805912 ], [ 2817743.726899992674589, 814685.779599999077618 ], [ 2817743.703299995977432, 814685.587200003908947 ], [ 2817743.633699998259544, 814685.022800002479926 ], [ 2817743.633299995213747, 814685.019400000339374 ], [ 2817743.404600005596876, 814683.162599997827783 ], [ 2817743.168200000189245, 814681.243399996776134 ], [ 2817742.831699998583645, 814678.51120000006631 ], [ 2817742.722200003452599, 814677.622199996840209 ], [ 2817742.688199997879565, 814677.346400001784787 ], [ 2817742.457000000867993, 814675.469200003193691 ], [ 2817742.225299995392561, 814673.587600002530962 ], [ 2817741.65320000378415, 814668.943900004029274 ], [ 2817741.631200002972037, 814668.76450000400655 ], [ 2817741.214300001040101, 814665.380100004374981 ], [ 2817741.041199997067451, 814663.975100003415719 ], [ 2817740.837600003927946, 814662.321700001135468 ], [ 2817740.663099996745586, 814660.905300000915304 ], [ 2817740.408500004559755, 814658.83839999884367 ], [ 2817740.407700006384403, 814658.832199999364093 ], [ 2817740.006500000599772, 814655.574499999638647 ], [ 2817738.554899993818253, 814643.789500005077571 ], [ 2817738.504400003235787, 814643.379699997138232 ], [ 2817737.365900002419949, 814634.137300000991672 ], [ 2817736.0765, 814623.668900000862777 ], [ 2817734.793900002259761, 814613.25490000192076 ], [ 2817728.84170000301674, 814564.929500001249835 ], [ 2817728.185900005046278, 814559.605100001441315 ], [ 2817725.312100001610816, 814536.272700001718476 ], [ 2817721.109499997925013, 814502.151500000385568 ], [ 2817719.859300000593066, 814492.000300001120195 ], [ 2817715.955899995751679, 814460.309700003592297 ], [ 2817715.951300001237541, 814460.272600002819672 ], [ 2817713.22789999935776, 814438.162300005555153 ], [ 2817710.796600002795458, 814418.423299999907613 ], [ 2817705.952500002924353, 814379.094900001771748 ], [ 2817700.127300001680851, 814331.798300004797056 ], [ 2817698.195700001437217, 814316.115700001595542 ], [ 2817695.65190000180155, 814295.46349999983795 ], [ 2817694.780699999071658, 814288.390100000426173 ], [ 2817692.646300003863871, 814271.062100000679493 ], [ 2817690.6621999964118, 814254.954599998425692 ], [ 2817687.954200001433492, 814232.967200004030019 ], [ 2817683.94700000109151, 814200.431799997575581 ], [ 2817683.540700000245124, 814197.132900002412498 ], [ 2817683.506300000473857, 814196.853300001705065 ], [ 2817683.489100005012006, 814196.713700002990663 ], [ 2817683.47190000070259, 814196.573900002753362 ], [ 2817682.609700003638864, 814189.573899997863919 ], [ 2817676.65739999897778, 814141.247100003063679 ], [ 2817675.504499999806285, 814131.887300001922995 ], [ 2817672.764100004453212, 814109.63859999855049 ], [ 2817672.166300002951175, 814104.785300000105053 ], [ 2817669.689699998125434, 814084.679400000954047 ], [ 2817668.176299998071045, 814072.394200001377612 ], [ 2817667.535599999595433, 814067.192399997264147 ], [ 2817662.36370000615716, 814025.198900001123548 ], [ 2817661.775900001171976, 814020.426599999656901 ], [ 2817661.455799997318536, 814017.8278999987524 ], [ 2817659.653200003318489, 814003.192300003021955 ], [ 2817658.580300001893193, 813994.482100000604987 ], [ 2817654.035499996971339, 813957.584100004518405 ], [ 2817650.861300002317876, 813931.812100004404783 ], [ 2817646.504100005608052, 813896.435499996878207 ], [ 2817639.016800003126264, 813835.648499995470047 ], [ 2817638.320600007195026, 813829.99549999483861 ], [ 2817635.601899996865541, 813807.922299998113886 ], [ 2817631.622900005429983, 813775.617799999658018 ], [ 2817624.337100000586361, 813716.463900000788271 ], [ 2817622.948299995157868, 813705.188499994110316 ], [ 2817622.629100003745407, 813702.597099997336045 ], [ 2817621.654799997806549, 813694.686099997255951 ], [ 2817617.656300004571676, 813662.224699999205768 ], [ 2817607.737899998668581, 813581.701700000092387 ], [ 2817601.858000006526709, 813533.964999999152496 ], [ 2817597.334599997848272, 813497.241900004679337 ], [ 2817597.31029999954626, 813497.044500002404675 ], [ 2817568.545999994967133, 813263.519900004146621 ], [ 2817561.62660000147298, 813207.343900002539158 ], [ 2817458.114999999292195, 812384.594400001456961 ], [ 2817429.185900003649294, 812192.160500003024936 ], [ 2817280.474499999079853, 811202.947400000412017 ], [ 2817136.640299997292459, 810293.515899998368695 ], [ 2817089.24590000230819, 810076.586599999805912 ], [ 2816982.371600003447384, 809587.41820000554435 ], [ 2818095.056500005535781, 809259.295300001045689 ], [ 2817918.918300004210323, 807764.346599999815226 ], [ 2817863.896899994462729, 807297.374799996381626 ], [ 2817887.108199997339398, 807290.099399999715388 ], [ 2817934.239399997983128, 807275.327300000702962 ], [ 2817934.31800000090152, 807275.302700004307553 ], [ 2817934.344200002029538, 807275.294499996816739 ], [ 2817934.448900001123548, 807275.261700001778081 ], [ 2817938.965499996673316, 807273.84480000147596 ], [ 2818114.693800001870841, 807218.763500000815839 ], [ 2818122.843400000128895, 807216.209000003291294 ], [ 2818217.032700004987419, 807186.686299997381866 ], [ 2818343.513399999123067, 807147.042100000893697 ], [ 2818508.376400003675371, 807095.368499998236075 ], [ 2818545.101000006310642, 807083.856199994683266 ], [ 2818726.53609999967739, 807026.98839999944903 ], [ 2818913.357900003902614, 806968.432699996745214 ], [ 2819153.227499998174608, 806893.248699997551739 ], [ 2819180.96669999929145, 806884.554199999896809 ], [ 2819206.217300000134856, 806876.640499999048188 ], [ 2819225.667900001164526, 806870.544099997496232 ], [ 2819255.299800004344434, 806861.256600003689528 ], [ 2819255.302899999544024, 806861.255600003991276 ], [ 2819300.990200001280755, 806846.935900002950802 ], [ 2819441.098399999551475, 806803.022199996979907 ], [ 2819523.214299996383488, 806777.284799998393282 ], [ 2819542.937200002372265, 806771.103100002976134 ], [ 2819587.820699998177588, 806757.035300002200529 ], [ 2819590.138799998909235, 806756.308800001628697 ], [ 2819674.366400006227195, 806729.91039999620989 ], [ 2819686.243600004352629, 806726.187800003215671 ], [ 2819719.688100003171712, 806715.70600000419654 ], [ 2819791.68689999403432, 806693.139599999878556 ], [ 2819791.79100000532344, 806693.107100002700463 ], [ 2819804.952300000935793, 806688.982100002467632 ], [ 2819812.966899994760752, 806686.470099998172373 ], [ 2819818.017700000666082, 806684.887100000400096 ], [ 2819820.664600003976375, 806684.057500005466864 ], [ 2819824.229700000956655, 806682.940100002335384 ], [ 2819825.228699999395758, 806682.626999996136874 ], [ 2819827.388300004880875, 806681.950100000482053 ], [ 2819827.509800004772842, 806681.912000000244007 ], [ 2819828.1681999983266, 806681.705600001150742 ], [ 2819828.474699993152171, 806681.609499995596707 ], [ 2819828.731800001580268, 806681.528900001896545 ], [ 2819829.508500003721565, 806681.285499998601153 ], [ 2819829.602300003170967, 806681.256099997088313 ], [ 2819830.444700000341982, 806680.992100004805252 ], [ 2819830.792900007683784, 806680.883000003872439 ], [ 2819831.297900000587106, 806680.724700001301244 ], [ 2819831.306399997323751, 806680.722000000532717 ], [ 2819887.073500002734363, 806663.243800000753254 ], [ 2819974.577799994498491, 806635.817800001939759 ], [ 2820025.446399998385459, 806619.874599999981001 ], [ 2820075.19410000089556, 806604.282900002319366 ], [ 2820076.14739999640733, 806603.984099998138845 ], [ 2820077.599599999841303, 806603.528900003060699 ], [ 2820127.115099996328354, 806588.009199996944517 ], [ 2820131.454899996053427, 806586.648800002876669 ], [ 2820142.520700003486127, 806583.180500003742054 ], [ 2820180.905100000556558, 806571.149599998258054 ], [ 2820256.552699995227158, 806547.440000001573935 ], [ 2820273.036700001917779, 806546.409699998563156 ], [ 2820328.3885000012815, 806542.947500002803281 ], [ 2820379.753700006753206, 806511.797600004356354 ], [ 2820443.182300006039441, 806492.051199998008087 ], [ 2820570.858400001190603, 806455.844300003023818 ], [ 2820850.326900001149625, 806369.374100002693012 ], [ 2820699.591000000946224, 805783.986900000367314 ], [ 2820632.322000000160187, 805522.747499995399266 ], [ 2819750.246100001502782, 805781.776999997440726 ], [ 2819731.649899993557483, 805787.239699998404831 ], [ 2819623.277100000996143, 805609.944399998057634 ], [ 2819599.162900005467236, 805570.495499999495223 ], [ 2819508.368899999652058, 805485.696599998511374 ], [ 2819548.792800005059689, 805461.595899997744709 ], [ 2819507.863099999725819, 805470.201900000916794 ], [ 2819471.050300001166761, 805477.943799995584413 ], [ 2819468.272100003436208, 805478.527999996673316 ], [ 2819466.911499998997897, 805478.814299996709451 ], [ 2819466.399200001265854, 805477.144400000339374 ], [ 2819462.202299997676164, 805463.463899997994304 ], [ 2819450.74620000179857, 805426.121200002962723 ], [ 2819450.251699996180832, 805424.509300003293902 ], [ 2819439.775700001977384, 805390.36360000167042 ], [ 2819299.741300001740456, 805407.88440000009723 ], [ 2819296.794700000435114, 805408.253100000321865 ], [ 2819292.393300000112504, 805408.803800004767254 ], [ 2819254.598300003446639, 805413.532700000563636 ], [ 2819168.027900002431124, 805424.364300003042445 ], [ 2819139.922700001858175, 805427.880900000222027 ], [ 2819128.386699996422976, 805429.324299999512732 ], [ 2819070.281900000758469, 805436.59410000173375 ], [ 2818971.511699999216944, 805405.064200000371784 ], [ 2818967.315699998289347, 805403.724799998570234 ], [ 2818943.17900000186637, 805396.019600001163781 ], [ 2818898.998800004366785, 805381.9159000008367 ], [ 2818896.134000006597489, 805381.001300001749769 ], [ 2818888.968099996913224, 805378.714199998416007 ], [ 2818886.327100004069507, 805377.871199996210635 ], [ 2818879.601099996827543, 805375.724200000287965 ], [ 2818859.191299998667091, 805369.209000002825633 ], [ 2818838.983999997843057, 805362.758500000927597 ], [ 2818802.646899995394051, 805351.159099997254089 ], [ 2818802.613700005691499, 805351.148499995935708 ], [ 2818810.364600005559623, 805336.427000001305714 ], [ 2818833.795600001234561, 805291.92409999622032 ], [ 2818833.673100001644343, 805291.933399999979883 ], [ 2818804.683099998161197, 805294.126599998446181 ], [ 2818688.322200002148747, 805302.929899998707697 ], [ 2818539.893399997614324, 805314.16049999720417 ], [ 2818535.597099999431521, 805314.485899997176602 ], [ 2818534.860699999146163, 805314.541499999817461 ], [ 2818523.925899997353554, 805315.368200001074001 ], [ 2818443.772399995941669, 805200.161400005454198 ], [ 2818438.359200003556907, 805192.380800005514175 ], [ 2818438.278699997346848, 805192.265100001823157 ], [ 2818356.431900004856288, 805212.064300004858524 ], [ 2818320.979599996935576, 805190.134000003570691 ], [ 2818098.976000000722706, 805052.813999999314547 ], [ 2818061.816399997565895, 805029.828899995423853 ], [ 2818051.45979999890551, 805013.880700004054233 ], [ 2818049.48889999743551, 805010.846399997128174 ], [ 2818021.492099996190518, 804967.737900000531226 ], [ 2817993.493100002873689, 804924.628099997062236 ], [ 2817968.836699999403208, 804912.312100001377985 ], [ 2817965.039299999829382, 804911.989100004080683 ], [ 2817929.7179000005126, 804908.984900000505149 ], [ 2817921.439900001510978, 804908.28149999701418 ], [ 2817920.549899998586625, 804908.205900001572445 ], [ 2817915.300699999555945, 804910.080300002824515 ], [ 2817878.472099999431521, 804922.92750000115484 ], [ 2817845.20709999743849, 804937.505300002172589 ], [ 2817820.496099999640137, 804950.604100002441555 ], [ 2817789.819300002418458, 804972.967700002947822 ], [ 2817771.86409999942407, 804980.610700003569946 ], [ 2817766.87929999595508, 804982.731700000120327 ], [ 2817656.983900004997849, 805029.075099997688085 ], [ 2817627.330099997576326, 805044.852500000037253 ], [ 2817605.95549999922514, 805056.162499999627471 ], [ 2817605.872500002849847, 805056.206299999495968 ], [ 2817583.654700000304729, 805073.259500003885478 ], [ 2817555.487899999134243, 805094.335900003090501 ], [ 2817528.439099997282028, 805114.130700004054233 ], [ 2817506.586100001819432, 805134.044100002618507 ], [ 2817463.6267, 805185.60309999762103 ], [ 2817438.709899999666959, 805216.429499998921528 ], [ 2817438.225899999029934, 805217.095500003779307 ], [ 2817425.984300006181002, 805233.945299999089912 ], [ 2817425.9821000052616, 805233.948299997951835 ], [ 2817425.980099997483194, 805233.951299996813759 ], [ 2817422.109499996528029, 805239.274100000970066 ], [ 2817409.20289999851957, 805256.446900002425537 ], [ 2817378.278300004545599, 805284.55249999766238 ], [ 2817368.191500003449619, 805289.295500002568588 ], [ 2817324.076700003817677, 805311.257899997290224 ], [ 2817312.245699999388307, 805317.147899999748915 ], [ 2817301.090300001669675, 805322.701499997638166 ], [ 2817285.001300001516938, 805326.785699996864423 ], [ 2817237.00309999845922, 805337.053300001192838 ], [ 2817231.641500001307577, 805337.564899997087196 ], [ 2817231.460500005632639, 805337.582100001396611 ], [ 2816936.768700001295656, 805383.976699999766424 ], [ 2816936.758300001267344, 805383.978300004499033 ], [ 2816927.668700001202524, 805385.409299995983019 ], [ 2816927.096899998839945, 805385.363900000229478 ], [ 2816902.208500000648201, 805383.388099996838719 ], [ 2816901.1362000037916, 805383.302999995881692 ], [ 2816900.806900001596659, 805383.582500000251457 ], [ 2816892.934399996418506, 805390.263400001218542 ], [ 2816892.653900001198053, 805390.501499999314547 ], [ 2816892.642500001937151, 805390.511100001167506 ], [ 2816882.556999998632818, 805399.069999998435378 ], [ 2816823.331099999602884, 805449.330400001490489 ], [ 2816821.908499999437481, 805450.537799998419359 ], [ 2816821.904899995774031, 805450.540799997281283 ], [ 2816820.489699996542186, 805451.741800001822412 ], [ 2816735.416199993342161, 805523.93719999701716 ], [ 2816734.25829999614507, 805524.919900003122166 ], [ 2816733.145499996375293, 805525.864100005710497 ], [ 2816525.027300002519041, 805702.478300001239404 ], [ 2816521.288099992554635, 805705.651500005275011 ], [ 2816517.167499994393438, 805709.148300002561882 ], [ 2816495.28859999589622, 805727.715300001902506 ], [ 2816493.392899995204061, 805729.324000001186505 ], [ 2816491.716399995610118, 805730.746699997456744 ], [ 2816469.058600003365427, 805749.97470000339672 ], [ 2816466.969499998725951, 805751.7475999975577 ], [ 2816464.606800000183284, 805753.752600000938401 ], [ 2816447.992200000211596, 805767.851500004762784 ], [ 2816441.430599998682737, 805773.419200002681464 ], [ 2816439.635399996303022, 805774.942200004821643 ], [ 2816437.654400002211332, 805776.623000000836328 ], [ 2816414.531400000676513, 805796.24140000063926 ], [ 2816411.944700004067272, 805798.436099998652935 ], [ 2816409.654700007289648, 805800.379000001586974 ], [ 2816387.0463, 805819.560699999565259 ], [ 2816384.96060000685975, 805821.330299996770918 ], [ 2816383.139399996493012, 805822.87550000147894 ], [ 2816363.752500000875443, 805839.324000003281981 ], [ 2816360.454200001899153, 805842.122400004183874 ], [ 2816357.235900000203401, 805844.852899999590591 ], [ 2816332.504600002896041, 805865.83590000262484 ], [ 2816329.102300006430596, 805868.722299997927621 ], [ 2816325.786100001540035, 805871.536099996650591 ], [ 2816297.234099997207522, 805895.760699999984354 ], [ 2816293.237199999857694, 805899.151500000618398 ], [ 2816290.0054000033997, 805901.893599997274578 ], [ 2816289.793400000780821, 805902.07340000057593 ], [ 2816275.781700002495199, 805913.961400001775473 ], [ 2816272.734900000505149, 805916.546399997314438 ], [ 2816270.881599996704608, 805918.118800002615899 ], [ 2816249.129099999554455, 805936.57440000353381 ], [ 2816248.658699999563396, 805936.973499996121973 ], [ 2816247.510200002230704, 805937.947899998398498 ], [ 2816244.172899999655783, 805940.779499997617677 ], [ 2816242.37090000230819, 805942.308699999237433 ], [ 2816092.722099999897182, 806069.297299997415394 ], [ 2815823.775300005450845, 806314.323299999814481 ], [ 2815575.224700000137091, 806538.079499999061227 ], [ 2815521.6647, 806516.673900003079325 ], [ 2815506.36739999614656, 806427.470999997574836 ], [ 2815444.612299997359514, 806431.48389999801293 ], [ 2815440.116700003389269, 806431.775699995923787 ], [ 2815368.415900001302361, 806435.878099999157712 ], [ 2815293.638500000350177, 806440.133700001286343 ], [ 2815293.637299999129027, 806440.141899999929592 ], [ 2815286.530100005213171, 806483.301500001223758 ], [ 2815284.574100001715124, 806495.17910000262782 ], [ 2815284.53800000064075, 806495.398100002435967 ], [ 2815284.536700002849102, 806495.406300001079217 ], [ 2815283.745900000911206, 806500.208899998571724 ], [ 2815276.22910000057891, 806545.853699997765943 ], [ 2815276.227899998892099, 806545.861900005489588 ], [ 2815270.0405000038445, 806583.437100004171953 ], [ 2815270.039100001100451, 806583.445300002815202 ], [ 2815268.560800001956522, 806592.422300003701821 ], [ 2815268.493500001728535, 806592.831499997759238 ], [ 2815268.492300000507385, 806592.839699996635318 ], [ 2815267.489600001368672, 806598.928100001066923 ], [ 2815267.488300003577024, 806598.936299999943003 ], [ 2815264.817900000605732, 806615.152299998095259 ], [ 2815264.816699999384582, 806615.159699999028817 ], [ 2815264.815499998163432, 806615.167899997672066 ], [ 2815259.914300004485995, 806644.92829999839887 ], [ 2815258.786899996455759, 806651.774900002405047 ], [ 2815258.785700003616512, 806651.783100001281127 ], [ 2815257.664100000634789, 806658.59209999628365 ], [ 2815257.661700006574392, 806658.599900000495836 ], [ 2815251.249300004914403, 806679.289900004165247 ], [ 2815251.247100003995001, 806679.297699999529868 ], [ 2815250.888499997090548, 806680.4549000042025 ], [ 2815244.87730000121519, 806699.849200000753626 ], [ 2815244.875100000295788, 806699.85689999978058 ], [ 2815239.3572, 806717.659700001589954 ], [ 2815239.287900000810623, 806717.88329999614507 ], [ 2815189.190899994689971, 806711.927099998341873 ], [ 2815169.197700000368059, 806713.925099995452911 ], [ 2815077.999900002032518, 806719.402500001480803 ], [ 2815077.98889999743551, 806719.403299999423325 ], [ 2815077.8821000023745, 806719.40990000218153 ], [ 2815064.087299999315292, 806602.927900000941008 ], [ 2815063.719499993603677, 806599.821699999272823 ], [ 2815062.134300003759563, 806578.557299997657537 ], [ 2815028.358300001826137, 806444.913900003070012 ], [ 2815028.348300005309284, 806444.916900002164766 ], [ 2815028.251900001894683, 806444.944699998944998 ], [ 2814999.227499998174608, 806453.310299997916445 ], [ 2814966.583099996205419, 806462.716699996264651 ], [ 2814966.584900002460927, 806462.724099996965379 ], [ 2814968.569299999158829, 806470.595300004584715 ], [ 2814985.5313, 806537.908499999670312 ], [ 2814985.528899997007102, 806537.911100003868341 ], [ 2814976.011299993377179, 806547.470700001111254 ], [ 2814958.832099999766797, 806570.656699997372925 ], [ 2814932.048299998510629, 806585.111099995439872 ], [ 2814891.761099997907877, 806594.994100002106279 ], [ 2814852.142300004605204, 806600.90749999973923 ], [ 2814849.627499994356185, 806601.282699997304007 ], [ 2814849.627499994356185, 806601.290700003271922 ], [ 2814849.754299999214709, 806678.140700005460531 ], [ 2814871.827100001275539, 806692.541700001806021 ], [ 2814877.39970000134781, 806710.533900000154972 ], [ 2814877.396099997218698, 806710.534100001677871 ], [ 2814865.239500000141561, 806711.061499998904765 ], [ 2814865.228699997067451, 806711.061900002183393 ], [ 2814775.525100003927946, 806714.953499995637685 ], [ 2814707.204299999400973, 806730.787299998570234 ], [ 2814699.998099997173995, 806732.457300000125542 ], [ 2814684.198899995535612, 806693.733299997402355 ], [ 2814626.046499994583428, 806714.872900001937523 ], [ 2814616.480699997860938, 806685.392899999860674 ], [ 2814616.05970000103116, 806684.0962999984622 ], [ 2814599.064900005236268, 806628.664500001585111 ], [ 2814502.243700000923127, 806649.878899994771928 ], [ 2814497.381099998950958, 806651.053100001998246 ], [ 2814349.448099997360259, 806686.773499997332692 ], [ 2814298.549100000876933, 806700.582300004316494 ], [ 2814267.639700003433973, 806708.967700003180653 ], [ 2814254.316699994727969, 806651.951199998380616 ], [ 2814254.314900005701929, 806651.943700001109391 ], [ 2814573.838900000788271, 806584.951100000645965 ], [ 2814573.257700007408857, 806577.219299998832867 ], [ 2814573.213500004261732, 806576.636299999197945 ], [ 2814573.213100000750273, 806576.628300002077594 ], [ 2814428.373899993486702, 806560.435300004435703 ], [ 2814268.355900000780821, 806541.738400004571304 ], [ 2814268.154700001236051, 806541.714899995597079 ], [ 2814173.21959999576211, 806530.624099997570738 ], [ 2814168.595899998676032, 806530.083899998106062 ], [ 2814165.210999999660999, 806529.688400000566617 ], [ 2814071.74110000114888, 806518.766100003151223 ], [ 2814005.463100002147257, 806511.02190000237897 ], [ 2813983.571900000795722, 806508.46409999881871 ], [ 2813843.7867, 806492.131700003985316 ], [ 2813835.8413, 806491.20330000272952 ], [ 2813653.312700007110834, 806469.876699995715171 ], [ 2813571.786200002301484, 806460.519099995726719 ], [ 2813369.792300003580749, 806437.336700003361329 ], [ 2813276.679499995429069, 806426.64869999838993 ], [ 2812754.606299993116409, 806366.726300005568191 ], [ 2812722.55629999935627, 806363.047300001839176 ], [ 2812699.844400003552437, 806360.450699996668845 ], [ 2812642.622900002636015, 806353.90770000196062 ], [ 2812530.578100004699081, 806341.095499999821186 ], [ 2812309.345099998638034, 806315.79789999849163 ], [ 2812176.909899998921901, 806300.656099999556318 ], [ 2811933.732700001914054, 806272.864500005031005 ], [ 2811834.720299998298287, 806261.548499998869374 ], [ 2811424.600500006228685, 806214.630399996647611 ], [ 2811658.347000006586313, 806517.226899996167049 ], [ 2812649.398800004273653, 807790.776899997144938 ], [ 2812684.086300001014024, 807852.480199998943135 ], [ 2812694.802100003231317, 807882.244700003182516 ], [ 2812695.182400004472584, 807883.30130000365898 ], [ 2812696.593599996063858, 807887.221099997404963 ], [ 2812703.035899999085814, 807894.280900005251169 ], [ 2812704.182499993126839, 807895.53739999840036 ], [ 2812705.543000001460314, 807897.028299998026341 ], [ 2812747.822400003205985, 807943.360100003425032 ], [ 2812748.477799998130649, 807944.078299999935552 ], [ 2812771.19410000462085, 807968.971899998374283 ], [ 2812771.200400000438094, 807968.978799999458715 ], [ 2812794.538099996279925, 807994.553399997297674 ], [ 2812795.098700000438839, 807995.167900003260002 ], [ 2812804.046799999661744, 808004.973499999148771 ], [ 2812805.089400005061179, 808006.138099995674565 ], [ 2812806.4243, 808007.629300002474338 ], [ 2812807.623800004832447, 808008.969200003892183 ], [ 2812825.888400004711002, 808029.371899999445304 ], [ 2812826.458300003781915, 808030.008500002557412 ], [ 2812900.853900003712624, 808113.112499998649582 ], [ 2812905.675800001248717, 808121.251800002297387 ], [ 2812913.540300000458956, 808134.526899998541921 ], [ 2812919.627300002146512, 808140.488299996359274 ], [ 2812926.641300002112985, 808147.758699994534254 ], [ 2812934.204899992793798, 808162.544900002656505 ], [ 2812935.095000000670552, 808165.461999997263774 ], [ 2812947.224899997003376, 808205.217899998882785 ], [ 2812969.032499996479601, 808259.084100003819913 ], [ 2812976.958500000182539, 808285.874099995475262 ], [ 2812979.537499997764826, 808303.213300001807511 ], [ 2812981.140500006265938, 808325.861099997768179 ], [ 2812989.742500002030283, 808342.24009999842383 ], [ 2813011.076500000897795, 808377.480500000761822 ], [ 2813021.860499997623265, 808403.064900001976639 ], [ 2813030.059299997519702, 808422.515899997670203 ], [ 2813035.372100004926324, 808435.120299997739494 ], [ 2813038.099499996285886, 808441.590700004482642 ], [ 2813042.16830000653863, 808451.244100001174957 ], [ 2813044.659100007731467, 808457.153299998492002 ], [ 2813057.310900003183633, 808497.940500002820045 ], [ 2813059.395000000484288, 808506.961899999761954 ], [ 2813059.847100000362843, 808508.917299998225644 ], [ 2813063.233099995646626, 808523.644099997822195 ], [ 2813067.098499996587634, 808536.701500000897795 ], [ 2813068.121899998746812, 808541.413100004894659 ], [ 2813068.728699997067451, 808544.207499998155981 ], [ 2813071.998499997425824, 808559.263300001854077 ], [ 2813074.51450000051409, 808573.017900000093505 ], [ 2813076.602300007361919, 808591.867299997247756 ], [ 2813077.943699999246746, 808599.371900000376627 ], [ 2813081.759900007862598, 808620.741700002457947 ], [ 2813196.669899998232722, 808589.570100001292303 ], [ 2813224.321900003124028, 808582.068900000536814 ], [ 2813233.108099995646626, 808613.198700000764802 ], [ 2813208.272099999245256, 808626.840699999593198 ], [ 2813231.760700005572289, 808714.470299996668473 ], [ 2813238.775500003248453, 808735.730099994456396 ], [ 2813239.480899997521192, 808761.576900000916794 ], [ 2813248.454899999313056, 808779.10550000355579 ], [ 2813365.316900003701448, 808730.625500001013279 ], [ 2813371.36609999416396, 808739.436099997023121 ], [ 2813369.7867, 808747.435300002107397 ], [ 2813371.415299995802343, 808783.262500000884756 ], [ 2813376.247899999842048, 808804.755100000649691 ], [ 2813401.912299998570234, 808836.59349999576807 ], [ 2813422.39350000070408, 808836.748700002674013 ], [ 2813434.316499997861683, 808844.658300000010058 ], [ 2813439.544699995778501, 808852.553100004093722 ], [ 2813450.394099998753518, 808872.418900005752221 ], [ 2813472.088899997062981, 808910.985500000417233 ], [ 2813505.640699999406934, 808977.777699999744073 ], [ 2813508.681100000161678, 809001.964899995597079 ], [ 2813508.914300005417317, 809003.173899997025728 ], [ 2813513.955500000622123, 809029.315900003770366 ], [ 2813525.14590000314638, 809067.220500000985339 ], [ 2813534.133900000248104, 809099.543900005053729 ], [ 2813534.45310000050813, 809100.623699998948723 ], [ 2813534.749899996444583, 809101.629300000378862 ], [ 2813549.740300002973527, 809136.596500003011897 ], [ 2813564.068299998994917, 809170.077900000847876 ], [ 2813578.429700004402548, 809203.719100000336766 ], [ 2813596.674500004388392, 809245.85109999938868 ], [ 2813603.054499996360391, 809246.374900001101196 ], [ 2813620.609300000127405, 809256.57410000055097 ], [ 2813643.19889999832958, 809248.890900003956631 ], [ 2813661.3286999957636, 809253.042100005317479 ], [ 2813695.089100006502122, 809233.653299997793511 ], [ 2813720.968900001142174, 809286.962300000479445 ], [ 2813740.819900001399219, 809260.34770000143908 ], [ 2813742.794899997767061, 809264.274500001221895 ], [ 2813749.381599995773286, 809277.370700006140396 ], [ 2813763.174099992960691, 809304.793899999000132 ], [ 2813787.217700000386685, 809352.605500002857298 ], [ 2813725.754800003021955, 809413.534999996423721 ], [ 2813709.921700001228601, 809429.341500002425164 ], [ 2813670.844500001519918, 809472.966100002173334 ], [ 2813647.851499997079372, 809497.545299996621907 ], [ 2813622.501999993342906, 809524.691200003726408 ], [ 2813551.672499998938292, 809603.965600001392886 ], [ 2813490.471699999645352, 809664.686000004177913 ], [ 2813485.582199995405972, 809669.536400000099093 ], [ 2813396.150300002191216, 809756.957800000440329 ], [ 2813382.036899995058775, 809770.445199997164309 ], [ 2813360.280800003092736, 809785.231899996288121 ], [ 2813332.965500000864267, 809798.418900001561269 ], [ 2813329.314899999648333, 809789.364499998977408 ], [ 2813289.268900000955909, 809828.649900004034862 ], [ 2813275.03350000269711, 809854.137499998090789 ], [ 2813280.082099998835474, 809900.120299998205155 ], [ 2813271.561700005084276, 809912.6452999971807 ], [ 2813256.98830000590533, 809932.922899997327477 ], [ 2813235.452300000935793, 809961.874699995387346 ], [ 2813198.863300007302314, 810005.744100001407787 ], [ 2813182.540100002195686, 810022.53910000086762 ], [ 2813165.766700000502169, 810039.845899997744709 ], [ 2813164.236900002229959, 810041.122100003063679 ], [ 2813151.81810000166297, 810051.480700000887737 ], [ 2813146.684500001370907, 810055.188700002618134 ], [ 2813124.943299998529255, 810070.891500000376254 ], [ 2813100.914899996016175, 810085.603499998338521 ], [ 2813071.386900003068149, 810098.573500003200024 ], [ 2813050.823099999222904, 810107.24829999729991 ], [ 2813021.929499999154359, 810121.035499998135492 ], [ 2812995.132299999240786, 810131.636700001079589 ], [ 2812950.886500003281981, 810150.95649999845773 ], [ 2812914.306699999142438, 810168.982299998635426 ], [ 2812898.507100002840161, 810176.76790000544861 ], [ 2812876.794500004034489, 810187.467300001066178 ], [ 2812868.117700001690537, 810192.182900003623217 ], [ 2812834.891099997796118, 810210.240499999374151 ], [ 2812823.240500002168119, 810221.965199999976903 ], [ 2812821.283900002483279, 810223.934300003806129 ], [ 2812813.614900002256036, 810231.649900001008064 ], [ 2812788.67710000090301, 810247.00609999592416 ], [ 2812781.186700003221631, 810250.631100001279265 ], [ 2812775.29790000198409, 810253.480900004506111 ], [ 2812769.638700001873076, 810256.077299999538809 ], [ 2812763.696099995169789, 810258.084500003838912 ], [ 2812738.920900001656264, 810266.452100001974031 ], [ 2812734.336699998937547, 810268.000300005543977 ], [ 2812695.320500003639609, 810281.177700000349432 ], [ 2812693.862899999134243, 810281.641100002918392 ], [ 2812679.511299997102469, 810286.202100003371015 ], [ 2812663.754500001203269, 810291.63170000212267 ], [ 2812624.300899994093925, 810305.906700000166893 ], [ 2812547.184900000225753, 810335.770500001963228 ], [ 2812530.467100000940263, 810342.066499998327345 ], [ 2812522.485699996352196, 810345.072299997787923 ], [ 2812513.608499992638826, 810348.414500001817942 ], [ 2812509.660899993497878, 810349.864699997007847 ], [ 2812509.618699998129159, 810349.880299996584654 ], [ 2812504.88950000423938, 810351.617500002030283 ], [ 2812480.588100004009902, 810360.037700003944337 ], [ 2812434.252099998295307, 810378.372699999483302 ], [ 2812425.855099998414516, 810364.774299999000505 ], [ 2812401.641099996399134, 810357.087299996754155 ], [ 2812373.593099994584918, 810351.577499998966232 ], [ 2812353.4455, 810352.827300001634285 ], [ 2812328.847300003748387, 810354.802900003269315 ], [ 2812299.371300000231713, 810360.836699995910749 ], [ 2812292.76450000423938, 810362.158100004307926 ], [ 2812271.169699995778501, 810366.0005000049714 ], [ 2812248.899299998302013, 810370.65790000022389 ], [ 2812223.30650000507012, 810376.539500002516434 ], [ 2812222.369199994951487, 810376.769100003642961 ], [ 2812196.212099997326732, 810383.17509999522008 ], [ 2812140.989299994893372, 810396.756099998252466 ], [ 2812102.482500003185123, 810405.727699997602031 ], [ 2812057.445699994452298, 810416.900799999246374 ], [ 2812025.615799996536225, 810424.797400000970811 ], [ 2811984.881700004450977, 810434.90309999906458 ], [ 2811980.601099994033575, 810435.913900000508875 ], [ 2811949.70629999646917, 810442.317699999781325 ], [ 2811900.214500001631677, 810453.542899996507913 ], [ 2811872.600700002163649, 810461.57270000455901 ], [ 2811840.300099996849895, 810469.176299998303875 ], [ 2811792.475500006694347, 810481.478900003945455 ], [ 2811772.368099999148399, 810452.18389999656938 ], [ 2811727.412100003566593, 810431.946899995673448 ], [ 2811686.862300004810095, 810430.217300001531839 ], [ 2811659.225899999495596, 810449.263699997682124 ], [ 2811650.940300006885082, 810437.889899996574968 ], [ 2811577.174099993426353, 810478.903099998133257 ], [ 2811429.569900002796203, 810492.666900003794581 ], [ 2811401.531300000846386, 810504.209100000094622 ], [ 2811374.604099995456636, 810515.922100003110245 ], [ 2811325.53249999973923, 810553.068900004029274 ], [ 2811309.397499998565763, 810575.131099996156991 ], [ 2811305.208699997048825, 810586.862500004703179 ], [ 2811296.005099994130433, 810687.973700002301484 ], [ 2811262.43410000577569, 810739.046100001316518 ], [ 2811238.701700001955032, 810771.15589999826625 ], [ 2811066.452900001779199, 810961.890099995303899 ], [ 2811028.694900000933558, 811008.004699998302385 ], [ 2810952.730700001586229, 811071.238799997838214 ], [ 2810913.615299996454269, 811116.432699998607859 ], [ 2810885.856700007338077, 811148.50529999868013 ], [ 2810854.961999997496605, 811184.200899995863438 ], [ 2810778.168299999088049, 811298.419899999396876 ], [ 2810743.794299994129688, 811349.545999998226762 ], [ 2810714.416000001132488, 811390.143400002736598 ], [ 2810659.114400003105402, 811426.567999999737367 ], [ 2810567.781300002709031, 811505.165500001981854 ], [ 2810549.570499998982996, 811510.96550000179559 ], [ 2810542.505700001958758, 811513.128799998899922 ], [ 2810456.741500000469387, 811539.38470000308007 ], [ 2810433.697100002318621, 811549.490100003080443 ], [ 2810334.182499994058162, 811604.644999999785796 ], [ 2810259.922399997711182, 811647.991300005465746 ], [ 2810238.104500003624707, 811669.311000002780929 ], [ 2810129.9767000018619, 811725.217899999581277 ], [ 2809745.099699997808784, 811836.93050000211224 ], [ 2809510.519900002051145, 811913.199000003980473 ], [ 2809408.549300004728138, 811953.01740000071004 ], [ 2809166.092899999581277, 812116.442200005752966 ], [ 2809166.053000001702458, 812116.463899999624118 ], [ 2808974.764700007159263, 812220.550999995321035 ], [ 2808816.260899994987994, 812283.960000005085021 ], [ 2808749.863300007302314, 812313.667300002183765 ], [ 2808719.25480000115931, 812319.621700002579018 ], [ 2808680.340999998617917, 812322.361299999989569 ], [ 2808584.660800002980977, 812320.127300000516698 ], [ 2808512.214599994942546, 812323.495199997210875 ], [ 2808424.159999993164092, 812335.880000001285225 ], [ 2808321.330300002824515, 812364.769900000654161 ], [ 2808205.487000000663102, 812403.835599995683879 ], [ 2807709.299300001468509, 812582.240800001658499 ], [ 2807680.210900003556162, 812595.011200003325939 ], [ 2807290.804200003389269, 812843.810700001195073 ], [ 2807220.874799996148795, 812899.420899998396635 ], [ 2807235.811300000641495, 812918.238499999977648 ], [ 2807254.066699993330985, 812941.234700005268678 ], [ 2807262.373499997891486, 812951.700799999525771 ], [ 2807270.914099995046854, 812962.576799998059869 ], [ 2807289.199000003281981, 812985.867400005692616 ], [ 2807307.518600000534207, 813009.198499998543411 ], [ 2807310.572300003841519, 813012.655100000090897 ], [ 2807326.463699999731034, 813030.753600002033636 ], [ 2807342.782399997580796, 813049.33779999660328 ], [ 2807363.609299999661744, 813073.049199999542907 ], [ 2807383.616199999116361, 813095.585599997313693 ], [ 2807401.493400004226714, 813115.722199996002018 ], [ 2807416.265300001483411, 813132.361400000751019 ], [ 2807420.110600004438311, 813136.534299995983019 ], [ 2807451.852099996060133, 813170.981699995463714 ], [ 2807487.224200005177408, 813209.372399997431785 ], [ 2807504.87379999877885, 813228.528400003211573 ], [ 2807521.647499999031425, 813246.731200000736862 ], [ 2807528.540999998338521, 813254.212699998170137 ], [ 2807549.530999999027699, 813277.148100000806153 ], [ 2807555.803999994881451, 813284.001899995375425 ], [ 2807573.841599997598678, 813303.710200001252815 ], [ 2807590.8780000009574, 813322.337000003550202 ], [ 2807625.770599999465048, 813360.967699997825548 ], [ 2807632.57890000147745, 813368.504900003317744 ], [ 2807654.907699998933822, 813393.222300002118573 ], [ 2807689.435099995695055, 813431.448199995560572 ], [ 2807701.857299998402596, 813445.198499997146428 ], [ 2807712.936899998690933, 813457.544499999377877 ], [ 2807756.790100000333041, 813506.397900002077222 ], [ 2807777.23549999948591, 813529.325700002256781 ], [ 2807787.915700000245124, 813541.302499996032566 ], [ 2807792.692299998365343, 813546.727899994468316 ], [ 2807825.354000001214445, 813583.820500004570931 ], [ 2807850.347499993164092, 813612.207800004864112 ], [ 2807882.812200005631894, 813651.786299997009337 ], [ 2807924.763800004962832, 813703.1339999998454 ], [ 2807962.863600003533065, 813749.761100002098829 ], [ 2807966.924899998586625, 813754.731299996608868 ], [ 2807970.440999995917082, 813762.139600001275539 ], [ 2807972.176099997013807, 813765.795299997553229 ], [ 2807972.704099999275059, 813810.68529999954626 ], [ 2807973.337300000246614, 813864.409500002861023 ], [ 2807976.238799995277077, 813923.676599997561425 ], [ 2807959.487599995452911, 813937.391399994492531 ], [ 2807931.93900000071153, 813959.503900001756847 ], [ 2807915.344700000714511, 814003.020600001793355 ], [ 2807891.06449999473989, 814094.457499998155981 ], [ 2807889.780199995730072, 814098.960399996954948 ], [ 2807883.818700001575053, 814121.653200003085658 ], [ 2807878.104500004090369, 814143.379400002537295 ], [ 2807871.6308, 814167.997300002258271 ], [ 2807862.115999993868172, 814210.877199997426942 ], [ 2807860.272500002291054, 814224.101300003472716 ], [ 2807858.772500000428408, 814241.391299999319017 ], [ 2807855.786799998953938, 814275.832299997564405 ], [ 2807838.314900003839284, 814308.83940000180155 ], [ 2807820.530400002375245, 814332.748600001679733 ], [ 2807773.968899999279529, 814395.341599999228492 ], [ 2807752.002999997232109, 814424.870300003094599 ], [ 2807714.296400007326156, 814513.267400003271177 ], [ 2807665.976899999659508, 814626.195399999851361 ], [ 2807661.803699997253716, 814636.323300000280142 ], [ 2807643.437500002793968, 814689.141299996292219 ], [ 2807622.225399998016655, 814750.144599996739998 ], [ 2807649.267700002528727, 814847.569399998756126 ], [ 2807650.284799999557436, 814850.835299997357652 ], [ 2807664.237099998630583, 814896.760300002293661 ], [ 2807681.394599998369813, 814954.178800001973286 ], [ 2807695.2179, 814998.508999997517094 ], [ 2807715.03749999916181, 815062.19040000019595 ], [ 2807726.287199995946139, 815098.218899994855747 ], [ 2807753.985699992626905, 815187.914799997583032 ], [ 2807754.949900005478412, 815191.037300000432879 ], [ 2807757.468500004149973, 815199.193200003355742 ], [ 2807835.115799997001886, 815173.820600002538413 ], [ 2808022.778899993747473, 815113.343499997863546 ], [ 2808064.969899997580796, 815095.656699998071417 ], [ 2808130.004600000567734, 815069.436299998546019 ], [ 2808279.828599993605167, 815272.900099996011704 ], [ 2808430.013299998827279, 815474.828799999319017 ], [ 2808504.234100002329797, 815575.098899997537956 ], [ 2808514.937899999786168, 815589.559700005454943 ], [ 2808548.279100002720952, 815634.393799997866154 ], [ 2808577.940300002228469, 815673.839399999473244 ], [ 2808591.315099999308586, 815692.120200003730133 ], [ 2808607.654900003690273, 815714.454299997538328 ], [ 2808613.086499992758036, 815721.574899999191985 ], [ 2808637.170800005085766, 815753.149500003550202 ], [ 2808662.005500003695488, 815787.274700003676116 ], [ 2808683.278800005093217, 815813.870599999092519 ], [ 2808707.759200002066791, 815844.670700002694502 ], [ 2808710.08750000083819, 815847.674300001235679 ], [ 2808729.475199994631112, 815872.669199996395037 ], [ 2808730.995699997525662, 815874.630499996244907 ], [ 2808751.195699994452298, 815901.361099997302517 ], [ 2808912.88149999640882, 815783.304100003791973 ], [ 2808932.498499993234873, 815810.936500001698732 ], [ 2808934.608699995558709, 815813.908900001086295 ], [ 2809048.612199997995049, 815966.784000001847744 ], [ 2809053.2605000003241, 815973.017300001578405 ], [ 2809075.480999994557351, 815999.937899995129555 ], [ 2809100.038699997123331, 816029.69009999698028 ], [ 2809112.273699995595962, 816022.049499999266118 ], [ 2809112.781300001312047, 816021.732099996414036 ], [ 2809186.587500000372529, 815972.078299998771399 ], [ 2809210.907300006132573, 815955.716899997089058 ], [ 2809266.133300000336021, 815914.618299996480346 ], [ 2809266.803199998568743, 815915.533099997323006 ], [ 2809312.039600001648068, 815977.241500002564862 ], [ 2809341.503700005821884, 816017.434500000672415 ], [ 2809386.738700005691499, 816081.992499998770654 ], [ 2809404.355999995488673, 816107.135400001658127 ], [ 2809446.293700005393475, 816166.987600000575185 ], [ 2809488.1269, 816226.690500002820045 ], [ 2809495.080099997110665, 816249.737499996554106 ], [ 2809527.658299995120615, 816211.553299998864532 ], [ 2809546.774899993557483, 816191.0504999991972 ], [ 2809568.323900002986193, 816173.423300000606105 ], [ 2809581.603699998930097, 816158.327300001168624 ], [ 2809593.045500001870096, 816142.998299998231232 ], [ 2809598.760900001041591, 816135.343100000405684 ], [ 2809602.801099998410791, 816130.542700004065409 ], [ 2809622.689900000579655, 816106.911299998406321 ], [ 2809639.778899998869747, 816087.142900000093505 ], [ 2809676.028699999675155, 816030.965699997264892 ], [ 2809686.315300005953759, 816021.896300000138581 ], [ 2809686.504299999214709, 816022.143099996959791 ], [ 2809702.819499998353422, 816043.63670000503771 ], [ 2809711.779899999499321, 816037.134700004244223 ], [ 2809816.035100001376122, 815961.688099998282269 ], [ 2809827.020499998703599, 815976.296899996697903 ], [ 2809851.031499994918704, 816008.22749999538064 ], [ 2809875.651700001209974, 816040.966699996497482 ], [ 2809898.260899997316301, 816071.032300002407283 ], [ 2809900.791100005153567, 816074.394700001226738 ], [ 2809915.063700000755489, 816093.376299996161833 ], [ 2809918.640699997078627, 816098.131700000027195 ], [ 2809927.081299995537847, 816109.355700004380196 ], [ 2809940.289499994833022, 816126.919899999396876 ], [ 2809956.985100000165403, 816149.12249999679625 ], [ 2809961.746500002220273, 816155.453499997965991 ], [ 2809982.018100004643202, 816182.409299998311326 ], [ 2809985.362299999222159, 816186.857299995608628 ], [ 2810003.060900001786649, 816209.408699996769428 ], [ 2810010.595500003080815, 816201.030299995560199 ], [ 2810109.714700001291931, 816293.422499995678663 ], [ 2810140.887899998109788, 816322.481500000692904 ], [ 2810177.112000006251037, 816291.424900001846254 ], [ 2810182.5222, 816286.786499999463558 ], [ 2810201.960499998182058, 816270.120900000678375 ], [ 2810214.257299998775125, 816259.578099997481331 ], [ 2810232.367400001734495, 816244.050400003092363 ], [ 2810239.810500001069158, 816250.871800005901605 ], [ 2810253.375399996060878, 816268.608099996577948 ], [ 2810255.831100004725158, 816271.818799995817244 ], [ 2810259.698400000110269, 816276.875999994110316 ], [ 2810262.005699997302145, 816280.781399998115376 ], [ 2810267.352500001899898, 816289.826400000602007 ], [ 2810269.005000000819564, 816292.622699996922165 ], [ 2810276.111599998548627, 816304.647900003008544 ], [ 2810280.829800005536526, 816312.63249999913387 ], [ 2810288.468200002331287, 816325.559000002220273 ], [ 2810294.332800001837313, 816333.78600000217557 ], [ 2810306.923299994785339, 816351.448600000236183 ], [ 2810313.115399998612702, 816355.980799995362759 ], [ 2810319.307499993592501, 816360.512999999336898 ], [ 2810716.730900001246482, 816487.755199998850003 ], [ 2811647.65789999673143, 816786.376699996879324 ], [ 2811649.234399997163564, 816786.881900000153109 ], [ 2812400.60240000160411, 817055.210100002354011 ], [ 2813367.245499996002764, 817400.245200000703335 ], [ 2813564.715699996799231, 817470.732099999440834 ], [ 2814209.416899997740984, 817700.908500004559755 ], [ 2814209.478100003674626, 817700.906800003256649 ] ] ] ] } },
{ "type": "Feature", "properties": { "CVEGEO": "09013", "CVE_ENT": "09", "CVE_MUN": "013", "NOMGEO": "Xochimilco" }, "geometry": { "type": "MultiPolygon", "coordinates": [ [ [ [ 2804027.680000000633299, 816664.229600002756342 ], [ 2804050.794499996583909, 816598.081999995280057 ], [ 2804034.566399997565895, 816588.862300001550466 ], [ 2804028.18189999833703, 816570.776999996509403 ], [ 2804030.9929, 816557.529300002614036 ], [ 2804035.25990000134334, 816548.316899995785207 ], [ 2804057.336099997162819, 816513.703600000124425 ], [ 2804079.471200001426041, 816479.601699998602271 ], [ 2804136.542499992996454, 816393.888600001810119 ], [ 2804165.574100004509091, 816356.214299998711795 ], [ 2804239.068499995395541, 816265.179699995554984 ], [ 2804336.656200003344566, 816137.595800003735349 ], [ 2804431.956000001635402, 816015.456699998117983 ], [ 2804507.314200000837445, 815915.42689999891445 ], [ 2804525.586499999742955, 815926.477299999445677 ], [ 2804542.140700000338256, 815904.727099999785423 ], [ 2804581.13509999634698, 815854.312800005311146 ], [ 2804600.642099997960031, 815829.093000000342727 ], [ 2804618.742099999450147, 815805.69230000092648 ], [ 2804623.130699997302145, 815799.710799996275455 ], [ 2804636.364900004584342, 815782.863200001884252 ], [ 2804660.640699999872595, 815751.959500004071742 ], [ 2804670.832700000144541, 815738.414800003403798 ], [ 2804672.103000004310161, 815736.726500001270324 ], [ 2804677.344699997454882, 815730.1948000008706 ], [ 2804683.812200001440942, 815722.135599999921396 ], [ 2804704.065100000239909, 815698.736000005388632 ], [ 2804712.800399999134243, 815688.643600000767037 ], [ 2804721.1402000002563, 815680.540500003611669 ], [ 2804723.39639999344945, 815678.348299995996058 ], [ 2804755.254799998831004, 815641.138099996838719 ], [ 2804758.069000001065433, 815637.851100000785664 ], [ 2804772.3744, 815620.545999996364117 ], [ 2804778.619499993510544, 815613.435100001748651 ], [ 2804812.703299996443093, 815567.817399997962639 ], [ 2804813.22850000159815, 815567.119399995775893 ], [ 2804834.505699996370822, 815538.840000003809109 ], [ 2804875.060099998954684, 815484.939500004285946 ], [ 2804877.880799998529255, 815481.190599996130913 ], [ 2804879.550899996887892, 815479.216899997321889 ], [ 2804903.811800002586097, 815450.545900001190603 ], [ 2804907.882499997969717, 815445.735299997963011 ], [ 2804924.69749999884516, 815424.037200002465397 ], [ 2804926.195299999788404, 815422.104400001000613 ], [ 2804934.00119999749586, 815411.542799997609109 ], [ 2804962.582599994260818, 815383.576899997424334 ], [ 2804978.42340000346303, 815368.077200001804158 ], [ 2804989.688200000207871, 815357.282299996819347 ], [ 2805000.761699997354299, 815342.251000002026558 ], [ 2805008.056900002527982, 815332.3485000024084 ], [ 2805012.696000006515533, 815321.943500000284985 ], [ 2805020.626700001303107, 815304.155900003621355 ], [ 2805032.724000004120171, 815290.527399999788031 ], [ 2805040.001300003379583, 815282.329000003635883 ], [ 2805047.909500006120652, 815273.419799994211644 ], [ 2805068.333599997218698, 815244.803300004685298 ], [ 2805070.740599995478988, 815241.430799995549023 ], [ 2805077.094099997542799, 815234.925699999555945 ], [ 2805090.000200004316866, 815221.711700004059821 ], [ 2805110.109600001946092, 815201.122600002447143 ], [ 2805114.177900003269315, 815196.957300001056865 ], [ 2805122.0499, 815187.795499998610467 ], [ 2805132.620200002100319, 815175.493299996247515 ], [ 2805136.851900000590831, 815171.437299997545779 ], [ 2805138.284300004132092, 815170.064399998867884 ], [ 2805142.796600002795458, 815163.913499999558553 ], [ 2805164.771899996325374, 815133.958500002510846 ], [ 2805185.71180000109598, 815108.863599999807775 ], [ 2805187.252499998547137, 815107.017199996858835 ], [ 2805217.68220000108704, 815036.644000002648681 ], [ 2805217.683999998494983, 815036.639800002565607 ], [ 2805238.38359999563545, 815015.179699999745935 ], [ 2805267.09690000070259, 814980.647100003203377 ], [ 2805268.49379999935627, 814978.910000002942979 ], [ 2805318.231299994979054, 814940.803300003521144 ], [ 2805363.349800001829863, 814920.614500004565343 ], [ 2805377.605800007004291, 814909.885000005597249 ], [ 2805407.926399999763817, 814875.877799998037517 ], [ 2805434.854499999433756, 814843.068200001260266 ], [ 2805460.775700000114739, 814810.755899998592213 ], [ 2805487.738300004974008, 814775.798400002764538 ], [ 2805517.367700000293553, 814744.515599996317178 ], [ 2805546.542099993675947, 814709.990600002231076 ], [ 2805558.768200000282377, 814693.903000005055219 ], [ 2805570.994299998972565, 814677.815399999031797 ], [ 2805597.446799998637289, 814642.244800000218675 ], [ 2805626.284999997355044, 814607.928399997297674 ], [ 2805653.571500002872199, 814573.779300002381206 ], [ 2805677.220999998040497, 814537.749799999408424 ], [ 2805699.538000001572073, 814491.105800000019372 ], [ 2805791.025800000410527, 814374.921499998075888 ], [ 2806000.3227, 814120.148200003197417 ], [ 2806043.277199999894947, 814069.196699999272823 ], [ 2806073.04109999909997, 814035.138299999525771 ], [ 2806125.457500003743917, 813971.535100005567074 ], [ 2806150.789399999659508, 813941.176000000210479 ], [ 2806184.260099999606609, 813900.411600003484637 ], [ 2806252.609700000844896, 813820.194699995452538 ], [ 2806284.940300003625453, 813793.685999996727332 ], [ 2806327.920100001618266, 813765.295499995583668 ], [ 2806337.563600006978959, 813752.88050000066869 ], [ 2806479.63869999954477, 813550.127499999012798 ], [ 2806551.276100003626198, 813451.454299997305498 ], [ 2806584.073500002734363, 813410.039700005669147 ], [ 2806632.370899995788932, 813374.995399999199435 ], [ 2806676.288199997041374, 813345.764600005466491 ], [ 2806858.881700004916638, 813222.424500004155561 ], [ 2806877.124600002076477, 813208.452899996424094 ], [ 2806947.02639999659732, 813143.131299997447059 ], [ 2806963.63599999807775, 813127.610100000631064 ], [ 2807123.416199999395758, 812983.430799995083362 ], [ 2807201.070900002028793, 812913.358000000938773 ], [ 2807220.874799996148795, 812899.420899998396635 ], [ 2807290.804200003389269, 812843.810700001195073 ], [ 2807680.210900003556162, 812595.011200003325939 ], [ 2807709.299300001468509, 812582.240800001658499 ], [ 2808205.487000000663102, 812403.835599995683879 ], [ 2808321.330300002824515, 812364.769900000654161 ], [ 2808424.159999993164092, 812335.880000001285225 ], [ 2808512.214599994942546, 812323.495199997210875 ], [ 2808584.660800002980977, 812320.127300000516698 ], [ 2808680.340999998617917, 812322.361299999989569 ], [ 2808719.25480000115931, 812319.621700002579018 ], [ 2808749.863300007302314, 812313.667300002183765 ], [ 2808816.260899994987994, 812283.960000005085021 ], [ 2808974.764700007159263, 812220.550999995321035 ], [ 2809166.053000001702458, 812116.463899999624118 ], [ 2809166.092899999581277, 812116.442200005752966 ], [ 2809408.549300004728138, 811953.01740000071004 ], [ 2809510.519900002051145, 811913.199000003980473 ], [ 2809745.099699997808784, 811836.93050000211224 ], [ 2810129.9767000018619, 811725.217899999581277 ], [ 2810238.104500003624707, 811669.311000002780929 ], [ 2810259.922399997711182, 811647.991300005465746 ], [ 2810334.182499994058162, 811604.644999999785796 ], [ 2810433.697100002318621, 811549.490100003080443 ], [ 2810456.741500000469387, 811539.38470000308007 ], [ 2810542.505700001958758, 811513.128799998899922 ], [ 2810549.570499998982996, 811510.96550000179559 ], [ 2810567.781300002709031, 811505.165500001981854 ], [ 2810659.114400003105402, 811426.567999999737367 ], [ 2810714.416000001132488, 811390.143400002736598 ], [ 2810743.794299994129688, 811349.545999998226762 ], [ 2810778.168299999088049, 811298.419899999396876 ], [ 2810854.961999997496605, 811184.200899995863438 ], [ 2810885.856700007338077, 811148.50529999868013 ], [ 2810913.615299996454269, 811116.432699998607859 ], [ 2810952.730700001586229, 811071.238799997838214 ], [ 2811028.694900000933558, 811008.004699998302385 ], [ 2811066.452900001779199, 810961.890099995303899 ], [ 2811238.701700001955032, 810771.15589999826625 ], [ 2811262.43410000577569, 810739.046100001316518 ], [ 2811296.005099994130433, 810687.973700002301484 ], [ 2811305.208699997048825, 810586.862500004703179 ], [ 2811309.397499998565763, 810575.131099996156991 ], [ 2811325.53249999973923, 810553.068900004029274 ], [ 2811374.604099995456636, 810515.922100003110245 ], [ 2811401.531300000846386, 810504.209100000094622 ], [ 2811429.569900002796203, 810492.666900003794581 ], [ 2811577.174099993426353, 810478.903099998133257 ], [ 2811650.940300006885082, 810437.889899996574968 ], [ 2811659.225899999495596, 810449.263699997682124 ], [ 2811686.862300004810095, 810430.217300001531839 ], [ 2811727.412100003566593, 810431.946899995673448 ], [ 2811772.368099999148399, 810452.18389999656938 ], [ 2811792.475500006694347, 810481.478900003945455 ], [ 2811840.300099996849895, 810469.176299998303875 ], [ 2811872.600700002163649, 810461.57270000455901 ], [ 2811900.214500001631677, 810453.542899996507913 ], [ 2811949.70629999646917, 810442.317699999781325 ], [ 2811980.601099994033575, 810435.913900000508875 ], [ 2811984.881700004450977, 810434.90309999906458 ], [ 2812025.615799996536225, 810424.797400000970811 ], [ 2812057.445699994452298, 810416.900799999246374 ], [ 2812102.482500003185123, 810405.727699997602031 ], [ 2812140.989299994893372, 810396.756099998252466 ], [ 2812196.212099997326732, 810383.17509999522008 ], [ 2812222.369199994951487, 810376.769100003642961 ], [ 2812223.30650000507012, 810376.539500002516434 ], [ 2812248.899299998302013, 810370.65790000022389 ], [ 2812271.169699995778501, 810366.0005000049714 ], [ 2812292.76450000423938, 810362.158100004307926 ], [ 2812299.371300000231713, 810360.836699995910749 ], [ 2812328.847300003748387, 810354.802900003269315 ], [ 2812353.4455, 810352.827300001634285 ], [ 2812373.593099994584918, 810351.577499998966232 ], [ 2812401.641099996399134, 810357.087299996754155 ], [ 2812425.855099998414516, 810364.774299999000505 ], [ 2812434.252099998295307, 810378.372699999483302 ], [ 2812480.588100004009902, 810360.037700003944337 ], [ 2812504.88950000423938, 810351.617500002030283 ], [ 2812509.618699998129159, 810349.880299996584654 ], [ 2812509.660899993497878, 810349.864699997007847 ], [ 2812513.608499992638826, 810348.414500001817942 ], [ 2812522.485699996352196, 810345.072299997787923 ], [ 2812530.467100000940263, 810342.066499998327345 ], [ 2812547.184900000225753, 810335.770500001963228 ], [ 2812624.300899994093925, 810305.906700000166893 ], [ 2812663.754500001203269, 810291.63170000212267 ], [ 2812679.511299997102469, 810286.202100003371015 ], [ 2812693.862899999134243, 810281.641100002918392 ], [ 2812695.320500003639609, 810281.177700000349432 ], [ 2812734.336699998937547, 810268.000300005543977 ], [ 2812738.920900001656264, 810266.452100001974031 ], [ 2812763.696099995169789, 810258.084500003838912 ], [ 2812769.638700001873076, 810256.077299999538809 ], [ 2812775.29790000198409, 810253.480900004506111 ], [ 2812781.186700003221631, 810250.631100001279265 ], [ 2812788.67710000090301, 810247.00609999592416 ], [ 2812813.614900002256036, 810231.649900001008064 ], [ 2812821.283900002483279, 810223.934300003806129 ], [ 2812823.240500002168119, 810221.965199999976903 ], [ 2812834.891099997796118, 810210.240499999374151 ], [ 2812868.117700001690537, 810192.182900003623217 ], [ 2812876.794500004034489, 810187.467300001066178 ], [ 2812898.507100002840161, 810176.76790000544861 ], [ 2812914.306699999142438, 810168.982299998635426 ], [ 2812950.886500003281981, 810150.95649999845773 ], [ 2812995.132299999240786, 810131.636700001079589 ], [ 2813021.929499999154359, 810121.035499998135492 ], [ 2813050.823099999222904, 810107.24829999729991 ], [ 2813071.386900003068149, 810098.573500003200024 ], [ 2813100.914899996016175, 810085.603499998338521 ], [ 2813124.943299998529255, 810070.891500000376254 ], [ 2813146.684500001370907, 810055.188700002618134 ], [ 2813151.81810000166297, 810051.480700000887737 ], [ 2813164.236900002229959, 810041.122100003063679 ], [ 2813165.766700000502169, 810039.845899997744709 ], [ 2813182.540100002195686, 810022.53910000086762 ], [ 2813198.863300007302314, 810005.744100001407787 ], [ 2813235.452300000935793, 809961.874699995387346 ], [ 2813256.98830000590533, 809932.922899997327477 ], [ 2813271.561700005084276, 809912.6452999971807 ], [ 2813280.082099998835474, 809900.120299998205155 ], [ 2813275.03350000269711, 809854.137499998090789 ], [ 2813289.268900000955909, 809828.649900004034862 ], [ 2813329.314899999648333, 809789.364499998977408 ], [ 2813332.965500000864267, 809798.418900001561269 ], [ 2813360.280800003092736, 809785.231899996288121 ], [ 2813382.036899995058775, 809770.445199997164309 ], [ 2813396.150300002191216, 809756.957800000440329 ], [ 2813485.582199995405972, 809669.536400000099093 ], [ 2813490.471699999645352, 809664.686000004177913 ], [ 2813551.672499998938292, 809603.965600001392886 ], [ 2813622.501999993342906, 809524.691200003726408 ], [ 2813647.851499997079372, 809497.545299996621907 ], [ 2813670.844500001519918, 809472.966100002173334 ], [ 2813709.921700001228601, 809429.341500002425164 ], [ 2813725.754800003021955, 809413.534999996423721 ], [ 2813787.217700000386685, 809352.605500002857298 ], [ 2813763.174099992960691, 809304.793899999000132 ], [ 2813749.381599995773286, 809277.370700006140396 ], [ 2813742.794899997767061, 809264.274500001221895 ], [ 2813740.819900001399219, 809260.34770000143908 ], [ 2813720.968900001142174, 809286.962300000479445 ], [ 2813695.089100006502122, 809233.653299997793511 ], [ 2813661.3286999957636, 809253.042100005317479 ], [ 2813643.19889999832958, 809248.890900003956631 ], [ 2813620.609300000127405, 809256.57410000055097 ], [ 2813603.054499996360391, 809246.374900001101196 ], [ 2813596.674500004388392, 809245.85109999938868 ], [ 2813578.429700004402548, 809203.719100000336766 ], [ 2813564.068299998994917, 809170.077900000847876 ], [ 2813549.740300002973527, 809136.596500003011897 ], [ 2813534.749899996444583, 809101.629300000378862 ], [ 2813534.45310000050813, 809100.623699998948723 ], [ 2813534.133900000248104, 809099.543900005053729 ], [ 2813525.14590000314638, 809067.220500000985339 ], [ 2813513.955500000622123, 809029.315900003770366 ], [ 2813508.914300005417317, 809003.173899997025728 ], [ 2813508.681100000161678, 809001.964899995597079 ], [ 2813505.640699999406934, 808977.777699999744073 ], [ 2813472.088899997062981, 808910.985500000417233 ], [ 2813450.394099998753518, 808872.418900005752221 ], [ 2813439.544699995778501, 808852.553100004093722 ], [ 2813434.316499997861683, 808844.658300000010058 ], [ 2813422.39350000070408, 808836.748700002674013 ], [ 2813401.912299998570234, 808836.59349999576807 ], [ 2813376.247899999842048, 808804.755100000649691 ], [ 2813371.415299995802343, 808783.262500000884756 ], [ 2813369.7867, 808747.435300002107397 ], [ 2813371.36609999416396, 808739.436099997023121 ], [ 2813365.316900003701448, 808730.625500001013279 ], [ 2813248.454899999313056, 808779.10550000355579 ], [ 2813239.480899997521192, 808761.576900000916794 ], [ 2813238.775500003248453, 808735.730099994456396 ], [ 2813231.760700005572289, 808714.470299996668473 ], [ 2813208.272099999245256, 808626.840699999593198 ], [ 2813233.108099995646626, 808613.198700000764802 ], [ 2813224.321900003124028, 808582.068900000536814 ], [ 2813196.669899998232722, 808589.570100001292303 ], [ 2813081.759900007862598, 808620.741700002457947 ], [ 2813077.943699999246746, 808599.371900000376627 ], [ 2813076.602300007361919, 808591.867299997247756 ], [ 2813074.51450000051409, 808573.017900000093505 ], [ 2813071.998499997425824, 808559.263300001854077 ], [ 2813068.728699997067451, 808544.207499998155981 ], [ 2813068.121899998746812, 808541.413100004894659 ], [ 2813067.098499996587634, 808536.701500000897795 ], [ 2813063.233099995646626, 808523.644099997822195 ], [ 2813059.847100000362843, 808508.917299998225644 ], [ 2813059.395000000484288, 808506.961899999761954 ], [ 2813057.310900003183633, 808497.940500002820045 ], [ 2813044.659100007731467, 808457.153299998492002 ], [ 2813042.16830000653863, 808451.244100001174957 ], [ 2813038.099499996285886, 808441.590700004482642 ], [ 2813035.372100004926324, 808435.120299997739494 ], [ 2813030.059299997519702, 808422.515899997670203 ], [ 2813021.860499997623265, 808403.064900001976639 ], [ 2813011.076500000897795, 808377.480500000761822 ], [ 2812989.742500002030283, 808342.24009999842383 ], [ 2812981.140500006265938, 808325.861099997768179 ], [ 2812979.537499997764826, 808303.213300001807511 ], [ 2812976.958500000182539, 808285.874099995475262 ], [ 2812969.032499996479601, 808259.084100003819913 ], [ 2812947.224899997003376, 808205.217899998882785 ], [ 2812935.095000000670552, 808165.461999997263774 ], [ 2812934.204899992793798, 808162.544900002656505 ], [ 2812926.641300002112985, 808147.758699994534254 ], [ 2812919.627300002146512, 808140.488299996359274 ], [ 2812913.540300000458956, 808134.526899998541921 ], [ 2812905.675800001248717, 808121.251800002297387 ], [ 2812900.853900003712624, 808113.112499998649582 ], [ 2812826.458300003781915, 808030.008500002557412 ], [ 2812825.888400004711002, 808029.371899999445304 ], [ 2812807.623800004832447, 808008.969200003892183 ], [ 2812806.4243, 808007.629300002474338 ], [ 2812805.089400005061179, 808006.138099995674565 ], [ 2812804.046799999661744, 808004.973499999148771 ], [ 2812795.098700000438839, 807995.167900003260002 ], [ 2812794.538099996279925, 807994.553399997297674 ], [ 2812771.200400000438094, 807968.978799999458715 ], [ 2812771.19410000462085, 807968.971899998374283 ], [ 2812748.477799998130649, 807944.078299999935552 ], [ 2812747.822400003205985, 807943.360100003425032 ], [ 2812705.543000001460314, 807897.028299998026341 ], [ 2812704.182499993126839, 807895.53739999840036 ], [ 2812703.035899999085814, 807894.280900005251169 ], [ 2812696.593599996063858, 807887.221099997404963 ], [ 2812695.182400004472584, 807883.30130000365898 ], [ 2812694.802100003231317, 807882.244700003182516 ], [ 2812684.086300001014024, 807852.480199998943135 ], [ 2812649.398800004273653, 807790.776899997144938 ], [ 2811658.347000006586313, 806517.226899996167049 ], [ 2811424.600500006228685, 806214.630399996647611 ], [ 2811144.754699995275587, 806147.475100000621751 ], [ 2811020.874200001358986, 806117.747499995166436 ], [ 2810901.079400006681681, 806089.000299998326227 ], [ 2810840.788400001358241, 806074.531700003659353 ], [ 2810788.887100000400096, 806062.076399998739362 ], [ 2810774.76910000666976, 806058.689399995142594 ], [ 2810742.128399996552616, 806050.856100003700703 ], [ 2810720.414999999571592, 806045.640400001313537 ], [ 2810651.845899998676032, 806029.167399999452755 ], [ 2810605.550599997863173, 806018.046499998308718 ], [ 2810389.994100001174957, 805966.262300004018471 ], [ 2810283.588600006420165, 805940.699799998197705 ], [ 2810214.519699995405972, 805924.107999997446314 ], [ 2810174.609700000379235, 805914.520400001434609 ], [ 2810143.375600004103035, 805907.016600005095825 ], [ 2810110.257299994584173, 805899.064400000497699 ], [ 2810085.493500000331551, 805893.118600002489984 ], [ 2809833.353400002699345, 805832.582299999892712 ], [ 2809707.494499992579222, 805802.364800001261756 ], [ 2809705.456799999345094, 805801.875699997413903 ], [ 2809688.777199996635318, 805797.871899998979643 ], [ 2809601.18220000108704, 805776.8427000020165 ], [ 2809583.490400003269315, 805772.59540000394918 ], [ 2809579.816800001077354, 805771.713399998145178 ], [ 2809538.237999997101724, 805761.730900001246482 ], [ 2809446.577299995813519, 805739.727300002006814 ], [ 2809410.993299998342991, 805731.184999995166436 ], [ 2809111.600599996745586, 805659.309900005115196 ], [ 2809111.408299997914582, 805659.263700002571568 ], [ 2809033.862300001550466, 805640.647799999918789 ], [ 2808956.4523, 805622.064100004965439 ], [ 2808732.59989999840036, 805568.324499994749203 ], [ 2808694.036300002597272, 805559.085400004405528 ], [ 2808656.136500001884997, 805550.005700004054233 ], [ 2808505.087100001052022, 805513.81969999615103 ], [ 2808397.981099996250123, 805488.15980000467971 ], [ 2808296.955099996179342, 805463.95809999643825 ], [ 2808256.641500001307577, 805454.298799998592585 ], [ 2807978.516099994536489, 805387.670199998188764 ], [ 2807861.353799995500594, 805359.555500000948086 ], [ 2807707.528599999379367, 805322.640500002074987 ], [ 2807654.828100004699081, 805309.995200004661456 ], [ 2807548.690100001171231, 805284.524599995464087 ], [ 2807502.098100000526756, 805273.343199998605996 ], [ 2807366.42740000365302, 805240.78700000140816 ], [ 2807158.401799999177456, 805190.867199994856492 ], [ 2807028.661099998746067, 805159.732700003078207 ], [ 2806895.10140000237152, 805127.680999999167398 ], [ 2806665.069799995515496, 805072.480100001441315 ], [ 2806564.509300002362579, 805048.350400002440438 ], [ 2806463.5143, 805024.113100001821294 ], [ 2806453.185800005216151, 805021.636300004087389 ], [ 2806421.035899999551475, 805013.920100002083927 ], [ 2806378.672099998686463, 805003.756399998674169 ], [ 2806360.896699998993427, 804999.489700003992766 ], [ 2806347.283100002445281, 804996.223200000589713 ], [ 2806291.177500005345792, 804982.758100002771243 ], [ 2806219.479900003876537, 804965.553600002313033 ], [ 2806188.487299999687821, 804958.117099997354671 ], [ 2806132.110099998768419, 804944.587499996414408 ], [ 2806084.498499992769212, 804933.050700001651421 ], [ 2806020.376100000459701, 804917.511899997480214 ], [ 2806010.650300000328571, 804915.154899998567998 ], [ 2805963.699499999638647, 804903.776899997144938 ], [ 2805907.118699996732175, 804890.073900002986193 ], [ 2805863.102500001899898, 804879.631200003903359 ], [ 2805845.336400005966425, 804875.416099995840341 ], [ 2805832.0536999986507, 804872.264999998034909 ], [ 2805786.222900005057454, 804861.392299996456131 ], [ 2805765.285099996253848, 804856.425100000808015 ], [ 2805625.879600000102073, 804823.350800001528114 ], [ 2805566.560099994298071, 804809.277199995703995 ], [ 2805547.028100002091378, 804804.643399996915832 ], [ 2805366.650100000202656, 804761.850600001867861 ], [ 2805346.262500004842877, 804757.013799997512251 ], [ 2805337.814000005833805, 804755.009500004351139 ], [ 2805282.660999994259328, 804741.923099994426593 ], [ 2805255.785800005309284, 804735.547600000631064 ], [ 2805255.757700001355261, 804735.540900001302361 ], [ 2805245.1327, 804733.020400000037625 ], [ 2805109.122800000943244, 804700.754200003342703 ], [ 2805090.555699996184558, 804695.141100000822917 ], [ 2805090.533899997361004, 804695.133400001795962 ], [ 2805090.439400005154312, 804695.100299999816343 ], [ 2805083.928100000601262, 804692.815000002970919 ], [ 2805080.921899998094887, 804691.759900001809001 ], [ 2805002.323700002860278, 804679.201699995668605 ], [ 2804965.864100001286715, 804676.891399999149144 ], [ 2804931.639900001697242, 804674.722700000507757 ], [ 2804875.205700004007667, 804676.478300002869219 ], [ 2804848.801099999342114, 804677.176499997731298 ], [ 2804826.913099998608232, 804680.548099994892254 ], [ 2804810.746699996758252, 804685.103299999143928 ], [ 2804795.584099998697639, 804692.54889999749139 ], [ 2804786.539399994071573, 804699.00929999910295 ], [ 2804761.09030000353232, 804717.186900004046038 ], [ 2804747.596100002061576, 804728.770999997388572 ], [ 2804740.272200005594641, 804735.057999996934086 ], [ 2804730.641400006134063, 804740.428199996007606 ], [ 2804719.957999995909631, 804743.388700004899874 ], [ 2804710.6675999998115, 804743.194899997673929 ], [ 2804702.738000000827014, 804741.439699998823926 ], [ 2804693.022200006060302, 804736.197600002400577 ], [ 2804683.869300003629178, 804729.37449999852106 ], [ 2804674.480999995488673, 804721.221499998122454 ], [ 2804667.757700006477535, 804712.52959999628365 ], [ 2804663.122100001201034, 804705.537500000791624 ], [ 2804660.098599997814745, 804697.781800004187971 ], [ 2804658.150300002191216, 804689.251799999736249 ], [ 2804653.188799997325987, 804579.245399996405467 ], [ 2804652.717800000682473, 804541.955299996305257 ], [ 2804650.67700000340119, 804525.201099998084828 ], [ 2804644.654600001405925, 804508.363999999826774 ], [ 2804635.244400006253272, 804488.338899995898828 ], [ 2804618.885499994736165, 804461.12980000115931 ], [ 2804604.605099995154887, 804437.377700002631173 ], [ 2804598.875299998093396, 804427.846900001866743 ], [ 2804591.158299997914582, 804417.757699997862801 ], [ 2804582.102299999445677, 804412.098299996228889 ], [ 2804573.588299998082221, 804409.449099995894358 ], [ 2804561.221899999305606, 804409.002099999692291 ], [ 2804545.571100000292063, 804410.767899999860674 ], [ 2804529.759299998171628, 804413.293300002813339 ], [ 2804512.962099997792393, 804416.036300002597272 ], [ 2804500.53490000590682, 804418.58830000134185 ], [ 2804486.979299996979535, 804419.721699998481199 ], [ 2804476.744499996304512, 804419.472499999217689 ], [ 2804466.726699996273965, 804418.10030000214465 ], [ 2804453.900300006382167, 804415.288699995726347 ], [ 2804439.01750000147149, 804410.788100003264844 ], [ 2804355.123099998570979, 804380.075699995737523 ], [ 2804353.305299999192357, 804379.464300002669916 ], [ 2804335.006099998019636, 804373.309299999615178 ], [ 2804321.27750000776723, 804369.257099997485057 ], [ 2804312.747500003315508, 804367.8102999960538 ], [ 2804306.480100002139807, 804367.051900003338233 ], [ 2804298.320100004319102, 804366.252900002757087 ], [ 2804263.610299999825656, 804365.530699998838827 ], [ 2804255.6394999967888, 804364.967499998863786 ], [ 2804250.450100000482053, 804364.643899996532127 ], [ 2804240.801099997013807, 804363.031900000292808 ], [ 2804233.220899998210371, 804361.360300002852455 ], [ 2804227.676299997139722, 804359.205099999438971 ], [ 2804222.545699995476753, 804357.219700003042817 ], [ 2804216.672099999617785, 804352.448699999600649 ], [ 2804212.930699997581542, 804348.427499995101243 ], [ 2804206.47049999749288, 804339.620700004743412 ], [ 2804159.180300001520663, 804283.976300000678748 ], [ 2804150.000900000333786, 804271.647099999245256 ], [ 2804144.44769999710843, 804258.440499995835125 ], [ 2804140.847700000274926, 804244.779899998567998 ], [ 2804139.806100002955645, 804228.123300005216151 ], [ 2804138.909100002609193, 804175.785699997097254 ], [ 2804137.763499998953193, 804164.117099998984486 ], [ 2804135.203500003553927, 804153.805700003402308 ], [ 2804131.214900001417845, 804145.406700004125014 ], [ 2804125.286500000394881, 804136.965099997585639 ], [ 2804117.64670000039041, 804130.708499999484047 ], [ 2804105.2635000012815, 804125.737499998183921 ], [ 2804081.1831, 804117.029300003778189 ], [ 2804078.148699996992946, 804115.477499996311963 ], [ 2804071.574500002898276, 804112.115500001003966 ], [ 2804060.895499994512647, 804105.239899998530746 ], [ 2804052.231500003486872, 804097.298500005854294 ], [ 2804042.153300004545599, 804085.720900001237169 ], [ 2804040.326899994164705, 804083.381500001298264 ], [ 2804025.467099999077618, 804064.353700003586709 ], [ 2803980.224699997808784, 804006.421300001908094 ], [ 2803969.691100001800805, 803992.617300000274554 ], [ 2803964.333800001535565, 803983.355900002410635 ], [ 2803962.578500006347895, 803978.230700002284721 ], [ 2803960.917299999855459, 803973.380499999271706 ], [ 2803957.535899999085814, 803962.540100001962855 ], [ 2803953.813900002278388, 803941.351499997777864 ], [ 2803952.591700003948063, 803915.975300001911819 ], [ 2803950.407099998556077, 803874.25330000394024 ], [ 2803947.765500001143664, 803831.22549999714829 ], [ 2803946.33370000263676, 803744.163300000363961 ], [ 2803940.979900001082569, 803703.68690000474453 ], [ 2803936.953500005416572, 803655.667299997061491 ], [ 2803935.846099998801947, 803625.379499999340624 ], [ 2803933.742700001224875, 803567.857900005299598 ], [ 2803928.709299992769957, 803543.039499999023974 ], [ 2803921.046700002625585, 803524.554100001929328 ], [ 2803918.377500000875443, 803520.774300001561642 ], [ 2803905.451300004962832, 803502.462900002952665 ], [ 2803881.737299997359514, 803485.016700000269338 ], [ 2803831.568300000391901, 803451.667099997168407 ], [ 2803815.619900007266551, 803441.175700005143881 ], [ 2803731.485500002745539, 803385.38750000204891 ], [ 2803727.062899999786168, 803382.457900003064424 ], [ 2803719.503300007432699, 803377.504099997226149 ], [ 2803664.71869999775663, 803340.971899998839945 ], [ 2803657.130099998787045, 803331.747300003189594 ], [ 2803652.677900000941008, 803320.823300004471093 ], [ 2803652.193499997258186, 803309.790899997577071 ], [ 2803655.234700005035847, 803297.689900003373623 ], [ 2803660.206899999175221, 803287.274500001454726 ], [ 2803665.963899997062981, 803279.929100003791973 ], [ 2803678.342099998146296, 803272.721900001866743 ], [ 2803676.06749999942258, 803267.839299998478964 ], [ 2803675.730800005141646, 803264.484800000442192 ], [ 2803675.565300003625453, 803262.835700003430247 ], [ 2803673.478699997998774, 803256.442900000140071 ], [ 2803669.502899998333305, 803248.216499996604398 ], [ 2803663.574199999216944, 803248.965600003022701 ], [ 2803618.59550000121817, 803254.649199997773394 ], [ 2803610.335600000806153, 803233.990400001872331 ], [ 2803609.292199997697026, 803231.380800001323223 ], [ 2803609.128200004342943, 803230.97059999871999 ], [ 2803609.023000005166978, 803230.707599997287616 ], [ 2803608.649000000208616, 803230.06310000224039 ], [ 2803607.632600004319102, 803228.311400002101436 ], [ 2803585.915799996349961, 803190.885899994987994 ], [ 2803585.897200006525964, 803190.853899997659028 ], [ 2803584.69690000358969, 803188.785300003364682 ], [ 2803584.660899999085814, 803188.72320000291802 ], [ 2803583.128400000277907, 803186.082400003215298 ], [ 2803562.515400003641844, 803150.558900001458824 ], [ 2803561.618000000249594, 803148.744399999501184 ], [ 2803561.60299999685958, 803148.713999998057261 ], [ 2803558.798199994955212, 803143.042800002498552 ], [ 2803556.927500002551824, 803139.260300001362339 ], [ 2803555.806699997279793, 803136.993999997619539 ], [ 2803555.787699995096773, 803136.955599999288097 ], [ 2803554.935099999886006, 803135.231699996162206 ], [ 2803537.933999999426305, 803100.855799997225404 ], [ 2803537.408900000154972, 803099.793999996734783 ], [ 2803536.778899999801069, 803098.517399996751919 ], [ 2803505.747599998489022, 803035.7759 ], [ 2803504.873300000559539, 803034.008100000442937 ], [ 2803504.083099995274097, 803032.410399997374043 ], [ 2803484.573600003030151, 802992.962700000032783 ], [ 2803483.590599998831749, 802990.975199999054894 ], [ 2803482.604099995922297, 802988.98040000256151 ], [ 2803463.872599994763732, 802951.105699998093769 ], [ 2803462.069899995345622, 802947.460600003600121 ], [ 2803461.00029999949038, 802945.297999999253079 ], [ 2803442.395200000144541, 802907.679000000702217 ], [ 2803440.378999998793006, 802903.602200002409518 ], [ 2803324.30799999833107, 802668.909600005252287 ], [ 2803290.230299998540431, 802600.005300001008436 ], [ 2803271.016699999570847, 802561.155900005018339 ], [ 2803251.957799999043345, 802522.619299999438226 ], [ 2803231.842999999877065, 802481.947799999034032 ], [ 2803221.636299994308501, 802461.310100000817329 ], [ 2803104.865699995774776, 802225.202799995895475 ], [ 2802983.115800000261515, 801978.66610000282526 ], [ 2802965.123099993448704, 801942.872999996878207 ], [ 2802897.752400001510978, 801807.036000000312924 ], [ 2802864.483099993783981, 801739.797900000819936 ], [ 2802788.10179999936372, 801584.724200000055134 ], [ 2802260.170199997257441, 800518.448400000110269 ], [ 2802212.171999994199723, 800421.442499999189749 ], [ 2801091.32379999756813, 798154.046000000322238 ], [ 2801006.451500001829118, 798166.097699996782467 ], [ 2800969.497799998149276, 798163.67979999887757 ], [ 2800942.806799996644258, 798161.051000003470108 ], [ 2800891.460400000214577, 798191.705899996450171 ], [ 2800852.699400002136827, 798202.520600001327693 ], [ 2800844.855200002435595, 798212.831600002478808 ], [ 2800842.6834, 798223.667899996042252 ], [ 2800841.142500000540167, 798241.523699996294454 ], [ 2800854.874099998734891, 798308.943099998636171 ], [ 2800845.045100007671863, 798342.836800003424287 ], [ 2800818.551299998071045, 798406.625799998641014 ], [ 2800812.13790000602603, 798510.771499995840713 ], [ 2800814.710699995048344, 798599.021200002171099 ], [ 2800801.832599995657802, 798720.661199998576194 ], [ 2800807.298600002657622, 798815.317299999762326 ], [ 2800816.09399999352172, 798898.866399998078123 ], [ 2800817.49400000507012, 798986.772100005997345 ], [ 2800833.919499997515231, 799065.904099998995662 ], [ 2800846.031099993269891, 799114.265399998985231 ], [ 2800861.04879999672994, 799150.489999998128042 ], [ 2800888.469800006132573, 799208.191799998981878 ], [ 2800904.366899993270636, 799261.771599998464808 ], [ 2800920.329299998469651, 799325.766199994832277 ], [ 2800979.446400003507733, 799423.01680000545457 ], [ 2801022.372900004964322, 799517.181600001640618 ], [ 2801039.12490000249818, 799573.667299998225644 ], [ 2801054.416500006336719, 799628.876000000163913 ], [ 2801063.129900000989437, 799703.410699998959899 ], [ 2801063.216200002934784, 799779.012899997876957 ], [ 2801064.046599995810539, 799884.650300001725554 ], [ 2801048.028599996119738, 799954.847999997902662 ], [ 2801022.870800003875047, 800124.74429999734275 ], [ 2801023.153599996585399, 800143.594799999380484 ], [ 2801026.664099999237806, 800160.091500002890825 ], [ 2801022.031400005333126, 800172.830699996557087 ], [ 2801020.166599997319281, 800195.960399997420609 ], [ 2801018.336399998981506, 800234.147799995727837 ], [ 2801021.380200002342463, 800261.849300000350922 ], [ 2801024.336800000164658, 800279.222699995851144 ], [ 2801025.847400003578514, 800285.27679999708198 ], [ 2801031.197999995667487, 800291.405599999241531 ], [ 2801038.19679999910295, 800297.024099994683638 ], [ 2801048.323400001972914, 800302.600200001848862 ], [ 2801066.288999995682389, 800311.292700000340119 ], [ 2801073.966299999505281, 800317.405200001318008 ], [ 2801077.442400002852082, 800323.917199998395517 ], [ 2801078.614400000311434, 800329.480899997754022 ], [ 2801078.482600005809218, 800342.095899999374524 ], [ 2801069.431299998424947, 800351.422700003487989 ], [ 2801065.176399997901171, 800358.917500003241003 ], [ 2801051.855499993544072, 800375.84470000048168 ], [ 2801022.64549999916926, 800408.422100000316277 ], [ 2800987.448700004257262, 800457.342500005150214 ], [ 2800974.779000002890825, 800477.288800003938377 ], [ 2800953.857000004034489, 800503.299200000474229 ], [ 2800924.4324000030756, 800524.229899998055771 ], [ 2800904.526800000108778, 800552.04740000446327 ], [ 2800884.622399998363107, 800579.861700001405552 ], [ 2800863.0929, 800614.329999996814877 ], [ 2800850.617700007278472, 800642.300599996931851 ], [ 2800842.54070000583306, 800684.25230000144802 ], [ 2800838.815, 800721.226699999533594 ], [ 2800828.722200000658631, 800762.76700000022538 ], [ 2800821.877499999478459, 800782.502900001360103 ], [ 2800810.719600002747029, 800797.972800000803545 ], [ 2800801.209100001957268, 800812.394500000169501 ], [ 2800800.702899998985231, 800823.752999999793246 ], [ 2800807.217600005678833, 800846.115899998927489 ], [ 2800818.519800000824034, 800873.226899997564033 ], [ 2800821.110100001562387, 800900.948900003451854 ], [ 2800820.567599995527416, 800927.024600000819191 ], [ 2800816.814499996136874, 800955.405900003388524 ], [ 2800808.332200002390891, 800982.897500001359731 ], [ 2800808.387999998405576, 801018.253400005633011 ], [ 2800823.775999997276813, 801043.307100004050881 ], [ 2800832.159699995070696, 801071.164700001245365 ], [ 2800840.509799999650568, 801100.649299998069182 ], [ 2800849.489399996120483, 801139.103399998275563 ], [ 2800860.709999998100102, 801187.375200004084036 ], [ 2800885.178000004496425, 801225.336299998452887 ], [ 2800900.111299999523908, 801251.701600001659244 ], [ 2800918.562299997080117, 801320.940300002461299 ], [ 2800942.340400003828108, 801382.610899996710941 ], [ 2800967.727799997664988, 801415.706199997337535 ], [ 2800999.01490000076592, 801439.154399997089058 ], [ 2801015.559299997519702, 801466.36699999938719 ], [ 2801022.791200001258403, 801510.48409999650903 ], [ 2801023.491700002457947, 801555.280000000959262 ], [ 2801027.584200005512685, 801593.632900000782683 ], [ 2801036.989700000267476, 801619.30790000106208 ], [ 2801050.211799998302013, 801639.76980000291951 ], [ 2801061.010399994906038, 801643.908299998380244 ], [ 2801070.992900000885129, 801645.421100002480671 ], [ 2801080.432499997317791, 801652.14400000567548 ], [ 2801089.35429999884218, 801662.771299995947629 ], [ 2801097.279600000940263, 801679.469799994956702 ], [ 2801106.081600003410131, 801688.42610000143759 ], [ 2801138.86670000012964, 801695.813000001711771 ], [ 2801153.999300000723451, 801700.914099996443838 ], [ 2801164.998299998696893, 801716.370000000810251 ], [ 2801177.503499997779727, 801743.170499997679144 ], [ 2801214.47439999692142, 801807.897100001340732 ], [ 2801267.379800000227988, 801857.096399996662512 ], [ 2801305.816599999554455, 801897.844399995869026 ], [ 2801315.635300004854798, 801931.932399998651817 ], [ 2801329.089000003412366, 801963.736700000939891 ], [ 2801346.895600001793355, 801993.50580000015907 ], [ 2801341.502999998629093, 802026.329499996965751 ], [ 2801325.45600000070408, 802058.930800000438467 ], [ 2801309.764900000300258, 802085.769500002963468 ], [ 2801292.867600004654378, 802105.622599998721853 ], [ 2801275.112600001506507, 802125.498399996664375 ], [ 2801229.601200001314282, 802161.730200003832579 ], [ 2801169.451499995775521, 802197.452599998563528 ], [ 2801103.04039999563247, 802269.658599995076656 ], [ 2801040.350199996493757, 802322.108899999409914 ], [ 2801033.546800004784018, 802343.262999998638406 ], [ 2801032.270300000905991, 802370.084499996621162 ], [ 2801016.543799992650747, 802388.403199999593198 ], [ 2800981.76820000493899, 802407.68570000352338 ], [ 2800960.748899999074638, 802432.864300003973767 ], [ 2800961.562900003045797, 802469.523500000359491 ], [ 2800960.598499997053295, 802515.939800001680851 ], [ 2800966.398299995344132, 802540.843400005251169 ], [ 2800960.174000001512468, 802558.282199998153374 ], [ 2800960.968399998731911, 802585.331599996192381 ], [ 2800946.432400007266551, 802612.065500003052875 ], [ 2800962.596699995920062, 802637.184200004441664 ], [ 2800966.14239999698475, 802661.589800003683195 ], [ 2800976.613600003067404, 802692.436100001214072 ], [ 2800976.788399999495596, 802703.208400000352412 ], [ 2800973.832500003278255, 802731.016499998047948 ], [ 2800995.331100000534207, 802766.957699999446049 ], [ 2800999.7887, 802770.586000001989305 ], [ 2801013.448799997102469, 802782.107500004116446 ], [ 2801016.026199998799711, 802787.20659999968484 ], [ 2801014.383300001733005, 802793.079399997834116 ], [ 2801010.926600003615022, 802805.4894999996759 ], [ 2801021.093400002457201, 802831.148400000529364 ], [ 2801028.288399998098612, 802880.579100003233179 ], [ 2801017.180500001180917, 802891.621300004888326 ], [ 2801008.835, 802905.543599996948615 ], [ 2800998.176700003445148, 802933.704300004057586 ], [ 2800983.086799998302013, 802952.413900000741705 ], [ 2800983.042200000490993, 802952.469199996674433 ], [ 2800976.044799999799579, 802961.145200000843033 ], [ 2800973.234999999869615, 802973.16299999714829 ], [ 2800978.811700003221631, 802992.739400003571063 ], [ 2800996.19009999698028, 803018.448800003621727 ], [ 2801017.140600003302097, 803033.631999999517575 ], [ 2801059.053099993616343, 803075.937100002542138 ], [ 2801069.956699996255338, 803092.760100000537932 ], [ 2801073.174900001380593, 803104.627899998566136 ], [ 2801072.118099999148399, 803113.035700001521036 ], [ 2801069.232300000265241, 803119.51289999531582 ], [ 2801065.419300001580268, 803135.104899999918416 ], [ 2801075.993900000117719, 803148.074099997989833 ], [ 2801089.141099995467812, 803166.748699998483062 ], [ 2801092.63640000205487, 803174.210500001441687 ], [ 2801092.613300004974008, 803177.775699995225295 ], [ 2801092.846299999859184, 803187.729700002353638 ], [ 2801090.320300000719726, 803191.805900004459545 ], [ 2801081.645699999295175, 803194.558499997248873 ], [ 2801072.947099998127669, 803199.441899998812005 ], [ 2801070.45090000377968, 803202.239700003294274 ], [ 2801068.359300000127405, 803205.523900002008304 ], [ 2801066.937700000125915, 803209.14610000164248 ], [ 2801066.537899997085333, 803213.974900000030175 ], [ 2801067.035099994391203, 803218.218499997630715 ], [ 2801068.129500005859882, 803223.562899999087676 ], [ 2801070.11110000545159, 803230.742699998663738 ], [ 2801073.014300001785159, 803239.539900004863739 ], [ 2801080.127300000749528, 803255.415900003165007 ], [ 2801090.346099998336285, 803273.159299996448681 ], [ 2801098.1551, 803289.332899997709319 ], [ 2801104.093299995642155, 803305.461300004739314 ], [ 2801106.650899997446686, 803320.141900001792237 ], [ 2801108.476500000804663, 803333.175499997567385 ], [ 2801109.024100001435727, 803349.057899997103959 ], [ 2801108.323100000154227, 803358.601299998350441 ], [ 2801105.3057, 803363.383099996251985 ], [ 2801101.532700004056096, 803366.43690000474453 ], [ 2801087.267700002063066, 803372.901699999347329 ], [ 2801083.714500003959984, 803376.30569999711588 ], [ 2801081.580899998079985, 803381.321499997982755 ], [ 2801081.811499998904765, 803398.526099995011464 ], [ 2801080.84669999871403, 803405.264899996109307 ], [ 2801078.86029999377206, 803411.779900000663474 ], [ 2801074.164299998432398, 803419.081099994946271 ], [ 2801067.043499995023012, 803429.696300001814961 ], [ 2801059.505500000435859, 803436.09810000192374 ], [ 2801058.819500002544373, 803469.1638999953866 ], [ 2801058.818499994464219, 803469.20989999640733 ], [ 2801058.696000003721565, 803476.41010000067763 ], [ 2801058.085899999365211, 803512.261099998140708 ], [ 2801062.904499999713153, 803577.454499997897074 ], [ 2801064.177699997555465, 803594.551899996818975 ], [ 2801067.340700003318489, 803622.537299998803064 ], [ 2801069.984300000593066, 803666.308899997966364 ], [ 2801070.296499994583428, 803671.934699997771531 ], [ 2801077.365700002294034, 803724.833099994575605 ], [ 2801077.506300000939518, 803725.884899998549372 ], [ 2801043.481299992650747, 803726.32050000410527 ], [ 2801031.950900007970631, 803726.468099999940023 ], [ 2801014.041100000962615, 803729.299900000914931 ], [ 2800998.818499997723848, 803734.370499997865409 ], [ 2800987.095700000412762, 803738.275299997068942 ], [ 2800973.386900001205504, 803742.84149999730289 ], [ 2800980.571500005666167, 803771.332499997224659 ], [ 2800983.430700000375509, 803780.740700001828372 ], [ 2800994.518900002818555, 803807.031699998537078 ], [ 2800995.364699993748218, 803812.256300001172349 ], [ 2800994.876900005154312, 803817.341499998234212 ], [ 2800991.549099999014288, 803821.278899999568239 ], [ 2800957.36429999768734, 803830.283500004326925 ], [ 2800950.069499996025115, 803832.623299998929724 ], [ 2800945.270900005940348, 803834.100900005316362 ], [ 2800922.814099993556738, 803841.454099998110905 ], [ 2800915.683100000955164, 803846.406500000972301 ], [ 2800914.702499999199063, 803847.281500000506639 ], [ 2800905.911700003314763, 803855.124499998986721 ], [ 2800875.467499997001141, 803894.365700000664219 ], [ 2800874.357500003650784, 803917.704299999633804 ], [ 2800874.236300001852214, 803920.250099998898804 ], [ 2800864.568899992387742, 803946.702500002225861 ], [ 2800857.330500000156462, 803966.50789999589324 ], [ 2800849.205700000282377, 803980.631700002821162 ], [ 2800844.386100000236183, 803989.009700000984594 ], [ 2800835.686700000893325, 803999.991899997927248 ], [ 2800827.442500005476177, 804008.679899997776374 ], [ 2800791.414099998306483, 804041.654300003312528 ], [ 2800773.904900001361966, 804061.329900001874194 ], [ 2800773.194500000216067, 804062.128100004512817 ], [ 2800760.114900003187358, 804076.825899997260422 ], [ 2800742.856700002681464, 804103.019299997715279 ], [ 2800742.498700000811368, 804104.266100001288578 ], [ 2800735.1477, 804129.856099997181445 ], [ 2800732.123100000433624, 804161.342900000046939 ], [ 2800734.385700003243983, 804177.508100000675768 ], [ 2800741.215300004929304, 804198.255899999523535 ], [ 2800750.053899999707937, 804225.107299998868257 ], [ 2800750.076100002042949, 804225.174699995666742 ], [ 2800751.667900003958493, 804230.0105000003241 ], [ 2800751.750100002158433, 804235.161900001345202 ], [ 2800751.795900001656264, 804238.031100001186132 ], [ 2800743.305699998512864, 804263.213299996918067 ], [ 2800740.697700002696365, 804270.948700002627447 ], [ 2800733.63710000552237, 804279.391300000017509 ], [ 2800729.373099994380027, 804284.489900004351512 ], [ 2800718.026300000958145, 804291.80269999965094 ], [ 2800710.338500001002103, 804296.757300003664568 ], [ 2800709.708500000648201, 804297.676900001009926 ], [ 2800703.217500004451722, 804307.149500003317371 ], [ 2800699.004900004714727, 804378.754099994665012 ], [ 2800701.384500000625849, 804406.473699997877702 ], [ 2800701.43250000057742, 804407.032899999059737 ], [ 2800701.449099999852479, 804407.226699997438118 ], [ 2800701.5847, 804408.80569999688305 ], [ 2800700.481500002555549, 804429.029899995308369 ], [ 2800690.388299999758601, 804451.135500001488253 ], [ 2800684.827500002924353, 804463.314099999377504 ], [ 2800684.283900001086295, 804474.814899998484179 ], [ 2800689.192899998743087, 804482.185699999099597 ], [ 2800694.20549999922514, 804488.56470000045374 ], [ 2800688.532699998468161, 804493.583700001938269 ], [ 2800678.053900007624179, 804498.997099996078759 ], [ 2800673.726899992674589, 804500.929099999601021 ], [ 2800671.002899994608015, 804503.856100003002211 ], [ 2800643.519500004127622, 804533.387900001835078 ], [ 2800641.693300004582852, 804535.350299997953698 ], [ 2800611.99750000378117, 804567.259700002381578 ], [ 2800610.549500000663102, 804568.815499999560416 ], [ 2800581.223700006026775, 804600.327300002332777 ], [ 2800578.921300001442432, 804602.801199997542426 ], [ 2800520.264899998437613, 804665.829800000879914 ], [ 2800105.397799996193498, 805111.620600002584979 ], [ 2798920.422400001902133, 805474.040699997683987 ], [ 2798915.152799997944385, 805475.545100001152605 ], [ 2798913.826999996323138, 805475.923599995905533 ], [ 2798408.654899995774031, 805620.14699999964796 ], [ 2798497.895699999760836, 805750.778099997201934 ], [ 2798502.356499999761581, 805726.056799996178597 ], [ 2798508.737599996384233, 805707.222800005692989 ], [ 2798523.886699999682605, 805682.581300000427291 ], [ 2798531.387299995403737, 805660.777100002858788 ], [ 2798548.632200002670288, 805634.181800003862008 ], [ 2798561.913999998010695, 805616.740300001110882 ], [ 2798571.819600001908839, 805608.369300000602379 ], [ 2798579.723499999381602, 805603.979000001680106 ], [ 2798595.437200005166233, 805604.95690000266768 ], [ 2798609.609800001606345, 805612.491999994730577 ], [ 2798624.162100003100932, 805632.760799999814481 ], [ 2798628.806699995882809, 805650.826600003056228 ], [ 2798651.633599994238466, 805697.471900000469759 ], [ 2798656.317400000989437, 805746.733900001039729 ], [ 2798653.198200004175305, 805762.242600002326071 ], [ 2798654.294000000692904, 805779.634999999776483 ], [ 2798665.381099998485297, 805821.045000005280599 ], [ 2798671.722099996171892, 805856.367000000784174 ], [ 2798678.470499998889863, 805872.229600000428036 ], [ 2798686.802199997939169, 805898.523200001567602 ], [ 2798688.587599996011704, 805906.96400000131689 ], [ 2798690.517399998847395, 805915.268599996110424 ], [ 2798693.669100001454353, 805925.419400000479072 ], [ 2798697.722300003282726, 805932.646400002297014 ], [ 2798701.454800005070865, 805935.105699997628108 ], [ 2798704.81350000295788, 805935.314799997489899 ], [ 2798708.357500002719462, 805933.428499996894971 ], [ 2798711.739799997769296, 805925.794899996370077 ], [ 2798714.144599995110184, 805918.000399998156354 ], [ 2798716.120300001930445, 805912.37169999582693 ], [ 2798717.444200000725687, 805911.521300001302734 ], [ 2798725.983599996659905, 805910.085300002945587 ], [ 2798735.754199996590614, 805914.317599997622892 ], [ 2798742.792999994009733, 805932.507100001676008 ], [ 2798741.103299997746944, 805941.156000001821667 ], [ 2798738.852900000754744, 805949.417300005210564 ], [ 2798736.996000001672655, 805957.564900004072115 ], [ 2798736.606800000648946, 805960.421500002965331 ], [ 2798736.486900005023926, 805963.603700003586709 ], [ 2798736.662, 805966.50910000083968 ], [ 2798737.185100000351667, 805969.747099997010082 ], [ 2798738.133500002790242, 805973.172499999171123 ], [ 2798739.68689999775961, 805976.921300002140924 ], [ 2798741.504199997056276, 805981.74969999701716 ], [ 2798743.473500002641231, 805986.899200004292652 ], [ 2798745.432100001722574, 805991.480800002580509 ], [ 2798746.712099994998425, 805994.790200002724305 ], [ 2798747.776299998164177, 805998.297400000039488 ], [ 2798748.685899999458343, 806002.565600002883002 ], [ 2798749.187100003939122, 806006.742899999953806 ], [ 2798749.318999995011836, 806010.55620000581257 ], [ 2798749.115299996454269, 806014.688599997898564 ], [ 2798748.593999993987381, 806018.540800001937896 ], [ 2798747.927199999801815, 806021.004299997584894 ], [ 2798747.064900006167591, 806023.702499997569248 ], [ 2798745.865999997593462, 806026.869899996556342 ], [ 2798744.52960000326857, 806029.883200002135709 ], [ 2798743.103200006764382, 806032.679499998455867 ], [ 2798741.450199998915195, 806035.526500004343688 ], [ 2798739.21649999730289, 806038.880899997195229 ], [ 2798736.384300001896918, 806042.531499998643994 ], [ 2798731.84300000499934, 806047.362799996277317 ], [ 2798727.486599997151643, 806051.124499997822568 ], [ 2798722.526199996937066, 806054.612500000279397 ], [ 2798717.186899999156594, 806057.854399998672307 ], [ 2798713.153100002557039, 806059.685700001660734 ], [ 2798708.639100002590567, 806061.666399997891858 ], [ 2798703.978400001302361, 806063.007099997485057 ], [ 2798698.045900005381554, 806064.001200003083795 ], [ 2798692.770000005606562, 806064.210000004852191 ], [ 2798686.022299995645881, 806064.618699999293312 ], [ 2798677.706300001591444, 806065.122299997834489 ], [ 2798665.437700001057237, 806065.83469999814406 ], [ 2798654.671499995980412, 806067.693500000052154 ], [ 2798638.322899996768683, 806068.929099997272715 ], [ 2798628.734700004570186, 806069.771100000012666 ], [ 2798621.936899998690933, 806069.816100001102313 ], [ 2798612.485900002531707, 806070.889500002609566 ], [ 2798602.988300000317395, 806073.523299996275455 ], [ 2798594.125299993436784, 806076.72510000388138 ], [ 2798583.837100000120699, 806081.294500004732981 ], [ 2798578.150300004519522, 806084.711699999403208 ], [ 2798573.249100002460182, 806087.014900001930073 ], [ 2798568.176900000777096, 806090.860699996119365 ], [ 2798562.215300001669675, 806097.389699995750561 ], [ 2798555.818899994250387, 806104.949299996485934 ], [ 2798547.904299999121577, 806115.389300003647804 ], [ 2798540.797300006262958, 806127.094300000695512 ], [ 2798531.66809999756515, 806141.921700004255399 ], [ 2798521.795100004877895, 806170.491700001992285 ], [ 2798510.229699997697026, 806198.927700004074723 ], [ 2798503.518000000622123, 806211.966600005049258 ], [ 2798515.38189999666065, 806231.848499997286126 ], [ 2798523.515299998689443, 806249.641100001055747 ], [ 2798534.49390000058338, 806270.994900000048801 ], [ 2798543.3885000012815, 806286.528899999102578 ], [ 2798547.967899998649955, 806314.481499996967614 ], [ 2798554.8183, 806340.724500002339482 ], [ 2798557.776899997144938, 806365.728700001025572 ], [ 2798563.765100000891834, 806397.110100003425032 ], [ 2798568.91709999833256, 806422.903999999398366 ], [ 2798570.35090000461787, 806430.082500000949949 ], [ 2798575.239900000393391, 806453.681900000432506 ], [ 2798582.012300003319979, 806477.341600002720952 ], [ 2798583.786100001074374, 806483.538300001528114 ], [ 2798588.527500001247972, 806500.834100002422929 ], [ 2798589.079800001345575, 806503.602100001880899 ], [ 2798593.967900002840906, 806528.101299998816103 ], [ 2798597.742500003427267, 806544.280100000090897 ], [ 2798600.314300002064556, 806562.031900002621114 ], [ 2798601.481299992650747, 806577.732700000982732 ], [ 2798605.695699999108911, 806587.92429999797605 ], [ 2798616.184300002641976, 806600.453499997034669 ], [ 2798626.600500002503395, 806616.458299999590963 ], [ 2798637.56249999627471, 806636.575099998386577 ], [ 2798648.26789999846369, 806655.654299998423085 ], [ 2798653.380699999630451, 806665.498000003397465 ], [ 2798653.738300006836653, 806666.186700001824647 ], [ 2798657.519100007135421, 806682.051099999109283 ], [ 2798659.816100001335144, 806711.885099995881319 ], [ 2798660.757299996446818, 806732.202499997569248 ], [ 2798661.07329999608919, 806733.484700000844896 ], [ 2798663.263699997216463, 806742.372199998702854 ], [ 2798664.718500004615635, 806748.274699996691197 ], [ 2798676.207500000949949, 806777.95989999640733 ], [ 2798677.493500001262873, 806779.680399997392669 ], [ 2798683.451899999752641, 806787.651799996849149 ], [ 2798686.275500002317131, 806791.429299999726936 ], [ 2798702.748899998608977, 806809.110300003550947 ], [ 2798712.334500004071742, 806819.94069999572821 ], [ 2798716.424299997277558, 806824.561700000893325 ], [ 2798722.758900002576411, 806834.411099996650591 ], [ 2798729.501000000629574, 806854.867700002389029 ], [ 2798729.814000001642853, 806855.817299997899681 ], [ 2798742.413099996279925, 806871.116899999091402 ], [ 2798746.892899997998029, 806874.911700002849102 ], [ 2798750.077899996191263, 806879.630300004268065 ], [ 2798753.574299999047071, 806890.683500001905486 ], [ 2798754.7165, 806907.415100003127009 ], [ 2798758.24390000058338, 806915.807499999413267 ], [ 2798761.417299997527152, 806918.904099999461323 ], [ 2798764.764300006907433, 806922.170100003248081 ], [ 2798765.709500000346452, 806923.092499997932464 ], [ 2798765.739200000185519, 806923.121499996166676 ], [ 2798768.91139999544248, 806926.216799998423085 ], [ 2798770.08849999634549, 806927.365499997278675 ], [ 2798778.896499996539205, 806942.018599995411932 ], [ 2798779.10289999563247, 806942.362100002821535 ], [ 2798780.029200001154095, 806943.903099998366088 ], [ 2798780.062399999704212, 806944.028200002387166 ], [ 2798782.797300006262958, 806954.344299997901544 ], [ 2798781.092699994333088, 806983.442900002701208 ], [ 2798779.094100000802428, 807001.580699997488409 ], [ 2798781.217499999795109, 807010.942499997792765 ], [ 2798787.343500005081296, 807015.866499998606741 ], [ 2798791.455299999099225, 807038.338100004009902 ], [ 2798789.700300002004951, 807051.228100002510473 ], [ 2798785.811300004366785, 807066.745500002522022 ], [ 2798781.90869999723509, 807075.818699996452779 ], [ 2798771.304700005799532, 807100.218499999726191 ], [ 2798766.190500001888722, 807109.77770000230521 ], [ 2798762.429500001482666, 807125.230300000868738 ], [ 2798761.180299995467067, 807132.435899998061359 ], [ 2798761.16150000365451, 807132.543799997773021 ], [ 2798761.155699999071658, 807132.577399999601766 ], [ 2798759.190900000277907, 807143.908900000154972 ], [ 2798759.958099996671081, 807152.030599995981902 ], [ 2798760.910099994856864, 807162.109400000190362 ], [ 2798761.890500003471971, 807164.761300001293421 ], [ 2798765.333499995991588, 807174.074100001715124 ], [ 2798766.116400005761534, 807176.191700004739687 ], [ 2798767.022499999497086, 807178.642700004857033 ], [ 2798767.031300003174692, 807178.643699995707721 ], [ 2798767.476700003724545, 807178.694599998416379 ], [ 2798776.616399999707937, 807179.73879999993369 ], [ 2798785.543400001246482, 807177.474699997110292 ], [ 2798787.089400003664196, 807177.08260000217706 ], [ 2798787.403899995144457, 807175.958700001239777 ], [ 2798787.931000003125519, 807174.075199997983873 ], [ 2798788.401199992746115, 807172.394799996633083 ], [ 2798788.58439999865368, 807168.530799998436123 ], [ 2798788.872500004712492, 807162.45310000050813 ], [ 2798790.573899998795241, 807148.728500000201166 ], [ 2798793.136900002136827, 807135.605099994689226 ], [ 2798799.078499999828637, 807129.003900001756847 ], [ 2798807.312700008042157, 807124.798299999209121 ], [ 2798813.458499995060265, 807123.18129999586381 ], [ 2798825.708100002259016, 807122.582100000232458 ], [ 2798837.045899998862296, 807124.013300002319738 ], [ 2798862.717500005383044, 807122.255499999038875 ], [ 2798875.296899997163564, 807119.318700000876561 ], [ 2798880.483399999793619, 807115.366699999663979 ], [ 2798882.386500001419336, 807113.916499995626509 ], [ 2798887.720500003080815, 807108.766499997582287 ], [ 2798892.932699997909367, 807108.704000002704561 ], [ 2798896.17289999499917, 807108.665100004291162 ], [ 2798904.219600000418723, 807114.997599996160716 ], [ 2798912.020900003612041, 807124.862100000726059 ], [ 2798912.260899995919317, 807135.108300000661984 ], [ 2798908.079499994870275, 807143.48350000125356 ], [ 2798898.321899998933077, 807151.459500004304573 ], [ 2798887.699699994642287, 807158.82999999797903 ], [ 2798883.782300003804266, 807166.058499999111518 ], [ 2798883.928300003521144, 807173.964299999410287 ], [ 2798886.726899997331202, 807180.170300001744181 ], [ 2798891.54510000301525, 807187.30110000143759 ], [ 2798899.876100000459701, 807193.631499997340143 ], [ 2798913.523299999069422, 807198.707100001396611 ], [ 2798921.8693, 807203.687500003026798 ], [ 2798925.420299997087568, 807211.468699999153614 ], [ 2798932.608900000341237, 807220.072000001557171 ], [ 2798941.443699998315424, 807229.43250000406988 ], [ 2798948.559899997897446, 807237.88089999766089 ], [ 2798953.34550000121817, 807256.883500002557412 ], [ 2798958.624499996658415, 807274.544300002977252 ], [ 2798963.608099998906255, 807281.208900002762675 ], [ 2798972.056100006680936, 807290.502099996432662 ], [ 2798981.811299999710172, 807291.186299996450543 ], [ 2798990.592500002589077, 807292.485099998768419 ], [ 2799000.254699994344264, 807297.162500004749745 ], [ 2799005.072699998505414, 807303.344699999783188 ], [ 2799007.03710000263527, 807309.784899998223409 ], [ 2799006.555299994070083, 807328.366900000721216 ], [ 2799013.840499994345009, 807346.92429999820888 ], [ 2799015.909100006334484, 807351.971099996939301 ], [ 2799016.623199998866767, 807353.713199995225295 ], [ 2799017.28050000499934, 807355.316700003342703 ], [ 2799020.230400003958493, 807362.513600001810119 ], [ 2799023.815500002820045, 807360.867899998556823 ], [ 2799026.846500003710389, 807359.476600003195927 ], [ 2799030.435300002805889, 807357.829300003824756 ], [ 2799032.7149, 807356.940300000598654 ], [ 2799034.451899994630367, 807356.262899996479973 ], [ 2799038.307899995706975, 807353.701499997638166 ], [ 2799043.338299996685237, 807350.420499999541789 ], [ 2799046.279499996919185, 807347.50650000013411 ], [ 2799047.879100002814084, 807345.554100000532344 ], [ 2799048.789599998388439, 807342.796200002776459 ], [ 2799049.07310000108555, 807341.937300002668053 ], [ 2799049.948100000619888, 807336.492100004339591 ], [ 2799048.783100000582635, 807335.211900000227615 ], [ 2799044.382100003771484, 807330.375700001139194 ], [ 2799043.862200004048645, 807328.9568000016734 ], [ 2799039.691500001121312, 807317.57410000031814 ], [ 2799038.518200005870312, 807313.633900001645088 ], [ 2799033.981299993116409, 807298.39849999640137 ], [ 2799032.56130000622943, 807295.547299999045208 ], [ 2799028.880899999756366, 807288.157100001815706 ], [ 2799018.76310000102967, 807276.286699999589473 ], [ 2799010.773900000844151, 807265.90510000125505 ], [ 2799006.218300002161413, 807255.067099997773767 ], [ 2799003.349699998740107, 807232.186099996557459 ], [ 2799004.136899996548891, 807225.99489999585785 ], [ 2799005.5005, 807215.271500000031665 ], [ 2799011.928099997807294, 807206.497300003189594 ], [ 2799017.683099996298552, 807202.780100002884865 ], [ 2799029.040299998130649, 807195.444299998227507 ], [ 2799037.65849999897182, 807187.807900000596419 ], [ 2799052.047700001392514, 807178.668500002473593 ], [ 2799061.542699999175966, 807169.965100004570559 ], [ 2799075.6689, 807168.568899998674169 ], [ 2799091.468300003092736, 807161.167699996847659 ], [ 2799093.016900001093745, 807160.44230000115931 ], [ 2799093.733599998056889, 807160.252299999585375 ], [ 2799095.589900000952184, 807159.760300002060831 ], [ 2799097.490800001658499, 807159.256399996345863 ], [ 2799100.108899998944253, 807158.562499998137355 ], [ 2799110.257300001103431, 807155.87269999855198 ], [ 2799164.961599997710437, 807152.033999998355284 ], [ 2799165.768900002352893, 807151.977299999445677 ], [ 2799166.778500002343208, 807151.650199998402968 ], [ 2799169.018900002818555, 807150.924300002865493 ], [ 2799172.563900002278388, 807149.775799996918067 ], [ 2799183.237500000279397, 807146.317899997811764 ], [ 2799195.920300001744181, 807139.309900004649535 ], [ 2799197.422700006049126, 807138.47969999583438 ], [ 2799204.798800003249198, 807136.614200003677979 ], [ 2799212.423300001770258, 807134.686100002378225 ], [ 2799218.679300003219396, 807134.272999997250736 ], [ 2799221.019699994474649, 807134.118500000331551 ], [ 2799224.388300001155585, 807133.896099998382851 ], [ 2799236.914299999829382, 807136.810899995733052 ], [ 2799249.577899998053908, 807135.757899999152869 ], [ 2799258.99210000038147, 807136.394500002264977 ], [ 2799267.037700000684708, 807143.676899996353313 ], [ 2799271.926500003784895, 807147.666499997954816 ], [ 2799281.7947, 807148.423899999819696 ], [ 2799296.904700003098696, 807148.717899998649955 ], [ 2799305.071699998807162, 807154.209500001510605 ], [ 2799311.217300001531839, 807159.772299997741356 ], [ 2799321.616499999072403, 807163.982100000604987 ], [ 2799328.590100001078099, 807162.145500001264736 ], [ 2799340.441500001586974, 807154.840700003085658 ], [ 2799357.130900007206947, 807151.617299998179078 ], [ 2799372.031900007277727, 807152.23649999522604 ], [ 2799379.850500002037734, 807157.210899998899549 ], [ 2799383.889700000174344, 807164.744700002018362 ], [ 2799386.153100001160055, 807167.897099997615442 ], [ 2799395.694500003010035, 807170.633300001733005 ], [ 2799420.61370000615716, 807173.534499998670071 ], [ 2799378.740099996328354, 807246.850699999369681 ], [ 2799356.849900003522635, 807285.048900000751019 ], [ 2799258.905100005213171, 807470.029700003797188 ], [ 2799235.218900003936142, 807514.764299996895716 ], [ 2799233.774300003424287, 807517.573299999115989 ], [ 2799215.652900006156415, 807552.411499995971099 ], [ 2799141.380299996584654, 807695.186900005443022 ], [ 2799124.974700000602752, 807727.622100002365187 ], [ 2799105.803900002036244, 807766.628899997565895 ], [ 2799086.442699998617172, 807800.075299999210984 ], [ 2799102.9501, 807812.124899999704212 ], [ 2799126.249700004700571, 807818.680100000463426 ], [ 2799138.71969999698922, 807819.899899996351451 ], [ 2799151.45929999416694, 807818.004700004355982 ], [ 2799173.982699996326119, 807810.381100000347942 ], [ 2799184.63009999319911, 807801.626899996306747 ], [ 2799194.10829999903217, 807790.025899996515363 ], [ 2799201.768299993127584, 807780.650100001366809 ], [ 2799203.281500000972301, 807778.251899997936562 ], [ 2799205.624199997633696, 807774.538899997947738 ], [ 2799214.318599998950958, 807760.759200003463775 ], [ 2799222.562299994751811, 807724.782299995422363 ], [ 2799224.838100003544241, 807714.85040000313893 ], [ 2799227.239999998360872, 807711.484100002329797 ], [ 2799235.207300002686679, 807700.317799996351823 ], [ 2799241.450700004119426, 807700.381299999775365 ], [ 2799289.26529999775812, 807700.963099998189136 ], [ 2799316.398700000718236, 807708.182499997550622 ], [ 2799337.145499999634922, 807718.167899996973574 ], [ 2799415.096700000576675, 807736.580699997488409 ], [ 2799438.168500001076609, 807742.030499999411404 ], [ 2799455.511899998877198, 807743.959300002316013 ], [ 2799461.096300001256168, 807796.583299998193979 ], [ 2799461.196300000417978, 807797.52770000253804 ], [ 2799461.444099996704608, 807799.868500005453825 ], [ 2799461.051700003445148, 807805.730700002284721 ], [ 2799458.686100002378225, 807841.067899994086474 ], [ 2799457.670899999327958, 807856.232099997112527 ], [ 2799456.874099999666214, 807868.135300003224984 ], [ 2799456.475299996323884, 807875.263900001998991 ], [ 2799456.084999999031425, 807881.161700000055134 ], [ 2799452.619900000281632, 807933.530700000235811 ], [ 2799452.172099997289479, 807940.296299998648465 ], [ 2799448.956699998117983, 807966.618300001835451 ], [ 2799445.522299999371171, 808003.670899999793619 ], [ 2799443.927900001872331, 808022.452300003962591 ], [ 2799442.963699997868389, 808033.808299995725974 ], [ 2799442.327100003138185, 808041.30790000082925 ], [ 2799441.096699997317046, 808053.569899998372421 ], [ 2799440.750699999276549, 808057.017700004624203 ], [ 2799440.364299995359033, 808060.868299995316193 ], [ 2799438.0307, 808066.505099999951199 ], [ 2799437.870499995071441, 808067.622899997513741 ], [ 2799436.553300004452467, 808076.811100002611056 ], [ 2799433.688299996312708, 808096.836300002876669 ], [ 2799431.899899998679757, 808109.337100000120699 ], [ 2799431.887100005056709, 808109.426699999254197 ], [ 2799428.927900002803653, 808130.093099997611716 ], [ 2799427.242500003427267, 808141.862299999687821 ], [ 2799423.055100004654378, 808171.105900004506111 ], [ 2799421.620099997147918, 808182.342299999203533 ], [ 2799420.713299992959946, 808219.867100003873929 ], [ 2799420.52770000230521, 808239.474700000602752 ], [ 2799420.519699996337295, 808240.334899998502806 ], [ 2799420.890900004189461, 808243.373500001849607 ], [ 2799425.844899994321167, 808283.908900002483279 ], [ 2799418.827899995725602, 808301.48710000119172 ], [ 2799480.907500000204891, 808289.293099996633828 ], [ 2799515.545299995690584, 808275.789899998577312 ], [ 2799517.941499999724329, 808274.855900002876297 ], [ 2799621.800700003746897, 808241.351300003007054 ], [ 2799632.42230000346899, 808209.575299997581169 ], [ 2799635.979299998376518, 808205.760899995686486 ], [ 2799651.350100001785904, 808189.276500003179535 ], [ 2799657.112099998164922, 808185.222899998305365 ], [ 2799687.70130000449717, 808180.330500000156462 ], [ 2799693.870700005907565, 808178.985899998340756 ], [ 2799688.405900000594556, 808186.915499997092411 ], [ 2799688.131099996156991, 808189.760100000305101 ], [ 2799693.819899999536574, 808197.373100002994761 ], [ 2799697.122699996922165, 808198.20090000028722 ], [ 2799747.560900004114956, 808182.530699996044859 ], [ 2799752.593500006012619, 808181.394299999810755 ], [ 2799757.708099996205419, 808180.987299997825176 ], [ 2799827.194100002292544, 808183.134699997026473 ], [ 2799832.632299994584173, 808186.907900003250688 ], [ 2799837.305100005120039, 808192.087100001284853 ], [ 2799843.400700000114739, 808206.4915 ], [ 2799846.943300005514175, 808211.861100002890453 ], [ 2799865.739899997133762, 808249.945500003406778 ], [ 2799907.691100001800805, 808325.766700002131984 ], [ 2799975.300900000147521, 808447.962499997811392 ], [ 2799962.566000003367662, 808456.154500001575798 ], [ 2799937.545899998396635, 808477.190399997867644 ], [ 2799924.701499997172505, 808490.566599997924641 ], [ 2799901.424999998416752, 808530.032200000947341 ], [ 2799887.530500003136694, 808554.571900001028553 ], [ 2799878.962600000202656, 808570.120299998437986 ], [ 2799860.348100000526756, 808598.380800002487376 ], [ 2799834.695299994200468, 808623.497499995632097 ], [ 2799826.460799997206777, 808648.629299997584894 ], [ 2799819.671199998818338, 808667.353500002995133 ], [ 2799803.391500004101545, 808675.200999999884516 ], [ 2799792.340099995490164, 808681.245799997355789 ], [ 2799772.04510000674054, 808698.287400000495836 ], [ 2799756.511000002268702, 808706.298899999354035 ], [ 2799740.715599997900426, 808717.156200002878904 ], [ 2799712.002400006167591, 808731.840399995213374 ], [ 2799692.372000001836568, 808743.165699996287003 ], [ 2799681.065500001423061, 808761.484100001165643 ], [ 2799674.672799994237721, 808776.41239999816753 ], [ 2799678.012200001161546, 808786.237800002796575 ], [ 2799679.151600005105138, 808795.367800000822172 ], [ 2799675.365099996794015, 808817.182999994372949 ], [ 2799674.742600002326071, 808824.893300003837794 ], [ 2799673.777000003959984, 808834.141499995952472 ], [ 2799675.246200001332909, 808837.879800002789125 ], [ 2799675.774299999698997, 808842.216499998234212 ], [ 2799675.981999996583909, 808853.207299997564405 ], [ 2799676.630700000561774, 808859.916100000496954 ], [ 2799682.646099996753037, 808871.910500001860783 ], [ 2799685.800200002267957, 808880.614699997706339 ], [ 2799689.34499999973923, 808887.66059999819845 ], [ 2799697.505300004500896, 808902.323499999940395 ], [ 2799702.960400003008544, 808917.0196 ], [ 2799710.628600004594773, 808931.592099995817989 ], [ 2799715.096200000494719, 808941.001700003398582 ], [ 2799718.5343, 808949.502900002524257 ], [ 2799719.599899997003376, 808955.918499995721504 ], [ 2799720.409999998752028, 808959.787200002698228 ], [ 2799735.152000003494322, 808972.082500003976747 ], [ 2799738.949900002684444, 808980.100700002163649 ], [ 2799743.061699997168034, 808984.739599995547906 ], [ 2799747.944300000555813, 808989.433699996909127 ], [ 2799751.524099994450808, 808993.504499997477978 ], [ 2799754.996499997097999, 808994.448200000217184 ], [ 2799761.517099996563047, 808995.353300002869219 ], [ 2799767.453599999658763, 808997.103700005216524 ], [ 2799770.081600005738437, 809004.575199997518212 ], [ 2799775.62330000475049, 809015.448199997190386 ], [ 2799778.365699999034405, 809024.277900000335649 ], [ 2799781.644100002013147, 809024.852299998048693 ], [ 2799792.716500003356487, 809028.263000003760681 ], [ 2799799.799100000876933, 809031.749999997671694 ], [ 2799797.787800001446158, 809039.477800000924617 ], [ 2799795.73810000391677, 809041.871699998620898 ], [ 2799796.324400000739843, 809044.654900003224611 ], [ 2799799.346699994523078, 809050.232799999415874 ], [ 2799801.941099998541176, 809060.016799997771159 ], [ 2799805.57539999904111, 809069.563299994450063 ], [ 2799814.291099999565631, 809087.605000001145527 ], [ 2799827.060799999628216, 809093.774799997219816 ], [ 2799832.804100000765175, 809100.423999999184161 ], [ 2799832.70099999755621, 809105.326700000790879 ], [ 2799832.216100002638996, 809111.132800003746524 ], [ 2799832.387999996542931, 809113.296000004280359 ], [ 2799834.013600002042949, 809121.543600002070889 ], [ 2799834.960800003726035, 809128.843499998562038 ], [ 2799834.561800007242709, 809134.282499997410923 ], [ 2799833.457099992781878, 809139.509800000814721 ], [ 2799830.185500003397465, 809150.11320000491105 ], [ 2799829.536399995908141, 809156.738599999574944 ], [ 2799827.34260000102222, 809162.887200001627207 ], [ 2799826.759100001305342, 809168.851399996783584 ], [ 2799827.767099997028708, 809176.779699997743592 ], [ 2799832.128200004808605, 809194.415499998489395 ], [ 2799836.467899999115616, 809201.823899999493733 ], [ 2799838.229999999050051, 809206.698699998902157 ], [ 2799843.850300000980496, 809215.513999994844198 ], [ 2799851.507999997586012, 809222.922299999510869 ], [ 2799852.415399997960776, 809232.424300003563985 ], [ 2799859.018500002566725, 809249.434600002132356 ], [ 2799862.957400002982467, 809255.845699997153133 ], [ 2799867.193999994546175, 809258.271000004606321 ], [ 2799871.3378000035882, 809258.356999999843538 ], [ 2799878.211699996143579, 809262.363200000952929 ], [ 2799878.038500004447997, 809270.625699996715412 ], [ 2799879.999400001019239, 809285.249999998370185 ], [ 2799883.682800006587058, 809297.110599997220561 ], [ 2799885.7294, 809309.698300001677126 ], [ 2799889.047100004274398, 809323.383499995339662 ], [ 2799892.749700004700571, 809343.538100004894659 ], [ 2799897.089899998623878, 809359.167200001189485 ], [ 2799898.442100002896041, 809371.287199997343123 ], [ 2799905.765900003258139, 809400.368500001262873 ], [ 2799906.483999994583428, 809410.210000005317852 ], [ 2799899.415900000371039, 809436.65229999832809 ], [ 2799884.641699996776879, 809494.348199997795746 ], [ 2799868.742499996442348, 809523.226799994241446 ], [ 2799859.436700001824647, 809541.67430000170134 ], [ 2799844.944800000172108, 809567.506900002714247 ], [ 2799838.695799995679408, 809578.758699995232746 ], [ 2799834.873700003605336, 809584.051000001607463 ], [ 2799826.739899998065084, 809590.589999997755513 ], [ 2799816.07969999872148, 809594.506000003311783 ], [ 2799798.22990000480786, 809601.258700002683327 ], [ 2799788.229900005739182, 809606.567000003298745 ], [ 2799782.768800000660121, 809610.073200000915676 ], [ 2799777.187800000421703, 809615.594300001626834 ], [ 2799759.950000004842877, 809646.879900005413219 ], [ 2799756.151400004513562, 809655.624400002416223 ], [ 2799754.00780000211671, 809661.838999998057261 ], [ 2799754.630800005048513, 809669.778400000184774 ], [ 2799770.663599997293204, 809684.090200000908226 ], [ 2799789.699800004251301, 809696.772599999094382 ], [ 2799803.81019999505952, 809707.200300003401935 ], [ 2799810.66730000404641, 809715.51460000523366 ], [ 2799815.057400001212955, 809725.378600001102313 ], [ 2799817.0112000037916, 809733.468099998077378 ], [ 2799818.132900003809482, 809740.693100000498816 ], [ 2799819.429999996442348, 809748.635899996152148 ], [ 2799819.044600000604987, 809754.025500000687316 ], [ 2799817.929200005717576, 809758.37470000050962 ], [ 2799814.150500001385808, 809764.912300002295524 ], [ 2799808.859500001184642, 809774.933199997758493 ], [ 2799800.575100000947714, 809788.02589999511838 ], [ 2799787.500099999364465, 809804.820299998158589 ], [ 2799774.790399995166808, 809816.12759999698028 ], [ 2799755.491899996995926, 809832.231500003952533 ], [ 2799744.527200002688915, 809846.90830000420101 ], [ 2799735.066499999258667, 809857.1509 ], [ 2799722.798100000713021, 809863.7378 ], [ 2799709.216200002934784, 809870.830799997551367 ], [ 2799694.416499999817461, 809877.411499997600913 ], [ 2799684.76490000076592, 809882.982900004833937 ], [ 2799675.686999998055398, 809890.020000001648441 ], [ 2799661.578299999702722, 809900.603900003945455 ], [ 2799652.655299996957183, 809905.398100000806153 ], [ 2799645.385300001595169, 809913.168000002857298 ], [ 2799631.601599999703467, 809942.384699996560812 ], [ 2799619.837200003210455, 809966.677399998065084 ], [ 2799612.036100002005696, 809974.267699998337775 ], [ 2799599.853200007230043, 809979.732399998465553 ], [ 2799594.583199999760836, 809989.075800001854077 ], [ 2799582.750300001818687, 810015.602000002982095 ], [ 2799580.697499999776483, 810028.05039999820292 ], [ 2799578.861400000285357, 810041.465999996289611 ], [ 2799578.746100000105798, 810057.931400004308671 ], [ 2799574.070299998857081, 810095.137299997964874 ], [ 2799576.077300001401454, 810106.086599994450808 ], [ 2799582.341000002343208, 810122.228600001893938 ], [ 2799587.15490000275895, 810135.243300001136959 ], [ 2799590.695799998007715, 810144.466399997007102 ], [ 2799595.425599997397512, 810156.652500001015142 ], [ 2799602.698500003665686, 810175.562900002347305 ], [ 2799604.610100002028048, 810180.511299998033792 ], [ 2799605.748499997425824, 810186.315400001825765 ], [ 2799606.090100002009422, 810194.116599999368191 ], [ 2799589.48979999544099, 810271.075799999060109 ], [ 2799585.101199997588992, 810323.965499997138977 ], [ 2799581.416300001554191, 810346.330000001005828 ], [ 2799576.984200001694262, 810353.153799997642636 ], [ 2799572.971599999349564, 810359.709900001529604 ], [ 2799569.735699999146163, 810368.90940000070259 ], [ 2799568.717600001953542, 810386.586800000397488 ], [ 2799567.707300000824034, 810405.135499999392778 ], [ 2799568.870200004894286, 810426.184399999678135 ], [ 2799573.342000000644475, 810448.891299997223541 ], [ 2799570.183800000231713, 810457.089799998793751 ], [ 2799563.110299995634705, 810467.064200002234429 ], [ 2799559.777700001839548, 810472.54740000446327 ], [ 2799563.250200001057237, 810529.40080000134185 ], [ 2799565.096700000576675, 810559.610100001096725 ], [ 2799564.873000000603497, 810720.859799997648224 ], [ 2799555.88060000166297, 810728.160200002836064 ], [ 2799467.840399998705834, 810707.563499998534098 ], [ 2799477.563499998301268, 810786.179699995787814 ], [ 2799454.756300003733486, 810788.044100000755861 ], [ 2799434.990099997725338, 810789.698500002734363 ], [ 2799411.231299999635667, 810793.064499996602535 ], [ 2799382.617099998518825, 810796.617700003553182 ], [ 2799299.106700005475432, 810806.322099999291822 ], [ 2799300.084299999754876, 810818.786699998890981 ], [ 2799309.831100000999868, 810853.326899998122826 ], [ 2799317.610699992626905, 810882.11829999811016 ], [ 2799322.691100001800805, 810893.443300001090392 ], [ 2799335.614299999084324, 810919.528300002217293 ], [ 2799354.995499995071441, 810961.736699994420633 ], [ 2799396.724499999079853, 811039.446299998322502 ], [ 2799415.947300005238503, 811036.52110000140965 ], [ 2799433.938500003889203, 811036.894900004845113 ], [ 2799457.50970000308007, 811032.924699999624863 ], [ 2799478.047700000461191, 811069.680700003169477 ], [ 2799487.26309999730438, 811103.487299998989329 ], [ 2799494.374899995047599, 811119.20310000074096 ], [ 2799504.994699996896088, 811133.459700001869351 ], [ 2799515.156300004571676, 811148.149900000775233 ], [ 2799534.401299995835871, 811161.840699997730553 ], [ 2799543.936099994927645, 811167.925900001544505 ], [ 2799557.543299999088049, 811169.976899997098371 ], [ 2799576.135499999858439, 811167.760300003457814 ], [ 2799583.581900004763156, 811170.414099998772144 ], [ 2799592.807499999646097, 811188.695299997692928 ], [ 2799610.271700004581362, 811255.170499997446314 ], [ 2799620.704499994870275, 811303.640300001949072 ], [ 2799633.285899994429201, 811348.195500003872439 ], [ 2799654.83209999743849, 811402.028900004690513 ], [ 2799677.022100002970546, 811486.03530000266619 ], [ 2799681.775900002103299, 811507.720700001111254 ], [ 2799581.812500000465661, 811529.416900002630427 ], [ 2799589.24210000410676, 811610.287699997192249 ], [ 2799591.595299997366965, 811623.795499998610467 ], [ 2799597.479899998754263, 811659.445600003702566 ], [ 2799611.036999998148531, 811722.37789999996312 ], [ 2799613.400399998296052, 811825.116000000620261 ], [ 2799621.431600000709295, 811878.316400002222508 ], [ 2799629.450999999884516, 811927.790000001899898 ], [ 2799630.583199996035546, 811973.563200002070516 ], [ 2799633.470299992710352, 812021.079399995272979 ], [ 2799639.7113, 812073.092499997932464 ], [ 2799637.202299994882196, 812096.122699999716133 ], [ 2799636.14729999890551, 812105.814899998018518 ], [ 2799645.933499998413026, 812206.974700001068413 ], [ 2799659.734500001184642, 812318.166299998760223 ], [ 2799659.386299993377179, 812331.008299997309223 ], [ 2799669.097300000954419, 812452.914500004611909 ], [ 2799671.086099999491125, 812478.998900000471622 ], [ 2799687.645700001623482, 812476.051899995654821 ], [ 2799757.660499999299645, 812464.88950000051409 ], [ 2799814.589500000234693, 812458.402899997774512 ], [ 2799859.111300002317876, 812453.692899998510256 ], [ 2799897.228499997872859, 812451.998899996979162 ], [ 2799934.042599994223565, 812451.09160000202246 ], [ 2800004.081799995154142, 812450.072299994993955 ], [ 2800048.780299996491522, 812451.424900002544746 ], [ 2800097.624700002372265, 812455.080899996915832 ], [ 2800152.017499997746199, 812460.736000001896173 ], [ 2800208.867899995762855, 812468.381399996345863 ], [ 2800294.707900002598763, 812484.030399997718632 ], [ 2800408.799500004854053, 812512.753499997779727 ], [ 2800568.107999999541789, 812563.429899999406189 ], [ 2800619.147900001611561, 812579.438400002429262 ], [ 2800624.663500004447997, 812581.168199998093769 ], [ 2800679.382600002456456, 812598.329399998532608 ], [ 2800740.262299998663366, 812617.673099999548867 ], [ 2800744.644800002221018, 812619.064799998188391 ], [ 2800788.091000001411885, 812632.861499995458871 ], [ 2800876.74829999729991, 812661.008499996736646 ], [ 2800917.134000006131828, 812673.827899998053908 ], [ 2801005.117399996612221, 812701.881599999731407 ], [ 2801078.590000005438924, 812724.959100000327453 ], [ 2801271.026900002732873, 812785.917100001359358 ], [ 2801301.776499998755753, 812795.872300001094118 ], [ 2801326.976400007493794, 812803.486000005155802 ], [ 2801347.972300000488758, 812809.777699995785952 ], [ 2801355.66150000365451, 812812.187600005418062 ], [ 2801416.825400003697723, 812834.376299995696172 ], [ 2801461.314400001894683, 812850.515699998708442 ], [ 2801636.639000001829118, 812933.246800003107637 ], [ 2801696.460799999535084, 812961.50779999839142 ], [ 2802082.1634, 813144.400899999774992 ], [ 2802312.581400001887232, 813253.130199994659051 ], [ 2802396.361399999354035, 813292.747299995506182 ], [ 2802435.177999999839813, 813311.140499998116866 ], [ 2802610.952799997292459, 813394.426299996906891 ], [ 2802739.2196, 813454.592600001487881 ], [ 2802868.400500002317131, 813516.170700002927333 ], [ 2802875.551299994811416, 813519.41410000086762 ], [ 2802979.289499999023974, 813567.532199999084696 ], [ 2803099.4276, 813624.564199998276308 ], [ 2803302.974600004032254, 813718.863299996824935 ], [ 2803349.251499999780208, 813737.774800003040582 ], [ 2803354.284899999387562, 813739.949999999254942 ], [ 2803423.122299998067319, 813767.567299997201189 ], [ 2803464.821800004225224, 813788.861100000329316 ], [ 2803482.923600003123283, 813798.343499997397885 ], [ 2803532.866600003093481, 813824.502199999988079 ], [ 2803554.21030000038445, 813835.680899996077642 ], [ 2803644.091700006276369, 813881.164099995978177 ], [ 2803659.468200000934303, 813888.796300002140924 ], [ 2803717.684900003485382, 813918.156499996315688 ], [ 2803802.74370000185445, 813961.053799997549504 ], [ 2803808.190800002776086, 814035.115000000922009 ], [ 2803811.512699998915195, 814080.282499999040738 ], [ 2803814.354500005021691, 814118.920699999434873 ], [ 2803837.517399995587766, 814493.895500001963228 ], [ 2803837.523200000170618, 814493.989099999889731 ], [ 2803849.0079, 814630.368100002175197 ], [ 2803861.132299998309463, 814791.853700004750863 ], [ 2803872.906299996655434, 814984.554499997757375 ], [ 2803885.933099996764213, 815206.722900002729148 ], [ 2803886.533099999185652, 815220.122499997727573 ], [ 2803887.16030000243336, 815234.16309999814257 ], [ 2803893.240599995478988, 815350.266499999444932 ], [ 2803905.598300004377961, 815586.14689999516122 ], [ 2803918.683300002478063, 815925.361400004476309 ], [ 2803935.429899998474866, 816205.540100003825501 ], [ 2803940.989500002935529, 816298.67840000288561 ], [ 2803959.997400003951043, 816622.211500001372769 ], [ 2803963.216899998486042, 816752.150600003311411 ], [ 2803986.103099999483675, 816751.724699995946139 ], [ 2803987.891699998639524, 816751.807299997657537 ], [ 2804014.964199993759394, 816753.043999999761581 ], [ 2804027.680000000633299, 816664.229600002756342 ] ] ] ] } },
{ "type": "Feature", "properties": { "CVEGEO": "09005", "CVE_ENT": "09", "CVE_MUN": "005", "NOMGEO": "Gustavo A. Madero" }, "geometry": { "type": "MultiPolygon", "coordinates": [ [ [ [ 2800966.250100003555417, 846721.79149999958463 ], [ 2801109.454700000118464, 846697.510000004665926 ], [ 2801228.582700001075864, 846677.311499998671934 ], [ 2801241.4519999967888, 846675.128900001524016 ], [ 2801248.233400004915893, 846673.978799999691546 ], [ 2801301.841399996075779, 846625.679100000532344 ], [ 2801327.173099999316037, 846602.855799997691065 ], [ 2801355.66390000609681, 846577.186100002611056 ], [ 2801415.963500004727393, 846522.857399998232722 ], [ 2801355.341199998278171, 845844.959599999943748 ], [ 2801538.910599999129772, 845515.625200003618374 ], [ 2801777.279100004583597, 845338.483900000341237 ], [ 2801968.104600001592189, 844674.021099996753037 ], [ 2801980.632899997755885, 844621.396199997514486 ], [ 2802033.618900002911687, 844398.836500004399568 ], [ 2802099.256700003985316, 844123.135099998908117 ], [ 2802496.937700002454221, 843707.46330000506714 ], [ 2802175.660499998833984, 843326.718099996913224 ], [ 2801806.564499992411584, 842888.556500002508983 ], [ 2801718.096100002061576, 842783.538499997695908 ], [ 2801723.611599999479949, 842683.803899999009445 ], [ 2801734.07549999281764, 842494.589899998158216 ], [ 2801439.183699999470264, 842283.969500003382564 ], [ 2801246.15449999878183, 842030.403700002003461 ], [ 2801239.748899993021041, 842021.989900001091883 ], [ 2801178.636699993163347, 841941.710499997949228 ], [ 2801160.577099998481572, 841893.26209999807179 ], [ 2801151.432099997065961, 841868.723899997537956 ], [ 2801136.215099997352809, 841827.901500004343688 ], [ 2801119.258499998599291, 841782.407099997857586 ], [ 2801108.024099994450808, 841752.267900004284456 ], [ 2801094.550700001418591, 841716.118900000816211 ], [ 2801085.000500004272908, 841690.495100001338869 ], [ 2801067.455700005870312, 841653.591099998680875 ], [ 2801059.116099997423589, 841636.043900006217882 ], [ 2801026.066499999724329, 841566.523099996848032 ], [ 2801018.863300004974008, 841551.370899998350069 ], [ 2801009.2725, 841531.19490000186488 ], [ 2800958.623299999162555, 841478.003100002417341 ], [ 2800944.335900001693517, 841462.998499999754131 ], [ 2800929.922100003343076, 841447.861299995798618 ], [ 2800859.85409999685362, 841374.276900002500042 ], [ 2800857.496899996418506, 841371.801100004464388 ], [ 2800813.967499998863786, 841304.11579999839887 ], [ 2800808.8873, 841296.214300003601238 ], [ 2800748.480800001416355, 841202.285000001080334 ], [ 2800739.6963000013493, 841188.628900002222508 ], [ 2800711.3887, 841150.235499999253079 ], [ 2800707.31059999531135, 841144.70190000301227 ], [ 2800677.847599995788187, 841104.741100001847371 ], [ 2800647.798699994571507, 841070.45450000395067 ], [ 2800529.216300003230572, 840935.150999998906627 ], [ 2800456.386499996762723, 840852.049599998397753 ], [ 2800277.145100001711398, 840583.806100002257153 ], [ 2800239.875300001353025, 840528.030900003388524 ], [ 2800209.66809999756515, 840482.824699999764562 ], [ 2800547.371500004082918, 840378.387699995655566 ], [ 2800553.755300001706928, 840006.163300002459437 ], [ 2800491.266699995845556, 839441.808900000993162 ], [ 2800482.347900002263486, 839361.261300005484372 ], [ 2800491.807799998670816, 839296.52789999707602 ], [ 2800504.063500000163913, 839212.657900006044656 ], [ 2800526.212099999655038, 839194.553500002715737 ], [ 2800532.953899999614805, 839189.043500003172085 ], [ 2800545.42839999916032, 839181.501700002932921 ], [ 2800557.904700005427003, 839173.959100004751235 ], [ 2800569.975500000175089, 839162.812500002328306 ], [ 2800573.649699998088181, 839156.770700003718957 ], [ 2800579.328300003428012, 839145.766499997116625 ], [ 2800585.242100004572421, 839134.304499999852851 ], [ 2800601.96930000372231, 839101.896100000245497 ], [ 2800604.891900005284697, 839096.229999999282882 ], [ 2800641.474299996159971, 839025.342900002840906 ], [ 2800642.140699995681643, 839024.05370000237599 ], [ 2800672.713699997402728, 838964.808800001395866 ], [ 2800675.535099998582155, 838959.343899999512359 ], [ 2800702.555299996864051, 838906.985500000650063 ], [ 2800702.687700004782528, 838906.728699998697266 ], [ 2800702.819900002796203, 838906.471900005592033 ], [ 2800728.888699999079108, 838855.957100003259256 ], [ 2800731.74809999531135, 838850.416299999225885 ], [ 2800748.988899998366833, 838830.538099998375401 ], [ 2800785.908799998927861, 838787.9742999994196 ], [ 2800798.400500003248453, 838773.572999996133149 ], [ 2800821.210100000258535, 838750.751099996268749 ], [ 2800822.193200001027435, 838749.767499995650724 ], [ 2800852.372800000943244, 838719.573800004320219 ], [ 2800895.79309999756515, 838676.132300005061552 ], [ 2800898.214500003028661, 838673.710499996319413 ], [ 2800908.28950000135228, 838663.631200001109391 ], [ 2800914.224499996751547, 838657.6931000018958 ], [ 2800934.077100001275539, 838637.830299999099225 ], [ 2800946.643100003246218, 838625.257700003217906 ], [ 2801253.584499997086823, 838318.169500002404675 ], [ 2801257.079499997198582, 838315.556299997959286 ], [ 2801258.119299996644258, 838314.77870000177063 ], [ 2801268.62490000249818, 838306.922900001052767 ], [ 2801654.547300000675023, 838018.357899999711663 ], [ 2801692.754400002770126, 837989.789299996336922 ], [ 2801792.890500005334616, 837971.368200000375509 ], [ 2801956.51809999672696, 837754.885699996491894 ], [ 2802355.719700003508478, 837775.322700004093349 ], [ 2802356.086700002662838, 837775.188499998068437 ], [ 2802358.829299998935312, 837774.18650000076741 ], [ 2802389.326700005214661, 837763.047700002323836 ], [ 2802393.409700002986938, 837761.556300002848729 ], [ 2802419.68130000308156, 837715.426300001796335 ], [ 2802429.651299995835871, 837697.920100003248081 ], [ 2802478.609700004570186, 837682.737399998353794 ], [ 2802499.528399997390807, 837712.897300003562123 ], [ 2802507.819900000467896, 837730.845700001809746 ], [ 2802524.8574, 837771.80039999820292 ], [ 2802536.284299995750189, 837752.229700000490993 ], [ 2802547.712300005368888, 837732.654500004136935 ], [ 2802550.120600001420826, 837727.993800002848729 ], [ 2802558.093700001947582, 837712.566899996716529 ], [ 2802560.601000006310642, 837704.183800004189834 ], [ 2802645.105899999383837, 837702.709899998269975 ], [ 2802658.740900000557303, 837746.328299998538569 ], [ 2802660.633100002538413, 837752.000700004165992 ], [ 2802665.096499998122454, 837765.377900003921241 ], [ 2802678.781299997121096, 837728.47569999890402 ], [ 2802684.515299994964153, 837697.337499998044223 ], [ 2802686.920500004198402, 837684.269800000591204 ], [ 2802693.160499994177371, 837655.238100001355633 ], [ 2802695.682800001930445, 837645.441300000529736 ], [ 2802702.738699998706579, 837618.047599997138605 ], [ 2802723.909300000872463, 837660.301499999361113 ], [ 2802729.045100002549589, 837673.043200000654906 ], [ 2802732.134999994188547, 837675.892700005788356 ], [ 2802740.285899999085814, 837683.409100002842024 ], [ 2802760.138300002086908, 837703.105200002668425 ], [ 2802776.667900005821139, 837701.355700003448874 ], [ 2802789.350199998822063, 837692.502099996665493 ], [ 2802789.847499993164092, 837692.154899997636676 ], [ 2802792.810500001069158, 837690.086499996250495 ], [ 2802814.500300001353025, 837681.910699997097254 ], [ 2802825.313299996312708, 837672.39589999942109 ], [ 2802835.7336, 837654.745600003981963 ], [ 2802845.916400001384318, 837643.165099996840581 ], [ 2802888.444700004532933, 837692.789099998306483 ], [ 2802961.636800000909716, 837730.101600002497435 ], [ 2803005.37009999807924, 837752.395299998577684 ], [ 2803024.456600002944469, 837762.12489999551326 ], [ 2803059.975400004535913, 837780.232599996030331 ], [ 2803104.460000000428408, 837802.910399998771027 ], [ 2803167.223800004459918, 837817.318799996050075 ], [ 2803178.082199995405972, 837819.81109999679029 ], [ 2803210.304300002753735, 837827.209000001661479 ], [ 2803218.371099997311831, 837829.05990000278689 ], [ 2803219.694799994584173, 837829.363600000040606 ], [ 2803232.468199994880706, 837832.295999996364117 ], [ 2803236.292900000233203, 837833.173999994760379 ], [ 2803316.541100003756583, 837851.596700004069135 ], [ 2803348.974599999841303, 837859.041199997300282 ], [ 2803360.679000000469387, 837861.728400001302361 ], [ 2803400.585800003726035, 837870.889300000621006 ], [ 2803407.65700000198558, 837872.874600000446662 ], [ 2803485.841600000858307, 837894.828699999954551 ], [ 2803514.847499993629754, 837902.972399996826425 ], [ 2803520.886200005654246, 837904.666499994928017 ], [ 2803545.071099995169789, 837911.458800002932549 ], [ 2803577.487599997315556, 837920.561399998608977 ], [ 2803605.207999998237938, 837928.343699999619275 ], [ 2803633.091799996327609, 837936.172400004928932 ], [ 2803641.696000002324581, 837938.589600001461804 ], [ 2803684.881400001235306, 837950.715299997245893 ], [ 2803732.490099995862693, 837964.083000000566244 ], [ 2803757.622000002767891, 837952.780400001676753 ], [ 2803900.322899995371699, 837888.599699997110292 ], [ 2803921.216000000946224, 837879.205100001767278 ], [ 2803983.660999999847263, 837851.121400002157316 ], [ 2803996.9887999962084, 837845.125799997476861 ], [ 2804037.756999998819083, 837826.791899997973815 ], [ 2804178.313799997791648, 837763.578200003597885 ], [ 2804208.073199999053031, 837750.1942999958992 ], [ 2804314.075999996624887, 837702.522599997464567 ], [ 2804420.322399999480695, 837654.739500000840053 ], [ 2804424.355599999893457, 837652.92560000391677 ], [ 2804434.924099995288998, 837648.172499997541308 ], [ 2804442.829200002830476, 837644.617199994856492 ], [ 2804451.031799999531358, 837640.928099998505786 ], [ 2804455.193000005558133, 837639.056599999545142 ], [ 2804458.489700000267476, 837637.574399998411536 ], [ 2804460.001600001007318, 837636.894600000465289 ], [ 2804471.789399992674589, 837631.610200003487989 ], [ 2804473.393400000408292, 837630.891100003616884 ], [ 2804473.397600000724196, 837630.889200000790879 ], [ 2804476.760799997486174, 837629.357500000158325 ], [ 2804476.77920000301674, 837629.349199996097013 ], [ 2804476.854799998458475, 837629.315199999604374 ], [ 2804487.053000006824732, 837624.727900001686066 ], [ 2804496.109600001946092, 837621.638000000966713 ], [ 2804501.950900002848357, 837619.645000002114102 ], [ 2804518.210999998729676, 837614.09740000218153 ], [ 2804567.545799997635186, 837597.2633000027854 ], [ 2804583.283500004094094, 837591.893400001805276 ], [ 2804625.499999998603016, 837574.525399998994544 ], [ 2804659.593799997586757, 837560.497600001050159 ], [ 2804693.688500000163913, 837546.469399999827147 ], [ 2804743.663599994033575, 837525.910100003005937 ], [ 2804771.73810000391677, 837514.359699999215081 ], [ 2804791.425300003495067, 837506.259699997259304 ], [ 2804802.174099993426353, 837501.836300004972145 ], [ 2804838.940199998673052, 837486.709399995626882 ], [ 2804885.511600001715124, 837467.548400000436231 ], [ 2804965.52449999563396, 837434.629599997540936 ], [ 2804999.117899997159839, 837420.808499997016042 ], [ 2805034.318800004664809, 837405.362200003117323 ], [ 2805052.388700002804399, 837397.433799996972084 ], [ 2805081.565300005953759, 837384.630300002172589 ], [ 2805131.82619999954477, 837362.576799999922514 ], [ 2805177.484499994199723, 837342.541499998187646 ], [ 2805226.560799998696893, 837321.005099998554215 ], [ 2805274.205100003629923, 837300.098699999274686 ], [ 2805274.615799997001886, 837299.920500000473112 ], [ 2805323.145200002938509, 837278.624899999937043 ], [ 2805370.463300000876188, 837257.861200003419071 ], [ 2805382.523900006432086, 837252.570700003532693 ], [ 2805416.794099997729063, 837237.531200001016259 ], [ 2805463.217799999751151, 837217.161300000967458 ], [ 2805510.220599999651313, 837196.536200003465638 ], [ 2805560.72789999563247, 837174.373199997004122 ], [ 2805565.444799995981157, 837172.304499997524545 ], [ 2805608.966599999461323, 837153.206100002629682 ], [ 2805652.748000002000481, 837134.577899997355416 ], [ 2805691.056699998676777, 837118.275599997024983 ], [ 2805791.765100003685802, 837075.424800005275756 ], [ 2805817.725000000558794, 837063.354200003435835 ], [ 2805836.545199997723103, 837054.604199999710545 ], [ 2805863.969800002407283, 837041.855900004273281 ], [ 2805945.856599998194724, 837010.793900003889576 ], [ 2805987.092900003306568, 836995.15260000154376 ], [ 2805992.433200000785291, 836993.112199998693541 ], [ 2806025.083400007802993, 836980.627500000875443 ], [ 2806073.68639999255538, 836962.046799996169284 ], [ 2806108.025699999183416, 836948.915600003907457 ], [ 2806121.815700005739927, 836943.644400004064664 ], [ 2806173.818100002128631, 836923.763500002445653 ], [ 2806188.563999999780208, 836918.125400000018999 ], [ 2806200.853800003416836, 836913.427500001853332 ], [ 2806255.404299995861948, 836892.571100001921877 ], [ 2806273.959899995476007, 836885.476499999640509 ], [ 2806285.195799998939037, 836881.18099999986589 ], [ 2806310.542600002139807, 836871.489700004691258 ], [ 2806327.377499999478459, 836865.054300002753735 ], [ 2806378.226300003472716, 836845.613199998391792 ], [ 2806473.984499997459352, 836809.003099998226389 ], [ 2806553.131700004450977, 836778.74270000285469 ], [ 2806611.947699998971075, 836756.257100002607331 ], [ 2806658.9806999983266, 836738.274300004355609 ], [ 2806710.351099994964898, 836718.632900004042313 ], [ 2806750.473499995656312, 836703.533800000324845 ], [ 2806791.352600005455315, 836688.149000001838431 ], [ 2806826.486500001978129, 836674.926299998769537 ], [ 2806905.428199995774776, 836645.215500003192574 ], [ 2806947.267500002402812, 836629.466500002890825 ], [ 2807049.399199999403208, 836591.027599998749793 ], [ 2807120.50810000160709, 836564.266200001817197 ], [ 2807130.296599998138845, 836560.581900001969188 ], [ 2807191.697099997196347, 836537.473599996883422 ], [ 2807272.659499999135733, 836507.001400001114234 ], [ 2807238.54689999949187, 836420.747999999439344 ], [ 2807228.157900000456721, 836394.480199996149167 ], [ 2807226.947600001003593, 836391.421899998094887 ], [ 2807193.953299999237061, 836307.993200003635138 ], [ 2807188.581600000616163, 836294.411299997009337 ], [ 2807174.919899998698384, 836259.868000002577901 ], [ 2807163.304399995133281, 836230.502899997634813 ], [ 2807147.632100004237145, 836190.873599999351427 ], [ 2807136.9014000040479, 836163.742199995787814 ], [ 2807134.288699998985976, 836157.134899999946356 ], [ 2807132.426399998832494, 836152.427299994509667 ], [ 2807114.807999995071441, 836107.876699996180832 ], [ 2807107.2922000028193, 836088.877200004179031 ], [ 2807066.389400000218302, 835985.454200001899153 ], [ 2807049.507500002160668, 835939.323600004427135 ], [ 2807049.377600002102554, 835938.968800002709031 ], [ 2807049.33399999467656, 835938.849800002062693 ], [ 2807049.329699998255819, 835938.837999999290332 ], [ 2807049.269599996972829, 835938.673600002424791 ], [ 2807049.161499995738268, 835938.378200000384822 ], [ 2807030.095299999695271, 835886.278299995930865 ], [ 2806997.102300004567951, 835796.122499997960404 ], [ 2806993.819600005168468, 835787.153599999379367 ], [ 2806990.337700005620718, 835777.637399998726323 ], [ 2806981.361099999863654, 835753.108399996766821 ], [ 2806966.098800000734627, 835711.402200000127777 ], [ 2806950.370300001930445, 835668.422600004123524 ], [ 2806936.036700001917779, 835629.254499998642132 ], [ 2806917.050100000109524, 835577.373699998948723 ], [ 2806866.349799994844943, 835438.828400000929832 ], [ 2806862.50680000660941, 835428.327899998286739 ], [ 2806869.864900001324713, 835420.566700003575534 ], [ 2806877.556799996644258, 835412.4590999991633 ], [ 2806902.663099998608232, 835353.284499997273088 ], [ 2806906.829499996267259, 835343.467700003646314 ], [ 2806914.660800005774945, 835325.012699998915195 ], [ 2806917.583199996966869, 835318.124499995727092 ], [ 2806937.01630000397563, 835272.328000005800277 ], [ 2806940.537199998274446, 835264.02910000202246 ], [ 2806958.128100002650172, 835222.574099995195866 ], [ 2806967.122100006323308, 835201.377599999075755 ], [ 2806972.433700003661215, 835188.859799999278039 ], [ 2807001.283699996769428, 835120.866499999072403 ], [ 2807002.544200005941093, 835117.89519999595359 ], [ 2807016.909399999305606, 835084.040800001472235 ], [ 2807030.451899998821318, 835052.122400000225753 ], [ 2807045.966599998064339, 835015.561599998036399 ], [ 2807048.902400005143136, 835008.641699995845556 ], [ 2807060.574000002350658, 834981.135999997612089 ], [ 2807073.100299999117851, 834951.615500001702458 ], [ 2807074.362000000663102, 834948.638700000476092 ], [ 2807088.859400000888854, 834914.476799994241446 ], [ 2807104.805600001942366, 834876.894900005077943 ], [ 2807118.206600000150502, 834845.31249999627471 ], [ 2807140.060900002252311, 834793.807599995983765 ], [ 2807146.192199994809926, 834779.358199996175244 ], [ 2807148.706800003536046, 834773.431999996071681 ], [ 2807149.651699998881668, 834771.205899997148663 ], [ 2807174.299099996685982, 834713.118099995655939 ], [ 2807175.16589999711141, 834711.076000000350177 ], [ 2807207.297899996861815, 834635.353000003146008 ], [ 2807223.730799999088049, 834615.86419999669306 ], [ 2807238.71149999788031, 834604.456100000999868 ], [ 2807244.094099996145815, 834603.32000000285916 ], [ 2807278.916299998760223, 834595.967700004344806 ], [ 2807297.882100001443177, 834591.963500002631918 ], [ 2807324.076799999456853, 834586.433700003195554 ], [ 2807324.148599998094141, 834586.418299996294081 ], [ 2807324.21239999961108, 834586.404699996113777 ], [ 2807324.262999995611608, 834586.393900001654401 ], [ 2807369.979199998546392, 834576.741699997568503 ], [ 2807373.413900004699826, 834576.016500003635883 ], [ 2807341.54530000127852, 834432.067200002726167 ], [ 2807406.070000004023314, 834416.802299999399111 ], [ 2807370.7141999960877, 834282.500199995469302 ], [ 2807410.737099997699261, 834192.868299995781854 ], [ 2807450.744199998211116, 834103.270499998005107 ], [ 2807467.026100002229214, 834066.803699996788055 ], [ 2807467.705499996896833, 834065.282099997624755 ], [ 2807538.616499996744096, 833906.470099998870865 ], [ 2807581.362800000235438, 833807.417100004618987 ], [ 2807584.652699998579919, 833799.794500000309199 ], [ 2807645.417099994141608, 833658.98389999801293 ], [ 2807651.896900000981987, 833643.969700002344325 ], [ 2807696.230099995620549, 833541.236699996283278 ], [ 2807799.84350000275299, 833301.139899994712323 ], [ 2807827.318099997937679, 833240.209100003121421 ], [ 2807834.429899995680898, 833224.439899999648333 ], [ 2807836.598100003320724, 833219.632300003897399 ], [ 2807836.608399997930974, 833219.609100001864135 ], [ 2807836.648299995809793, 833219.520700003951788 ], [ 2807836.714400003664196, 833219.374200004385784 ], [ 2807836.746400000527501, 833219.302900005597621 ], [ 2807836.767200000118464, 833219.256599997635931 ], [ 2807836.83089999621734, 833219.114999999757856 ], [ 2807839.213100005406886, 833213.831699999049306 ], [ 2807887.195299996994436, 833107.425300001399592 ], [ 2807969.0663, 832925.866300005465746 ], [ 2807988.295900001656264, 832885.131499994313344 ], [ 2808008.665100000333041, 832841.982899998081848 ], [ 2808048.90470000449568, 832756.739299998153001 ], [ 2808116.201399996876717, 832608.591900000581518 ], [ 2808118.785099994391203, 832602.904099996900186 ], [ 2808146.535300000570714, 832536.88989999727346 ], [ 2808171.749300000723451, 832476.905299998819828 ], [ 2808183.962299998383969, 832447.855299999238923 ], [ 2808185.462700003292412, 832444.282900006277487 ], [ 2808257.122099999338388, 832273.817100002430379 ], [ 2808284.802500006277114, 832210.893499996047467 ], [ 2808304.623099996242672, 832165.834800000535324 ], [ 2808312.239500001072884, 832148.520300004864112 ], [ 2808324.488899997901171, 832120.675500001292676 ], [ 2808325.120499994140118, 832119.236699996748939 ], [ 2808345.186199997551739, 832073.622299998765811 ], [ 2808350.430000003892928, 832061.70250000199303 ], [ 2808364.876400004606694, 832028.86450000340119 ], [ 2808366.734899999573827, 832024.638100001262501 ], [ 2808384.591999997384846, 831984.043200004613027 ], [ 2808385.884800001978874, 831981.105700005078688 ], [ 2808404.382399996742606, 831939.055599997518584 ], [ 2808405.446800001431257, 831936.636699999915436 ], [ 2808424.2103, 831893.98389999801293 ], [ 2808426.263300003483891, 831889.314400001661852 ], [ 2808444.105300001334399, 831848.755600006086752 ], [ 2808445.053199995774776, 831846.602499998407438 ], [ 2808453.783699997700751, 831826.755300004035234 ], [ 2808464.481600002851337, 831802.435499998275191 ], [ 2808465.959999998100102, 831799.076799999922514 ], [ 2808469.527099994942546, 831790.967300001531839 ], [ 2808484.775600000750273, 831756.301400002092123 ], [ 2808484.90180000057444, 831756.014800003962591 ], [ 2808484.907500000204891, 831756.001799999736249 ], [ 2808485.030400003306568, 831755.722600002540275 ], [ 2808485.233800003305078, 831755.26110000256449 ], [ 2808485.244299999438226, 831755.237100002588704 ], [ 2808485.286300002131611, 831755.141699998406693 ], [ 2808505.354199997149408, 831709.522899998351932 ], [ 2808505.511299998499453, 831709.166200002888218 ], [ 2808505.613300005439669, 831708.933400000911206 ], [ 2808505.632900003809482, 831708.888600001344457 ], [ 2808505.668600001372397, 831708.807400002609938 ], [ 2808523.427400001324713, 831668.436700005782768 ], [ 2808524.267700002994388, 831666.526500001549721 ], [ 2808525.793399997055531, 831663.059500000206754 ], [ 2808527.999799992423505, 831658.044100002618507 ], [ 2808544.824700002092868, 831619.798600002424791 ], [ 2808544.843900005798787, 831619.754699997138232 ], [ 2808544.898400003556162, 831619.631399999605492 ], [ 2808544.965099998749793, 831619.479999998351559 ], [ 2808559.480500000994653, 831586.482199997641146 ], [ 2808559.742200004868209, 831585.870499997632578 ], [ 2808564.280899997334927, 831575.259900003205985 ], [ 2808564.404599998611957, 831574.971099995309487 ], [ 2808564.521700005047023, 831574.697900004684925 ], [ 2808564.523399997502565, 831574.694000002462417 ], [ 2808564.528500000946224, 831574.682100003352389 ], [ 2808583.619000004138798, 831530.065500002587214 ], [ 2808583.787399999331683, 831529.673300002235919 ], [ 2808583.796799999196082, 831529.651399997761473 ], [ 2808583.93689999775961, 831529.324600003659725 ], [ 2808601.471100003924221, 831488.343300002859905 ], [ 2808605.216600000858307, 831479.594299998600036 ], [ 2808620.613599996548146, 831443.605200002202764 ], [ 2808622.544100000523031, 831439.095499998889863 ], [ 2808636.201999997254461, 831407.178599996957928 ], [ 2808639.229299997445196, 831400.100499997613952 ], [ 2808647.774300005286932, 831380.130199998617172 ], [ 2808712.258699998259544, 831229.426699998788536 ], [ 2808715.276199995540082, 831222.372699995758012 ], [ 2808720.130599998869002, 831213.492899996694177 ], [ 2808736.627800002228469, 831183.315900001209229 ], [ 2808738.788300001993775, 831179.363800003426149 ], [ 2808742.592799995094538, 831172.380699995905161 ], [ 2808719.361599995754659, 831146.961599994450808 ], [ 2808714.971499998588115, 831142.165500003611669 ], [ 2808675.775999999605119, 831097.102000002749264 ], [ 2808631.569899999536574, 831046.466700000455603 ], [ 2808621.901600004639477, 831035.695300004445016 ], [ 2808600.41380000161007, 831010.645400002831593 ], [ 2808569.085899997502565, 830974.625299999956042 ], [ 2808492.49909999826923, 830940.872099997010082 ], [ 2808430.542400005739182, 830915.175200001336634 ], [ 2808350.766899999696761, 830881.49529999634251 ], [ 2808276.09859999967739, 830849.517899998929352 ], [ 2808263.795699995942414, 830844.249100001528859 ], [ 2808229.471100002992898, 830829.6970999983605 ], [ 2808207.427100006490946, 830820.351500002900138 ], [ 2808190.578800001647323, 830813.164399998961017 ], [ 2808103.502899999264628, 830776.019799998961389 ], [ 2808072.8405, 830762.939899995457381 ], [ 2808005.808599997777492, 830735.513099998701364 ], [ 2808004.902999995276332, 830735.142499995650724 ], [ 2807942.832999992650002, 830709.744200002634898 ], [ 2807850.996899998746812, 830672.162499997531995 ], [ 2807754.457000005058944, 830632.66500000259839 ], [ 2807660.055699997581542, 830594.037999999942258 ], [ 2807568.577799998689443, 830556.60780000151135 ], [ 2807559.755800003185868, 830552.998000000836328 ], [ 2807524.139000001829118, 830565.392199996393174 ], [ 2807504.736900001298636, 830572.145099997520447 ], [ 2807438.638300002086908, 830595.148000002140179 ], [ 2807376.229299999307841, 830616.86989999609068 ], [ 2807309.830399996601045, 830639.977499999571592 ], [ 2807247.153899993747473, 830661.790500001050532 ], [ 2807038.39500000141561, 830734.443199995905161 ], [ 2807021.869099997915328, 830746.415399994701147 ], [ 2806978.3511, 830730.128599997609854 ], [ 2806948.62250000378117, 830722.204900000244379 ], [ 2806935.3528, 830720.793199999956414 ], [ 2806918.269299999810755, 830721.983900001272559 ], [ 2806904.491499999072403, 830723.911300000967458 ], [ 2806895.375699997879565, 830725.491300000110641 ], [ 2806827.173400002997369, 830748.834399997489527 ], [ 2806763.662700002081692, 830770.571800003293902 ], [ 2806700.636099997907877, 830792.14349999721162 ], [ 2806646.819900001399219, 830810.562699998961762 ], [ 2806272.974799995310605, 830938.515799999702722 ], [ 2806188.163300002459437, 830966.910399995744228 ], [ 2806172.368199996184558, 830971.906000002287328 ], [ 2806141.43150000134483, 830982.352600003359839 ], [ 2806011.471300001721829, 831026.237199996830896 ], [ 2805893.32170000160113, 831066.132699997164309 ], [ 2805830.753000001888722, 831064.813700000289828 ], [ 2805791.254499998409301, 831066.800999999511987 ], [ 2805765.194100002758205, 831068.859000001102686 ], [ 2805661.021500003058463, 831097.175700004212558 ], [ 2805631.503999996930361, 831103.628899998031557 ], [ 2805601.551499999128282, 831105.477699994575232 ], [ 2805572.942900001537055, 831088.732500001788139 ], [ 2805534.119899999350309, 831060.157100002747029 ], [ 2805495.465899997856468, 831029.331299997633323 ], [ 2805409.120899997651577, 830960.472699996316805 ], [ 2805381.952499998733401, 830938.96029999689199 ], [ 2805292.761299999430776, 830868.337299998151138 ], [ 2805258.57190000358969, 830841.25990000134334 ], [ 2805144.821500002406538, 830756.283500003162771 ], [ 2805143.893700005952269, 830755.590299997711554 ], [ 2804983.568899994716048, 830630.617499996908009 ], [ 2804954.075999993830919, 830607.626899994909763 ], [ 2804938.230300000403076, 830639.454300002893433 ], [ 2804913.328699996229261, 830677.856299999170005 ], [ 2804890.65169999981299, 830703.231699997093529 ], [ 2804870.143700000364333, 830726.180100003723055 ], [ 2804839.292299999389797, 830756.124099995940924 ], [ 2804812.624899995047599, 830782.055500003276393 ], [ 2804794.155700002331287, 830800.014899997739121 ], [ 2804771.566900002770126, 830820.473900005919859 ], [ 2804756.629500003531575, 830834.513099994510412 ], [ 2804713.174299998674542, 830875.354700000258163 ], [ 2804682.855499994941056, 830903.851699997903779 ], [ 2804675.970700002741069, 830910.322299997555092 ], [ 2804642.786899999249727, 830941.50990000157617 ], [ 2804604.584499997552484, 830977.416700003203005 ], [ 2804582.352900001686066, 830998.309500002069399 ], [ 2804564.090499994345009, 831015.47290000342764 ], [ 2804526.424500003922731, 831050.876299999421462 ], [ 2804512.498499993700534, 831063.964700000127777 ], [ 2804494.234099995344877, 831081.130800002254546 ], [ 2804484.016500008292496, 831090.733999997610226 ], [ 2804460.643000000622123, 831112.700899999588728 ], [ 2804444.053600002545863, 831128.295499999541789 ], [ 2804422.015199999790639, 831148.199799996102229 ], [ 2804384.046599999535829, 831182.497899998445064 ], [ 2804366.430699995253235, 831198.419500003103167 ], [ 2804340.360299994237721, 831218.303900003433228 ], [ 2804331.215300001669675, 831225.282000003848225 ], [ 2804306.313500004354864, 831238.456199998036027 ], [ 2804281.946000005118549, 831246.661399998702109 ], [ 2804252.938600004650652, 831253.468799997819588 ], [ 2804247.347499993629754, 831254.1944000038784 ], [ 2804231.019199994392693, 831256.312100003473461 ], [ 2804201.233800002373755, 831257.846800002967939 ], [ 2804169.270699998363853, 831256.261900002136827 ], [ 2804147.077699993737042, 831252.508199997711927 ], [ 2804130.207699995022267, 831248.16900000302121 ], [ 2804091.7881, 831234.880900002550334 ], [ 2804080.923900004010648, 831230.271499998634681 ], [ 2804024.196900000330061, 831206.206999995280057 ], [ 2804021.179600005038083, 831204.93590000201948 ], [ 2803959.817399999126792, 831179.12620000494644 ], [ 2803915.830300007481128, 831160.634399998001754 ], [ 2803865.009800000116229, 831139.267700000200421 ], [ 2803822.981899994891137, 831121.597399994265288 ], [ 2803811.324399998411536, 831116.696200001053512 ], [ 2803762.996700000483543, 831096.37940000439994 ], [ 2803720.298899997025728, 831078.426400002557784 ], [ 2803706.356799996457994, 831072.67320000147447 ], [ 2803666.236199993174523, 831056.11650000186637 ], [ 2803631.785400000400841, 831041.899200002197176 ], [ 2803622.501199994701892, 831039.09399999701418 ], [ 2803573.547799993306398, 831029.139999998500571 ], [ 2803552.279100003652275, 831027.50000000349246 ], [ 2803542.283699999097735, 831027.293499999213964 ], [ 2803517.3978, 831027.844599998323247 ], [ 2803488.115500007290393, 831031.463099997257814 ], [ 2803460.312700006179512, 831037.53129999851808 ], [ 2803457.284199995454401, 831038.255000001983717 ], [ 2803454.174800001550466, 831039.463899998227134 ], [ 2803449.14630000339821, 831041.2764999975916 ], [ 2803404.837300002109259, 831057.315400001825765 ], [ 2803395.182700003962964, 831060.805999999633059 ], [ 2803395.1796, 831060.807100004516542 ], [ 2803394.430800000671297, 831061.078199999639764 ], [ 2803369.093000003136694, 831070.263200004119426 ], [ 2803333.011000001337379, 831083.289300002623349 ], [ 2803282.491999999154359, 831101.527999999467283 ], [ 2803270.223700005561113, 831105.957500003743917 ], [ 2803232.851899998262525, 831119.450100000249222 ], [ 2803190.767800003290176, 831134.703400002559647 ], [ 2803166.854400003328919, 831143.370999997714534 ], [ 2803146.130999999120831, 831150.882099998416379 ], [ 2803100.471000003628433, 831167.431200004182756 ], [ 2803033.576099995989352, 831191.676700003445148 ], [ 2803013.172499997075647, 831199.070899999234825 ], [ 2802965.292499997187406, 831216.258800000417978 ], [ 2802921.295299995224923, 831232.051500004250556 ], [ 2802899.785700001753867, 831239.773399997269735 ], [ 2802890.637499999720603, 831243.057200001552701 ], [ 2802877.467100002337247, 831247.784799999790266 ], [ 2802850.840700000524521, 831257.342700004577637 ], [ 2802832.757099996786565, 831263.833900002064183 ], [ 2802789.647299993317574, 831279.308200003346428 ], [ 2802765.486100005917251, 831287.980300005758181 ], [ 2802745.146399996243417, 831295.280000000493601 ], [ 2802694.970299996435642, 831313.401500002713874 ], [ 2802694.966300006490201, 831313.40289999707602 ], [ 2802697.421300005167723, 831323.24540000082925 ], [ 2802697.423900000751019, 831323.25600000214763 ], [ 2802699.8534, 831332.996700000483543 ], [ 2802681.948099999688566, 831339.52549999859184 ], [ 2802663.068400006741285, 831346.355800001649186 ], [ 2802657.675600001588464, 831330.248700002674013 ], [ 2802603.34099999582395, 831349.500100003555417 ], [ 2802581.61190000269562, 831357.166200001025572 ], [ 2802568.831899999640882, 831361.674400004791096 ], [ 2802560.377400002907962, 831364.656700003892183 ], [ 2802531.926000002771616, 831374.692199999233708 ], [ 2802517.784100005868822, 831379.682900004088879 ], [ 2802501.681699998211116, 831385.361700002336875 ], [ 2802494.924900003708899, 831387.745299996808171 ], [ 2802469.704700003843755, 831396.642099998658523 ], [ 2802456.015399997588247, 831401.471599998418242 ], [ 2802418.478200003039092, 831414.713699997868389 ], [ 2802402.887399999890476, 831420.212999999523163 ], [ 2802395.751999996602535, 831422.866600001929328 ], [ 2802376.10480000032112, 831431.937200000276789 ], [ 2802359.199700000230223, 831439.8883 ], [ 2802350.117200002539903, 831445.059500000905246 ], [ 2802332.742200002074242, 831456.532800001092255 ], [ 2802316.529899995774031, 831468.663100000703707 ], [ 2802303.602799996268004, 831478.337099995231256 ], [ 2802268.208800000604242, 831507.014500001212582 ], [ 2802261.476800004020333, 831512.522299999836832 ], [ 2802225.585199998691678, 831541.889700002269819 ], [ 2802183.60800000326708, 831576.236999997403473 ], [ 2802175.992399996612221, 831582.467799997888505 ], [ 2802135.279900001827627, 831613.770700002321973 ], [ 2802123.427000002004206, 831623.420100000454113 ], [ 2802080.87889999942854, 831662.743900003843009 ], [ 2802046.292499997653067, 831691.601299997419119 ], [ 2802019.068899999372661, 831713.107900000875816 ], [ 2801966.705300000496209, 831754.476500000339001 ], [ 2801927.201899995096028, 831785.686099996324629 ], [ 2801907.340600000694394, 831801.375600000610575 ], [ 2801891.561199998948723, 831813.840499998535961 ], [ 2801879.929200001992285, 831823.029700003331527 ], [ 2801831.333100000862032, 831861.42209999775514 ], [ 2801813.293700000271201, 831875.672099996125326 ], [ 2801807.223399994429201, 831880.467000003205612 ], [ 2801797.475100002717227, 831887.53269999474287 ], [ 2801787.36029999377206, 831894.081000003265217 ], [ 2801774.632999999448657, 831901.244700003415346 ], [ 2801766.1719, 831905.537800000747666 ], [ 2801753.995899997651577, 831910.855700002983212 ], [ 2801749.078799997922033, 831912.729600004618987 ], [ 2801730.410400005523115, 831919.412899999413639 ], [ 2801696.925800006836653, 831930.922899996861815 ], [ 2801649.9049, 831947.084500002441928 ], [ 2801645.18849999923259, 831948.707500003511086 ], [ 2801595.268799997866154, 831965.209500003606081 ], [ 2801594.327699999324977, 831965.514100003987551 ], [ 2801551.281600001268089, 831979.446299995994195 ], [ 2801506.33739999961108, 831993.991899997927248 ], [ 2801459.165299992542714, 832009.260200003627688 ], [ 2801452.57399999955669, 832011.392399997916073 ], [ 2801369.072999997995794, 832038.417600002838299 ], [ 2801319.293700001668185, 832054.529200000222772 ], [ 2801294.619000006932765, 832062.515299995895475 ], [ 2801276.485299998428673, 832068.384299997240305 ], [ 2801265.224100005812943, 832073.01000000257045 ], [ 2801257.170100004412234, 832076.851200001779944 ], [ 2801250.362199997063726, 832080.039299994939938 ], [ 2801232.496400000527501, 832084.981099996482953 ], [ 2801183.967899997718632, 832100.293599996715784 ], [ 2801138.156400004401803, 832114.947700003162026 ], [ 2801094.719099996611476, 832128.700100000714883 ], [ 2801047.948300000745803, 832143.944500002544373 ], [ 2800999.473399992566556, 832159.739999994868413 ], [ 2800910.674900002311915, 832189.11590000288561 ], [ 2800811.503100000321865, 832222.523500002687797 ], [ 2800709.075599997770041, 832254.507500003091991 ], [ 2800690.806599996052682, 832261.479400004027411 ], [ 2800631.407100001815706, 832295.736699996748939 ], [ 2800593.292700003366917, 832317.717600002419204 ], [ 2800553.960299997590482, 832340.401700001209974 ], [ 2800517.051600003615022, 832361.688299996312708 ], [ 2800483.028600003570318, 832381.311700003221631 ], [ 2800385.529600000474602, 832439.55400000163354 ], [ 2800335.315499996300787, 832469.569500003010035 ], [ 2800280.979000005405396, 832502.317700000712648 ], [ 2800174.269299996551126, 832565.597399997757748 ], [ 2800128.055399995762855, 832594.005699999397621 ], [ 2800100.675300001632422, 832607.068500004010275 ], [ 2800077.86530000064522, 832616.480500005418435 ], [ 2800041.625100002158433, 832625.140499997884035 ], [ 2800025.130999993998557, 832627.272499999264255 ], [ 2799984.183300003875047, 832628.596899997675791 ], [ 2799911.717799995560199, 832630.24199999589473 ], [ 2799784.241199998185039, 832633.282599998638034 ], [ 2799641.8378000035882, 832635.531699998071417 ], [ 2799527.120999997481704, 832639.040000000037253 ], [ 2799460.994099992793053, 832640.499200000660494 ], [ 2799399.441999999340624, 832646.203999998280779 ], [ 2799294.863200004212558, 832655.895100000547245 ], [ 2799275.698799998033792, 832659.681399998487905 ], [ 2799264.074500000104308, 832662.508600004715845 ], [ 2799252.161399994045496, 832667.800700000487268 ], [ 2799240.309000002685934, 832678.397099998546764 ], [ 2799229.554300002288073, 832690.389899995177984 ], [ 2799223.7043999992311, 832695.382199995918199 ], [ 2799205.674999995157123, 832703.371799999149516 ], [ 2799196.176100003998727, 832705.052499998593703 ], [ 2799176.040100001730025, 832705.581700002076104 ], [ 2799154.254699995741248, 832699.140000004088506 ], [ 2799130.607499997597188, 832685.296999999089167 ], [ 2799120.185500002000481, 832676.709499998018146 ], [ 2799053.636600000783801, 832619.05939999781549 ], [ 2799059.453799996059388, 832660.487200003815815 ], [ 2799056.303999996278435, 832686.568600000813603 ], [ 2799053.649800006300211, 832695.75990000134334 ], [ 2799044.470500001683831, 832727.548700000392273 ], [ 2798989.843500001821667, 832863.601399999577552 ], [ 2798977.215399999637157, 832898.853400002932176 ], [ 2798950.853200000245124, 832972.445399998454377 ], [ 2798943.215699997730553, 832993.765900002559647 ], [ 2798938.377700001001358, 833005.26069999486208 ], [ 2798911.767800001893193, 833074.065400003455579 ], [ 2798901.792100000660866, 833101.072700002696365 ], [ 2798880.552299995906651, 833157.643700001761317 ], [ 2798861.497599995695055, 833204.17730000265874 ], [ 2798858.187899997457862, 833212.703099998179823 ], [ 2798846.399400004185736, 833245.511500002350658 ], [ 2798838.95430000545457, 833266.232000003801659 ], [ 2798817.99140000063926, 833318.32990000047721 ], [ 2798792.826300003565848, 833380.824700005585328 ], [ 2798772.212399995420128, 833432.238600003765896 ], [ 2798745.388499994762242, 833501.714600004721433 ], [ 2798723.971299997530878, 833563.207700002007186 ], [ 2798720.26380000449717, 833573.386100001633167 ], [ 2798693.512000000569969, 833646.830099998274818 ], [ 2798683.07140000583604, 833675.493500000797212 ], [ 2798658.415300000458956, 833740.3530000038445 ], [ 2798636.487099995370954, 833795.303000001003966 ], [ 2798617.647600006777793, 833846.779700001003221 ], [ 2798596.311399998143315, 833901.086899995571002 ], [ 2798591.906599995680153, 833911.832899997243658 ], [ 2798567.627700004726648, 833975.767199999652803 ], [ 2798558.355800001882017, 833999.29239999782294 ], [ 2798537.662000000942498, 834052.750100001227111 ], [ 2798523.463500001933426, 834090.587699996307492 ], [ 2798500.594800002872944, 834147.86139999749139 ], [ 2798492.315400001127273, 834165.395599994575605 ], [ 2798480.997299998998642, 834195.640100000891834 ], [ 2798453.592599999625236, 834268.871599995298311 ], [ 2798439.773599994834512, 834305.799099998315796 ], [ 2798419.676399994175881, 834355.669899996370077 ], [ 2798361.598799999337643, 834513.458500002045184 ], [ 2798357.409699999727309, 834524.839699995238334 ], [ 2798355.210000003688037, 834530.306899994378909 ], [ 2798322.777200000360608, 834610.918599998345599 ], [ 2798312.258500002324581, 834638.720800003269687 ], [ 2798284.566000003367662, 834711.914600000716746 ], [ 2798238.454899999313056, 834833.790500003378838 ], [ 2798193.587300001177937, 834952.688999999547377 ], [ 2798159.511500004213303, 835042.982599998591468 ], [ 2798124.628999999258667, 835135.430499997921288 ], [ 2798088.876599997747689, 835230.111800000304356 ], [ 2798077.18470000103116, 835260.892200000816956 ], [ 2798049.421800006646663, 835333.981899995589629 ], [ 2797964.388099995907396, 835557.844399998430163 ], [ 2797958.099299998488277, 835574.788899996550754 ], [ 2797946.381300006061792, 835606.429800001671538 ], [ 2797919.201300006359816, 835679.819699994986877 ], [ 2797852.359099998604506, 835860.301200003130361 ], [ 2797829.718300000298768, 835921.43849999899976 ], [ 2797807.929799998644739, 835980.016500000609085 ], [ 2797780.674900004640222, 836053.291299995267764 ], [ 2797660.383700001519173, 836376.693899997044355 ], [ 2797649.610999998636544, 836405.656200000317767 ], [ 2797622.367899999022484, 836478.899099993985146 ], [ 2797587.088300000410527, 836573.747800000943244 ], [ 2797565.280100004281849, 836629.738799999235198 ], [ 2797542.192900005262345, 836693.72300000465475 ], [ 2797523.575399998109788, 836745.319599999813363 ], [ 2797499.080999997444451, 836759.365300003672019 ], [ 2797441.617700007278472, 836908.184800000395626 ], [ 2797436.046700003091246, 836922.613499997183681 ], [ 2797421.99389999685809, 836959.006599996704608 ], [ 2797369.281099999789149, 837095.521600002422929 ], [ 2797360.476299999747425, 837118.321899996139109 ], [ 2797315.558599997311831, 837234.6546999970451 ], [ 2797314.685900004114956, 837236.914800001075491 ], [ 2797292.934699995908886, 837293.245700002647936 ], [ 2797292.927800003904849, 837293.263599999714643 ], [ 2797292.924599994439632, 837293.272100005531684 ], [ 2797292.922999998554587, 837293.276499998522922 ], [ 2797292.920599996112287, 837293.282300003571436 ], [ 2797292.918099996633828, 837293.289000002900138 ], [ 2797247.581000002101064, 837410.702399995643646 ], [ 2797241.991199998185039, 837425.18120000581257 ], [ 2797241.987300004810095, 837425.191000000573695 ], [ 2797241.983400002587587, 837425.20110000227578 ], [ 2797233.359200004022568, 837447.534599999664351 ], [ 2797231.134999999310821, 837453.294799998169765 ], [ 2797167.27580000134185, 837618.679000000469387 ], [ 2797114.567599999252707, 837755.183000001357868 ], [ 2797095.232900003436953, 837805.255299996817484 ], [ 2797095.225900006014854, 837805.273500000825152 ], [ 2797095.223600000143051, 837805.279599995119497 ], [ 2797095.21419999981299, 837805.303800005698577 ], [ 2797094.598599997814745, 837806.896400005323812 ], [ 2797082.096399997361004, 837839.277799997245893 ], [ 2797081.715700001921505, 837840.263700003968552 ], [ 2797070.118200000841171, 837870.30189999891445 ], [ 2797049.403700006194413, 837923.946700001368299 ], [ 2796992.222000006586313, 838072.033100003376603 ], [ 2796941.545700001530349, 838203.279699997510761 ], [ 2796934.091399996075779, 838222.584299998590723 ], [ 2796914.439099995885044, 838273.477200001012534 ], [ 2796869.380500006023794, 838390.174700003350154 ], [ 2796859.821600001305342, 838414.927099998341873 ], [ 2796790.528399994131178, 838455.8757999970112 ], [ 2796740.915099999401718, 838485.194600002840161 ], [ 2796673.552100006490946, 838525.002800001297146 ], [ 2796673.544800002127886, 838525.007299999706447 ], [ 2796673.536600003018975, 838525.011999999638647 ], [ 2796673.532600004691631, 838525.014299997128546 ], [ 2796673.529700002167374, 838525.015999998198822 ], [ 2796673.516000005416572, 838525.024100000504404 ], [ 2796543.786200005095452, 838601.68959999945946 ], [ 2796495.927800002042204, 838629.969299998367205 ], [ 2796452.943000006489456, 838655.3718000005465 ], [ 2796405.932099995668977, 838683.155200005276129 ], [ 2796400.847900006920099, 838686.158799994969741 ], [ 2796398.08530000038445, 838687.791399997891858 ], [ 2796350.809800000861287, 838715.728700003121048 ], [ 2796350.716399996075779, 838715.784200000576675 ], [ 2796350.692599997855723, 838715.798399997176602 ], [ 2796350.622100005391985, 838715.840399999404326 ], [ 2796303.368099998217076, 838743.762999999569729 ], [ 2796259.042300004977733, 838769.957399999490008 ], [ 2796212.498099993914366, 838797.463599997572601 ], [ 2796168.42989999987185, 838823.50770000112243 ], [ 2796119.849699996877462, 838852.214799998095259 ], [ 2796069.640899998135865, 838871.806299995398149 ], [ 2796060.993100002873689, 838875.182300003245473 ], [ 2796026.523299999069422, 838888.631399997975677 ], [ 2796021.978899998124689, 838890.120299998437986 ], [ 2795970.878500000573695, 838906.855399998370558 ], [ 2795925.42559999646619, 838921.742799998028204 ], [ 2795923.336700002662838, 838922.42680000513792 ], [ 2795874.419299996923655, 838938.446999996900558 ], [ 2795845.91389999864623, 838947.781999999657273 ], [ 2795823.912400003988296, 838954.401799999875948 ], [ 2795799.855700004845858, 838961.64009999576956 ], [ 2795775.01460000500083, 838969.115700000664219 ], [ 2795725.52430000109598, 838984.006900005741045 ], [ 2795675.321200001984835, 838999.1114999987185 ], [ 2795661.276199999731034, 839018.107900004135445 ], [ 2795653.175100001506507, 839029.066199997439981 ], [ 2795627.104400002397597, 839064.326899999286979 ], [ 2795645.592699993401766, 839085.784500002861023 ], [ 2795670.51470000250265, 839114.709500003838912 ], [ 2795692.327200003899634, 839137.528599997516721 ], [ 2795716.167900002095848, 839162.472800000570714 ], [ 2795747.17030000127852, 839194.908699998864904 ], [ 2795779.613300002645701, 839228.852200001478195 ], [ 2795786.90829999698326, 839236.483399999327958 ], [ 2795859.737800005357713, 839312.681299995165318 ], [ 2795882.439099999610335, 839335.613100002519786 ], [ 2795903.176400002092123, 839356.562300002202392 ], [ 2795961.72459999890998, 839415.707300000591204 ], [ 2795920.288999997079372, 839446.935600000433624 ], [ 2795915.857600007671863, 839450.19189999718219 ], [ 2795882.3015, 839474.848700003931299 ], [ 2795837.756999996025115, 839507.580499995267019 ], [ 2795831.876499998848885, 839511.901500003645197 ], [ 2795829.713699992746115, 839513.46720000077039 ], [ 2795806.08739999961108, 839530.561300002736971 ], [ 2795789.230599998030812, 839542.757400003029034 ], [ 2795744.691500004380941, 839574.983999999938533 ], [ 2795740.162500001024455, 839578.260999999707565 ], [ 2795699.737899993546307, 839608.582499995594844 ], [ 2795642.612599994987249, 839651.428100005025044 ], [ 2795547.898299995809793, 839721.426300003193319 ], [ 2795537.602099996525794, 839728.133500001626089 ], [ 2795521.16239999840036, 839700.201599997933954 ], [ 2795496.653700004797429, 839658.562399994581938 ], [ 2795457.334399999585003, 839591.763199998065829 ], [ 2795456.178700003307313, 839592.35579999955371 ], [ 2795445.711100000888109, 839597.722399994730949 ], [ 2795412.187100004870445, 839614.91210000240244 ], [ 2795408.485800002235919, 839616.809899998828769 ], [ 2795363.012000002432615, 839640.126199999125674 ], [ 2795440.414800005033612, 839786.704100002534688 ], [ 2795432.835100006312132, 839794.702200002735481 ], [ 2795441.013000000733882, 839831.529300003312528 ], [ 2795460.30379999987781, 839918.376900002360344 ], [ 2795465.330399995204061, 839941.011700003175065 ], [ 2795526.948299997951835, 839935.713800002355129 ], [ 2795576.285700001288205, 839925.763199997367337 ], [ 2795621.388400007039309, 839908.241000004811212 ], [ 2795669.412600000854582, 839893.774499997030944 ], [ 2795819.279100005049258, 839831.809900003718212 ], [ 2795848.534300002269447, 839819.712499995715916 ], [ 2795852.598099996335804, 839818.327799994498491 ], [ 2795890.674000000115484, 839805.349599999608472 ], [ 2795896.819100003689528, 839803.254999997094274 ], [ 2795925.00850000185892, 839793.646999996388331 ], [ 2795943.552000000607222, 839787.326599996769801 ], [ 2796053.934299994725734, 839749.705500002484769 ], [ 2796058.37430000398308, 839748.193600001512095 ], [ 2796100.736000000499189, 839733.753600001800805 ], [ 2796112.909800001885742, 839729.606100000906736 ], [ 2796188.390900004189461, 839703.878699998604134 ], [ 2796230.794999997597188, 839689.426599998027086 ], [ 2796244.748499997891486, 839684.667500002542511 ], [ 2796295.056599993724376, 839667.504699997371063 ], [ 2796308.874200004618615, 839662.790699999546632 ], [ 2796337.853799999691546, 839652.904899995774031 ], [ 2796343.768299993593246, 839650.887300000526011 ], [ 2796368.657099995296448, 839644.132199998479337 ], [ 2796444.40530000301078, 839623.579500004649162 ], [ 2796493.129900001455098, 839610.356800001580268 ], [ 2796539.432999997865409, 839597.811700004618615 ], [ 2796599.721000004094094, 839581.47989999759011 ], [ 2796670.27660000603646, 839562.36329999868758 ], [ 2796712.635300003923476, 839550.887499999487773 ], [ 2796833.315600003581494, 839518.505800000624731 ], [ 2796858.027600000612438, 839511.873799994355068 ], [ 2796876.810800002422184, 839506.833399997092783 ], [ 2796920.325000003445894, 839495.158099999651313 ], [ 2796927.696500005666167, 839493.1790999956429 ], [ 2796942.525899999774992, 839489.199600004358217 ], [ 2796965.204000000841916, 839483.11369999893941 ], [ 2796972.088200005237013, 839481.266400001710281 ], [ 2796976.589499999303371, 839480.058399999747053 ], [ 2797029.03470000019297, 839465.986100000329316 ], [ 2797042.566599998623133, 839462.355200002202764 ], [ 2797077.338699996471405, 839453.024100001435727 ], [ 2797114.417100000660866, 839443.074199998052791 ], [ 2797165.99660000577569, 839429.234700000379235 ], [ 2797197.596600004471838, 839420.755000002449378 ], [ 2797239.578299998305738, 839409.48960000067018 ], [ 2797254.338600003160536, 839426.745899998350069 ], [ 2797273.283600006252527, 839448.892299996688962 ], [ 2797430.268000002484769, 839520.818999999668449 ], [ 2797483.9324000030756, 839545.404700000537559 ], [ 2797447.236700002104044, 839563.077100001974031 ], [ 2797321.068200002424419, 839615.102799996733665 ], [ 2797293.883399996906519, 839626.312299997545779 ], [ 2797302.194799996446818, 839638.217399997636676 ], [ 2797310.726099998690188, 839650.432599996449426 ], [ 2797311.664899999275804, 839651.777100001694635 ], [ 2797323.367800001055002, 839668.536600005114451 ], [ 2797408.90829999325797, 839791.043200000654906 ], [ 2797414.513199997134507, 839799.070200002752244 ], [ 2797415.772500005085021, 839800.873799996450543 ], [ 2797418.823400002438575, 839805.246899999910966 ], [ 2797437.010100000537932, 839831.290500003611669 ], [ 2797466.00110000371933, 839872.810899998992682 ], [ 2797490.914300000295043, 839908.490800000494346 ], [ 2797491.290499997790903, 839909.029500000411645 ], [ 2797508.041300002485514, 839933.017699997872114 ], [ 2797544.915600005537271, 839985.829000003403053 ], [ 2797572.69030000269413, 840025.608299999963492 ], [ 2797573.88970000250265, 840027.326100000180304 ], [ 2797453.634600000455976, 840094.594600000884384 ], [ 2797443.369999994523823, 840100.336400002706796 ], [ 2797362.566500000655651, 840145.53609999967739 ], [ 2797299.714900003280491, 840180.694499996490777 ], [ 2797291.730700001586229, 840185.160699998028576 ], [ 2797337.751000005286187, 840337.073699999367818 ], [ 2797349.049000000581145, 840352.182799999369308 ], [ 2797350.615999995730817, 840354.2779999980703 ], [ 2797410.145900007337332, 840433.896200001472607 ], [ 2797437.602500000502914, 840470.619699999224395 ], [ 2797476.129399999044836, 840522.149800001177937 ], [ 2797541.608599998988211, 840609.723499997286126 ], [ 2797615.782799996435642, 840708.928900001337752 ], [ 2797684.117900003213435, 840800.322699999203905 ], [ 2797739.124099999200553, 840873.893799999030307 ], [ 2797754.434100000187755, 840899.103300000773743 ], [ 2797755.304600001312792, 840900.534500002628192 ], [ 2797793.280199999455363, 840963.067199997603893 ], [ 2797817.647200007457286, 841003.190400005085394 ], [ 2797825.847400001250207, 841017.527399998158216 ], [ 2797827.60819999454543, 841020.605600001290441 ], [ 2797858.278899997472763, 841074.228999999118969 ], [ 2797887.264399994164705, 841124.905999997165054 ], [ 2797912.714100007433444, 841169.398699995363131 ], [ 2797926.480499999597669, 841193.470500003080815 ], [ 2797943.135300003923476, 841222.589000004110858 ], [ 2797944.798100006766617, 841225.495199999306351 ], [ 2797944.902500007301569, 841225.677700003376231 ], [ 2797944.906199999153614, 841225.684099995763972 ], [ 2797944.963800000958145, 841225.784600003389642 ], [ 2797944.989099998958409, 841225.828700001584366 ], [ 2797945.014300000388175, 841225.872900004731491 ], [ 2797954.978200007695705, 841243.293300000950694 ], [ 2797956.330300006549805, 841245.657200000947341 ], [ 2797989.303000002168119, 841305.350000001257285 ], [ 2798010.86310000391677, 841344.383400001097471 ], [ 2798031.584700001403689, 841381.897799997124821 ], [ 2798044.900099998805672, 841406.000400000717491 ], [ 2798043.415600000414997, 841406.705800003604963 ], [ 2797998.911200004629791, 841427.852000002050772 ], [ 2797855.726699997205287, 841495.892499995650724 ], [ 2797850.950499993748963, 841498.162099996348843 ], [ 2797839.78730000089854, 841503.46850000275299 ], [ 2797717.667699997313321, 841561.497299999464303 ], [ 2797696.721500005107373, 841571.450900003314018 ], [ 2797666.406099994666874, 841585.855800001882017 ], [ 2797596.17310000397265, 841619.231700002681464 ], [ 2797593.86590000288561, 841620.327299997908995 ], [ 2797588.813500001095235, 841622.557100005913526 ], [ 2797541.443500000983477, 841643.465500004356727 ], [ 2797467.17210000148043, 841676.248499996727332 ], [ 2797420.09369999775663, 841697.02830000128597 ], [ 2797359.495699997991323, 841723.777799999108538 ], [ 2797307.687299993354827, 841746.645300005096942 ], [ 2797294.722900000400841, 841752.367700001690537 ], [ 2797246.409899998921901, 841773.69209999893792 ], [ 2797255.975300000980496, 841821.215299998177215 ], [ 2797257.580500001553446, 841829.189100000308827 ], [ 2797181.472499994095415, 841842.519900004379451 ], [ 2797168.149899997748435, 841844.985699997283518 ], [ 2797171.218099995516241, 841856.964299997314811 ], [ 2797185.842099999077618, 841865.822900002356619 ], [ 2797185.643100000917912, 841869.843500001588836 ], [ 2797178.950900005642325, 841870.975899999262765 ], [ 2797154.18110000481829, 841872.310899999225512 ], [ 2797136.507500001695007, 841870.763300000689924 ], [ 2797127.514300005044788, 841865.70949999592267 ], [ 2797104.117200001142919, 841859.861699997447431 ], [ 2797095.191499997396022, 841857.629699997138232 ], [ 2797008.562299993354827, 841872.801599998958409 ], [ 2797172.082099999301136, 842165.473000002093613 ], [ 2797292.58869999833405, 842367.47609999938868 ], [ 2797344.332300001755357, 842518.175899998983368 ], [ 2797322.322300001513213, 842617.469700000947341 ], [ 2797291.168700003065169, 842676.675300000235438 ], [ 2797284.21969999698922, 842771.294899997068569 ], [ 2797482.223700005095452, 843084.628699999768287 ], [ 2797678.856299996376038, 843223.371100002201274 ], [ 2797773.169699996709824, 843245.275799998547882 ], [ 2797827.080099995713681, 843291.282900005578995 ], [ 2797953.063699997961521, 843229.057899997569621 ], [ 2798029.8125, 843135.886300003621727 ], [ 2798205.882100002840161, 843304.127999999327585 ], [ 2798224.997500000521541, 843344.424699996598065 ], [ 2798449.16370000038296, 843598.452300004893914 ], [ 2798531.023900000378489, 843739.801099998410791 ], [ 2798538.356299994047731, 843911.543200004380196 ], [ 2798538.52160000288859, 843915.383200002135709 ], [ 2798544.452300000935793, 844054.292399995261803 ], [ 2798649.377199999056756, 844285.895000003976747 ], [ 2798760.943000003695488, 844437.834899998968467 ], [ 2798782.371699996758252, 844456.287799999117851 ], [ 2799097.917499998118728, 844727.988300000084564 ], [ 2799182.352300002705306, 844800.69209999917075 ], [ 2799220.187299993354827, 845140.622400002321228 ], [ 2799343.707999995909631, 845437.445799995912239 ], [ 2799657.927000005263835, 845749.916600003605708 ], [ 2799768.8556999983266, 845860.229500001529232 ], [ 2799765.75119999749586, 846009.78650000365451 ], [ 2800082.749599996488541, 846116.117900002049282 ], [ 2800326.352399994153529, 846215.66040000366047 ], [ 2800468.509599997196347, 846273.750599998980761 ], [ 2800802.77310000685975, 846749.50870000035502 ], [ 2800966.250100003555417, 846721.79149999958463 ] ] ] ] } },
{ "type": "Feature", "properties": { "CVEGEO": "09002", "CVE_ENT": "09", "CVE_MUN": "002", "NOMGEO": "Azcapotzalco" }, "geometry": { "type": "MultiPolygon", "coordinates": [ [ [ [ 2792538.869200002867728, 838006.936099998420104 ], [ 2792583.978599999565631, 837993.513099999399856 ], [ 2792623.464000002481043, 837981.76539999851957 ], [ 2792654.932899999432266, 837972.402399996761233 ], [ 2792685.599999998696148, 837963.277899996843189 ], [ 2792685.645200001541525, 837963.264600003371015 ], [ 2792685.64799999864772, 837963.263799996580929 ], [ 2792685.650799996219575, 837963.262999998638406 ], [ 2792685.654700006823987, 837963.261900002602488 ], [ 2792685.690599997527897, 837963.250999994110316 ], [ 2792686.197200004011393, 837963.100300003075972 ], [ 2792686.777999993879348, 837962.927499997196719 ], [ 2792707.362099997233599, 837956.802200002362952 ], [ 2792721.404100000858307, 837952.625200003385544 ], [ 2792722.455500001087785, 837952.312500000698492 ], [ 2792723.252700004260987, 837952.075299996882677 ], [ 2792723.262599995359778, 837952.072400003205985 ], [ 2792723.272899998817593, 837952.069400004344061 ], [ 2792723.294200006872416, 837952.062899997923523 ], [ 2792723.364100002683699, 837952.041900005424395 ], [ 2792723.449699994642287, 837952.016199995530769 ], [ 2792723.646500000730157, 837951.957199999364093 ], [ 2792795.583199999760836, 837930.553999997209758 ], [ 2792796.368699996732175, 837930.320700004231185 ], [ 2792796.422300000209361, 837930.304799997713417 ], [ 2792796.475900003686547, 837930.288800003472716 ], [ 2792815.807199996896088, 837924.537500005215406 ], [ 2792892.637500004377216, 837901.677100001834333 ], [ 2792911.016000001691282, 837896.209700000938028 ], [ 2792964.078800003509969, 837880.420699997339398 ], [ 2792977.034500006586313, 837876.566199996042997 ], [ 2792978.554700003005564, 837876.113499999977648 ], [ 2792984.387199999764562, 837874.377399999415502 ], [ 2792998.533600003924221, 837870.168599996250123 ], [ 2793022.7571000023745, 837862.961200001416728 ], [ 2793059.70939999492839, 837851.96640000375919 ], [ 2793082.128799999598414, 837845.295400002738461 ], [ 2793093.332399999257177, 837841.962500002235174 ], [ 2793094.388599996455014, 837841.648200003430247 ], [ 2793096.735699995420873, 837840.949900003382936 ], [ 2793121.62660000147298, 837833.543699994450435 ], [ 2793137.923900003544986, 837828.694999999599531 ], [ 2793317.170100003946573, 837775.364699997706339 ], [ 2793340.524600001052022, 837768.416499998653308 ], [ 2793349.93649999704212, 837765.616800000192598 ], [ 2793350.824299999047071, 837765.352700002491474 ], [ 2793623.395000002812594, 837684.252999999560416 ], [ 2793626.280800001695752, 837683.394399997545406 ], [ 2793635.538299997802824, 837680.639999998500571 ], [ 2793834.192000000271946, 837621.533100000349805 ], [ 2793847.625500004272908, 837617.537299999035895 ], [ 2793848.251500006299466, 837617.35110000311397 ], [ 2793891.553000003565103, 837541.636699999216944 ], [ 2793978.122100006788969, 837524.625300004379824 ], [ 2794007.725900006014854, 837518.80730000208132 ], [ 2794081.60019999416545, 837504.288999997312203 ], [ 2794081.614600001368672, 837504.286100003635511 ], [ 2794158.994400003459305, 837489.078899998683482 ], [ 2794161.517299998551607, 837488.581900002900511 ], [ 2794201.188600007910281, 837480.787099997512996 ], [ 2794213.84810000192374, 837478.298900000518188 ], [ 2794312.444900001399219, 837437.971399998525158 ], [ 2794315.379200000781566, 837436.771200000774115 ], [ 2794315.881700003053993, 837436.56569999596104 ], [ 2794318.486400002148002, 837435.500399996992201 ], [ 2794324.495700003579259, 837433.042500004637986 ], [ 2794325.87600000295788, 837432.477999998256564 ], [ 2794364.830899995751679, 837416.54389999806881 ], [ 2794366.254600000567734, 837415.96309999935329 ], [ 2794366.273599993437529, 837415.955400000326335 ], [ 2794366.279700005427003, 837415.952499997802079 ], [ 2794411.161300006788224, 837395.058900000993162 ], [ 2794452.888800003100187, 837375.631700003985316 ], [ 2794459.288999998476356, 837372.652099996805191 ], [ 2794469.885799999348819, 837367.718800001079217 ], [ 2794535.457700002938509, 837337.191899996716529 ], [ 2794552.745199999772012, 837329.144099995261058 ], [ 2794562.485399998258799, 837325.983099997509271 ], [ 2794616.423299996647984, 837308.478800001787022 ], [ 2794654.991300003137439, 837295.963200002908707 ], [ 2794699.543300004210323, 837281.50479999743402 ], [ 2794736.245099999476224, 837269.594100002665073 ], [ 2794778.752400001045316, 837255.800700002582744 ], [ 2794818.303900002967566, 837242.965999999782071 ], [ 2794844.714900000486523, 837227.402500002644956 ], [ 2794844.823700003325939, 837227.338100004941225 ], [ 2794844.827900003176183, 837227.335599996848032 ], [ 2794844.932300004176795, 837227.273400000063702 ], [ 2794845.164099997840822, 837227.135599998990074 ], [ 2794856.424400004558265, 837220.501300004078075 ], [ 2794859.97719999961555, 837218.408100004540756 ], [ 2794861.689599997829646, 837217.39860000112094 ], [ 2794900.889600004069507, 837220.378800004487857 ], [ 2795365.576600001659244, 837099.757700002985075 ], [ 2795369.358900001272559, 837098.775699998252094 ], [ 2795374.74580000480637, 837097.377200003713369 ], [ 2795374.814900002907962, 837097.359299997799098 ], [ 2795374.837899994570762, 837097.353300000075251 ], [ 2795374.930000001564622, 837097.329399996437132 ], [ 2795379.302500000223517, 837096.193200001958758 ], [ 2795382.772600005380809, 837095.292500001145527 ], [ 2795411.419799994211644, 837087.857699997257441 ], [ 2795412.772400001995265, 837087.506599996006116 ], [ 2795444.992899995762855, 837113.034200002206489 ], [ 2795456.671299997251481, 837122.288199999369681 ], [ 2795513.625299998093396, 837167.412899997085333 ], [ 2795518.354900004342198, 837172.811299996683374 ], [ 2795568.271599998231977, 837229.777899998473004 ], [ 2795582.3678999976255, 837233.235700001241639 ], [ 2795586.325300000607967, 837234.206700000911951 ], [ 2795605.145499997772276, 837238.825100001879036 ], [ 2795637.321400002576411, 837246.720199995441362 ], [ 2795723.898000002838671, 837287.372500000987202 ], [ 2795757.744999996386468, 837311.424900003476068 ], [ 2795762.591499999165535, 837314.868400004459545 ], [ 2795772.954400002490729, 837322.23340000025928 ], [ 2795826.89479999942705, 837359.686599998967722 ], [ 2795873.645199999213219, 837342.928800005465746 ], [ 2795978.551499998662621, 837305.323699996573851 ], [ 2796011.489299994893372, 837293.518499998841435 ], [ 2796055.089200001675636, 837277.890200000489131 ], [ 2796104.030699995346367, 837260.346299996366724 ], [ 2796152.451000000350177, 837235.755099997390062 ], [ 2796196.998400006908923, 837213.131899997824803 ], [ 2796238.37809999845922, 837192.116500002797693 ], [ 2796241.969899996649474, 837190.292100000893697 ], [ 2796274.673299995251, 837173.683200000785291 ], [ 2796286.40659999800846, 837167.724399998551235 ], [ 2796425.547899999655783, 837109.6602999989409 ], [ 2796431.609300005249679, 837107.12859999993816 ], [ 2796456.426899996120483, 837096.774500000523403 ], [ 2796536.7179, 837069.247500003082678 ], [ 2796585.284000003244728, 837052.597300002351403 ], [ 2796635.74829999729991, 837035.298099999083206 ], [ 2796681.711499999277294, 837019.54169999808073 ], [ 2796737.5203, 837000.410200000973418 ], [ 2796787.38739999756217, 836983.31500000320375 ], [ 2796838.134599998127669, 836967.346700005000457 ], [ 2796887.202000002376735, 836951.905100002186373 ], [ 2796896.943999998737127, 836948.840299997711554 ], [ 2796900.220700000412762, 836947.809199996758252 ], [ 2796932.616499999072403, 836937.614399999380112 ], [ 2796984.367899998091161, 836921.329799994593486 ], [ 2797013.962600004393607, 836912.018199995392933 ], [ 2797031.806000005453825, 836906.403900000266731 ], [ 2797054.576800000853837, 836899.238099995534867 ], [ 2797082.3084, 836890.511100000934675 ], [ 2797128.775600003544241, 836875.889700001804158 ], [ 2797155.954400002490729, 836867.337399998446926 ], [ 2797173.796600002329797, 836861.722999998135492 ], [ 2797179.6445999937132, 836859.882800003513694 ], [ 2797187.214400001335889, 836857.50069999974221 ], [ 2797230.141500007361174, 836843.992800001520663 ], [ 2797230.145400000736117, 836843.991800002055243 ], [ 2797280.935900001786649, 836828.008900003740564 ], [ 2797499.080999997444451, 836759.365300003672019 ], [ 2797523.575399998109788, 836745.319599999813363 ], [ 2797542.192900005262345, 836693.72300000465475 ], [ 2797565.280100004281849, 836629.738799999235198 ], [ 2797587.088300000410527, 836573.747800000943244 ], [ 2797622.367899999022484, 836478.899099993985146 ], [ 2797649.610999998636544, 836405.656200000317767 ], [ 2797660.383700001519173, 836376.693899997044355 ], [ 2797780.674900004640222, 836053.291299995267764 ], [ 2797807.929799998644739, 835980.016500000609085 ], [ 2797829.718300000298768, 835921.43849999899976 ], [ 2797852.359099998604506, 835860.301200003130361 ], [ 2797919.201300006359816, 835679.819699994986877 ], [ 2797946.381300006061792, 835606.429800001671538 ], [ 2797958.099299998488277, 835574.788899996550754 ], [ 2797964.388099995907396, 835557.844399998430163 ], [ 2798049.421800006646663, 835333.981899995589629 ], [ 2798077.18470000103116, 835260.892200000816956 ], [ 2798088.876599997747689, 835230.111800000304356 ], [ 2798124.628999999258667, 835135.430499997921288 ], [ 2798159.511500004213303, 835042.982599998591468 ], [ 2798193.587300001177937, 834952.688999999547377 ], [ 2798238.454899999313056, 834833.790500003378838 ], [ 2798284.566000003367662, 834711.914600000716746 ], [ 2798312.258500002324581, 834638.720800003269687 ], [ 2798322.777200000360608, 834610.918599998345599 ], [ 2798355.210000003688037, 834530.306899994378909 ], [ 2798357.409699999727309, 834524.839699995238334 ], [ 2798361.598799999337643, 834513.458500002045184 ], [ 2798419.676399994175881, 834355.669899996370077 ], [ 2798439.773599994834512, 834305.799099998315796 ], [ 2798453.592599999625236, 834268.871599995298311 ], [ 2798480.997299998998642, 834195.640100000891834 ], [ 2798492.315400001127273, 834165.395599994575605 ], [ 2798500.594800002872944, 834147.86139999749139 ], [ 2798523.463500001933426, 834090.587699996307492 ], [ 2798537.662000000942498, 834052.750100001227111 ], [ 2798558.355800001882017, 833999.29239999782294 ], [ 2798567.627700004726648, 833975.767199999652803 ], [ 2798591.906599995680153, 833911.832899997243658 ], [ 2798596.311399998143315, 833901.086899995571002 ], [ 2798617.647600006777793, 833846.779700001003221 ], [ 2798636.487099995370954, 833795.303000001003966 ], [ 2798658.415300000458956, 833740.3530000038445 ], [ 2798683.07140000583604, 833675.493500000797212 ], [ 2798693.512000000569969, 833646.830099998274818 ], [ 2798720.26380000449717, 833573.386100001633167 ], [ 2798723.971299997530878, 833563.207700002007186 ], [ 2798745.388499994762242, 833501.714600004721433 ], [ 2798772.212399995420128, 833432.238600003765896 ], [ 2798792.826300003565848, 833380.824700005585328 ], [ 2798817.99140000063926, 833318.32990000047721 ], [ 2798838.95430000545457, 833266.232000003801659 ], [ 2798846.399400004185736, 833245.511500002350658 ], [ 2798858.187899997457862, 833212.703099998179823 ], [ 2798861.497599995695055, 833204.17730000265874 ], [ 2798880.552299995906651, 833157.643700001761317 ], [ 2798901.792100000660866, 833101.072700002696365 ], [ 2798911.767800001893193, 833074.065400003455579 ], [ 2798938.377700001001358, 833005.26069999486208 ], [ 2798943.215699997730553, 832993.765900002559647 ], [ 2798950.853200000245124, 832972.445399998454377 ], [ 2798977.215399999637157, 832898.853400002932176 ], [ 2798989.843500001821667, 832863.601399999577552 ], [ 2799044.470500001683831, 832727.548700000392273 ], [ 2799053.649800006300211, 832695.75990000134334 ], [ 2799056.303999996278435, 832686.568600000813603 ], [ 2799059.453799996059388, 832660.487200003815815 ], [ 2799053.636600000783801, 832619.05939999781549 ], [ 2798832.694900001399219, 832532.196499997284263 ], [ 2798774.456699998117983, 832513.281799999065697 ], [ 2798721.905900003854185, 832496.211500004399568 ], [ 2798690.064099997747689, 832485.868900000816211 ], [ 2798667.861000000499189, 832478.657799996901304 ], [ 2798618.214599994942546, 832462.531000003218651 ], [ 2798573.595899998210371, 832447.630300001706928 ], [ 2798542.237100001890212, 832437.157400002935901 ], [ 2798512.15080000134185, 832428.823899997631088 ], [ 2798469.404999997932464, 832416.982200004393235 ], [ 2798334.877599998377264, 832378.920699998969212 ], [ 2798305.093800002709031, 832372.058499995153397 ], [ 2798280.011799999047071, 832369.386500004911795 ], [ 2798251.318199996836483, 832369.684000002685934 ], [ 2798161.132299995515496, 832379.501199999591336 ], [ 2798089.866800001356751, 832387.650299998000264 ], [ 2798036.012999995611608, 832393.487100000493228 ], [ 2798000.024800002109259, 832397.141900002257898 ], [ 2797973.855900001712143, 832399.798399998107925 ], [ 2797958.185000004712492, 832402.984500000718981 ], [ 2797860.594999999273568, 832420.492199998814613 ], [ 2797813.911600001621991, 832429.344499998958781 ], [ 2797741.417900001630187, 832442.163499996997416 ], [ 2797699.224800002295524, 832451.791900002630427 ], [ 2797652.612499992828816, 832463.353899998823181 ], [ 2797594.595400002319366, 832474.399700004374608 ], [ 2797570.3193, 832478.30210000090301 ], [ 2797542.413099997676909, 832480.776999995810911 ], [ 2797504.491600003093481, 832479.821200000820681 ], [ 2797472.580799995921552, 832474.55779999634251 ], [ 2797430.411899997852743, 832461.21149999788031 ], [ 2797409.415499995928258, 832451.307400002377108 ], [ 2797383.708499998785555, 832435.261500000488013 ], [ 2797362.864600003231317, 832418.873800001339987 ], [ 2797347.790700001176447, 832404.611700002104044 ], [ 2797337.713799999561161, 832393.085900003323331 ], [ 2797319.345500000286847, 832364.353599996073171 ], [ 2797287.413799996953458, 832312.1790999956429 ], [ 2797265.877800000831485, 832268.809099996695295 ], [ 2797246.957200000993907, 832231.043500002007931 ], [ 2797219.703400003258139, 832178.972799997311085 ], [ 2797204.540999997872859, 832154.675599997397512 ], [ 2797185.361400004476309, 832130.032800003187731 ], [ 2797163.223300001118332, 832107.42009999952279 ], [ 2797126.834400001913309, 832076.336399996653199 ], [ 2797077.627300002612174, 832035.860900004161522 ], [ 2797054.875000000465661, 832017.392400004435331 ], [ 2797029.169800000730902, 831994.794300000881776 ], [ 2797016.023999999742955, 831979.685299997450784 ], [ 2797003.067700000479817, 831963.148300001164898 ], [ 2796992.023799997754395, 831946.535400002729148 ], [ 2796977.2588000013493, 831915.510099999606609 ], [ 2796970.061999998986721, 831895.558899998897687 ], [ 2796954.616099999751896, 831815.68690000125207 ], [ 2796941.166199998464435, 831748.17860000138171 ], [ 2796930.359899993985891, 831693.919899997999892 ], [ 2796916.936000000685453, 831624.188799996161833 ], [ 2796866.760199998505414, 831631.639299996197224 ], [ 2796775.412200000137091, 831646.106100002070889 ], [ 2796718.113900002557784, 831653.672400002134964 ], [ 2796525.00439999718219, 831682.329900003271177 ], [ 2796434.529799993615597, 831696.55769999884069 ], [ 2796421.097799997776747, 831698.583399996627122 ], [ 2796214.81539999647066, 831729.695399996358901 ], [ 2796139.668199999723583, 831741.029099997831509 ], [ 2796139.652399998623878, 831741.031399995321408 ], [ 2795861.631900001317263, 831783.082099999068305 ], [ 2795773.129900000523776, 831796.331599999219179 ], [ 2795729.005800005514175, 831802.975600001169369 ], [ 2795651.076099997386336, 831814.709700001869351 ], [ 2795532.847999998833984, 831832.543799999402836 ], [ 2795473.662600002717227, 831841.476299998583272 ], [ 2795441.355099996551871, 831846.907300000544637 ], [ 2795418.062700000125915, 831850.822900002589449 ], [ 2795334.068299998063594, 831868.277999996906146 ], [ 2795321.043699998874217, 831870.405599996214733 ], [ 2795215.126999992411584, 831887.707799998112023 ], [ 2795092.6505, 831904.664599998854101 ], [ 2794994.919399996288121, 831921.880299997050315 ], [ 2794879.150799995288253, 831938.585399999050424 ], [ 2794775.791799996048212, 831957.738599998643622 ], [ 2794775.367599998600781, 831957.797600003657863 ], [ 2794766.266900005750358, 831959.100799999199808 ], [ 2794652.450300000607967, 831975.39860000112094 ], [ 2794640.432399998884648, 831974.459399996791035 ], [ 2794445.076399998739362, 832020.785800000652671 ], [ 2794440.986400003544986, 832021.75569999567233 ], [ 2794316.916899999137968, 832051.804500000784174 ], [ 2794314.775100002996624, 832052.323199999285862 ], [ 2794336.389300007838756, 832225.976900003617629 ], [ 2794337.314599996432662, 832232.706400000955909 ], [ 2794356.370999997481704, 832371.302800003439188 ], [ 2794358.465499994810671, 832386.369400001363829 ], [ 2794358.759599999058992, 832388.484600001713261 ], [ 2794238.532700005918741, 832423.311699997168034 ], [ 2794146.643499999307096, 832452.281300004571676 ], [ 2794073.015100004617125, 832476.78749999916181 ], [ 2794071.0767, 832477.432700004661456 ], [ 2794072.905100000556558, 832529.755800000391901 ], [ 2794075.123099997173995, 832593.225099995499477 ], [ 2794075.695100000593811, 832618.222200000425801 ], [ 2794079.895199996419251, 832838.017900001490489 ], [ 2794088.523299997206777, 833114.563599998364225 ], [ 2794088.589000001549721, 833116.668100000824779 ], [ 2794073.847999996505678, 833121.524899997748435 ], [ 2794034.674400001764297, 833134.431800002697855 ], [ 2793986.790900003165007, 833148.734400004614145 ], [ 2793872.712999997660518, 833174.500700005097315 ], [ 2793864.836800000630319, 833176.279700002400205 ], [ 2793851.634599999058992, 833179.261599998222664 ], [ 2793848.787500005215406, 833179.904699999140576 ], [ 2793818.554700005333871, 833186.733199995709583 ], [ 2793783.280299997888505, 833194.70050000003539 ], [ 2793765.485099998768419, 833198.720500003313646 ], [ 2793700.403700002003461, 833213.422499995911494 ], [ 2793649.657700002659112, 833227.218599996995181 ], [ 2793616.93140000058338, 833236.118599999230355 ], [ 2793609.943000005558133, 833238.019099996425211 ], [ 2793593.703500007279217, 833242.435400003567338 ], [ 2793584.768000000156462, 833245.059400002472103 ], [ 2793579.082500002812594, 833246.729000000748783 ], [ 2793543.42140000173822, 833257.201300003100187 ], [ 2793489.985699999146163, 833272.032800001790747 ], [ 2793434.614500002935529, 833287.919400001410395 ], [ 2793389.880000006407499, 833300.905600002035499 ], [ 2793350.171400003600866, 833312.538400006014854 ], [ 2793320.219899996649474, 833321.390399999450892 ], [ 2793311.418600004166365, 833323.991500003030524 ], [ 2793298.49809999903664, 833327.810099996393546 ], [ 2793266.430799995549023, 833337.681599998380989 ], [ 2793262.671100001782179, 833338.839000004576519 ], [ 2793254.483599996194243, 833341.359499996993691 ], [ 2793178.639899997040629, 833365.669400003040209 ], [ 2793107.430799994152039, 833387.119600005680695 ], [ 2793072.782300001010299, 833397.435700001195073 ], [ 2793050.647800001781434, 833403.502700001234189 ], [ 2793011.538700001314282, 833414.222500002011657 ], [ 2792993.964100006502122, 833414.661000001244247 ], [ 2792975.992699998896569, 833415.109400000656024 ], [ 2792931.043900002725422, 833400.656399996718392 ], [ 2792839.43639999255538, 833374.365600001765415 ], [ 2792723.197899999562651, 833336.442300000693649 ], [ 2792630.097900002729148, 833302.732000003335997 ], [ 2792564.872400000225753, 833278.227799999294803 ], [ 2792531.928599997889251, 833259.05019999621436 ], [ 2792406.629300001077354, 833182.885799997020513 ], [ 2792372.538700002711266, 833166.609300003154203 ], [ 2792272.780499998480082, 833192.886600003112108 ], [ 2792252.30710000032559, 833198.279100001323968 ], [ 2792212.120199996978045, 833208.865800000960007 ], [ 2792210.027000005822629, 833209.417800003197044 ], [ 2792148.306100005283952, 833225.676800003275275 ], [ 2792118.792700002901256, 833233.451200003735721 ], [ 2792114.903600000310689, 833234.475599996512756 ], [ 2792076.836000000592321, 833244.502799996640533 ], [ 2792038.799900006968528, 833254.522700001252815 ], [ 2792034.914100001100451, 833255.546300004934892 ], [ 2792003.683100000489503, 833263.773299996042624 ], [ 2791955.894299995619804, 833276.362100005382672 ], [ 2791953.917000001296401, 833276.883100001141429 ], [ 2791952.624499994795769, 833277.223499995656312 ], [ 2791889.730799998622388, 833293.790900002000853 ], [ 2791823.202299993950874, 833311.317699998151511 ], [ 2791761.792700001504272, 833327.49370000208728 ], [ 2791691.854900002479553, 833345.91629999736324 ], [ 2791663.610100003425032, 833353.358700003707781 ], [ 2791630.14989999961108, 833362.173299998277798 ], [ 2791594.739699999336153, 833371.499900000635535 ], [ 2791593.703300002031028, 833371.772899998584762 ], [ 2791566.446699997875839, 833378.952399999834597 ], [ 2791526.582099998835474, 833389.45609999448061 ], [ 2791525.066299995873123, 833389.855500002624467 ], [ 2791494.51710000121966, 833397.903699998743832 ], [ 2791455.381500001996756, 833408.212499998975545 ], [ 2791421.372199998237193, 833417.171400000806898 ], [ 2791388.740500002168119, 833425.766499995952472 ], [ 2791314.649899997282773, 833445.285899996524677 ], [ 2791248.652099995408207, 833462.670900001889095 ], [ 2791178.594600002747029, 833481.125599999679253 ], [ 2791107.341700000222772, 833499.897400001995265 ], [ 2791037.541299998760223, 833518.284799999557436 ], [ 2790969.393200003542006, 833536.237599999643862 ], [ 2790927.276199999265373, 833547.33339999592863 ], [ 2790868.686800007242709, 833562.768500000936911 ], [ 2790887.30790000082925, 833655.815600004745647 ], [ 2790907.342299999669194, 833755.930800002766773 ], [ 2790927.442499998956919, 833856.367200000444427 ], [ 2790941.257100001908839, 833904.919200003379956 ], [ 2790943.394399999640882, 833912.430100002558902 ], [ 2790971.726799998898059, 834011.996700000483543 ], [ 2790998.731099999044091, 834106.899500001920387 ], [ 2791009.458899996709079, 834144.598900001263246 ], [ 2791029.844099998474121, 834209.909499995643273 ], [ 2791061.2275, 834310.45409999997355 ], [ 2791091.66510000359267, 834407.970099997008219 ], [ 2791113.482799996156245, 834477.868400001665577 ], [ 2791122.162500001024455, 834505.680300004780293 ], [ 2791140.030400001909584, 834562.922200001543388 ], [ 2791157.926700004842132, 834620.258500003023073 ], [ 2791168.833800006192178, 834655.203800001414493 ], [ 2791222.740500005427748, 834826.187999996822327 ], [ 2791236.199600005056709, 834868.873400001088157 ], [ 2791241.18630000250414, 834884.688500000163913 ], [ 2791255.866600001696497, 834931.251399997621775 ], [ 2791256.380199996754527, 834932.886299997800961 ], [ 2791285.9871, 835026.79170000529848 ], [ 2791317.35379999736324, 835126.280499998247251 ], [ 2791326.229099997784942, 835154.427299997769296 ], [ 2791341.332500007003546, 835202.331299998098984 ], [ 2791343.065700005274266, 835207.828499995404854 ], [ 2791352.831400003284216, 835238.806400003144518 ], [ 2791369.858599999453872, 835297.093799999449402 ], [ 2791398.302699995227158, 835394.45709999743849 ], [ 2791399.520599997136742, 835398.62689999723807 ], [ 2791400.126599997282028, 835400.701799996197224 ], [ 2791424.79720000596717, 835485.153699999907985 ], [ 2791430.709299996960908, 835505.388900003163144 ], [ 2791448.751699996646494, 835567.154400001745671 ], [ 2791470.431000000331551, 835641.359400003915653 ], [ 2791485.97310000192374, 835694.564400000264868 ], [ 2791507.247499999590218, 835767.388300005346537 ], [ 2791530.285499996971339, 835846.249400005210191 ], [ 2791555.424699999392033, 835932.306500000413507 ], [ 2791577.525799998547882, 836007.959100002190098 ], [ 2791582.629699999466538, 836025.433100001886487 ], [ 2791597.79619999974966, 836077.345800002105534 ], [ 2791615.818700002506375, 836139.039099998772144 ], [ 2791619.482000001240522, 836153.827100004302338 ], [ 2791677.554500001482666, 836388.24570000404492 ], [ 2791713.231500000227243, 836525.794099999358878 ], [ 2791730.590400001034141, 836593.355800001183525 ], [ 2791738.865900001022965, 836625.564000001177192 ], [ 2791762.416800000704825, 836719.79390000551939 ], [ 2791764.877300005871803, 836733.706200001295656 ], [ 2791791.528999996837229, 836884.370499996002764 ], [ 2791812.824100006371737, 837075.351499998476356 ], [ 2791818.863700004294515, 837129.501699997112155 ], [ 2791834.115800004918128, 837196.013199999462813 ], [ 2791839.661200004164129, 837220.188399999635294 ], [ 2791850.193800000473857, 837266.12159999483265 ], [ 2791877.3654, 837337.325499997474253 ], [ 2791885.322600002866238, 837366.464899994665757 ], [ 2791885.338600005488843, 837366.524199997773394 ], [ 2791885.354599999729544, 837366.583400004310533 ], [ 2791886.40180000057444, 837370.465700002852827 ], [ 2791891.646399995777756, 837389.699800003087148 ], [ 2791907.112800005357713, 837446.832599998917431 ], [ 2791916.926299993414432, 837498.724700001534075 ], [ 2791921.724900000728667, 837513.224399999016896 ], [ 2791929.879699998535216, 837537.8676000055857 ], [ 2791937.3487000009045, 837565.262700003106147 ], [ 2791945.273000002838671, 837577.150699995458126 ], [ 2791947.310399997979403, 837580.207199996104464 ], [ 2791947.545900000724941, 837580.552599997492507 ], [ 2791948.46690000128001, 837581.903399998787791 ], [ 2791951.814400001894683, 837586.81279999949038 ], [ 2791955.363100001588464, 837592.017299995524809 ], [ 2791959.694799998775125, 837598.369100004900247 ], [ 2791974.282799997832626, 837617.212199997156858 ], [ 2791985.495999998878688, 837631.683299999916926 ], [ 2791987.244599995203316, 837634.235000000335276 ], [ 2791988.585399999748915, 837636.191699996590614 ], [ 2791990.721800003200769, 837639.309299997752532 ], [ 2791991.133199998177588, 837639.909599998267367 ], [ 2791991.856100003700703, 837640.964600002858788 ], [ 2792005.410099999047816, 837660.741099994862452 ], [ 2792014.541500000283122, 837678.378500000108033 ], [ 2792016.863700004760176, 837682.862000002292916 ], [ 2792016.942400004249066, 837683.013900003628805 ], [ 2792023.582199997268617, 837695.835199998924509 ], [ 2792029.482399997767061, 837707.233600005274639 ], [ 2792029.74260000186041, 837707.50349999894388 ], [ 2792035.931699998211116, 837713.922599999699742 ], [ 2792036.911099998746067, 837714.938600000925362 ], [ 2792047.890299996826798, 837726.328899995889515 ], [ 2792048.393200002610683, 837726.850600002100691 ], [ 2792058.933900001458824, 837737.788499999325722 ], [ 2792070.268700007814914, 837745.551799998385832 ], [ 2792086.253399994689971, 837756.49990000249818 ], [ 2792105.0803, 837769.394699997734278 ], [ 2792144.319500002544373, 837796.271299998508766 ], [ 2792149.37009999807924, 837798.885300001129508 ], [ 2792249.450000001583248, 837850.667500004870817 ], [ 2792261.157900001388043, 837857.721700000576675 ], [ 2792304.380699998699129, 837883.766699998639524 ], [ 2792348.262300002388656, 837910.208799998508766 ], [ 2792374.655299996957183, 837926.112900000764057 ], [ 2792385.940700000151992, 837934.639300001086667 ], [ 2792415.527800003997982, 837956.990399997448549 ], [ 2792444.979799998458475, 837979.240600000601262 ], [ 2792455.011900000274181, 837985.802000000840053 ], [ 2792473.57960000121966, 837997.948600001400337 ], [ 2792503.434000002685934, 838017.479199999710545 ], [ 2792538.869200002867728, 838006.936099998420104 ] ] ] ] } },
{ "type": "Feature", "properties": { "CVEGEO": "09017", "CVE_ENT": "09", "CVE_MUN": "017", "NOMGEO": "Venustiano Carranza" }, "geometry": { "type": "MultiPolygon", "coordinates": [ [ [ [ 2801257.170100004412234, 832076.851200001779944 ], [ 2801265.224100005812943, 832073.01000000257045 ], [ 2801276.485299998428673, 832068.384299997240305 ], [ 2801294.619000006932765, 832062.515299995895475 ], [ 2801319.293700001668185, 832054.529200000222772 ], [ 2801369.072999997995794, 832038.417600002838299 ], [ 2801452.57399999955669, 832011.392399997916073 ], [ 2801459.165299992542714, 832009.260200003627688 ], [ 2801506.33739999961108, 831993.991899997927248 ], [ 2801551.281600001268089, 831979.446299995994195 ], [ 2801594.327699999324977, 831965.514100003987551 ], [ 2801595.268799997866154, 831965.209500003606081 ], [ 2801645.18849999923259, 831948.707500003511086 ], [ 2801649.9049, 831947.084500002441928 ], [ 2801696.925800006836653, 831930.922899996861815 ], [ 2801730.410400005523115, 831919.412899999413639 ], [ 2801749.078799997922033, 831912.729600004618987 ], [ 2801753.995899997651577, 831910.855700002983212 ], [ 2801766.1719, 831905.537800000747666 ], [ 2801774.632999999448657, 831901.244700003415346 ], [ 2801787.36029999377206, 831894.081000003265217 ], [ 2801797.475100002717227, 831887.53269999474287 ], [ 2801807.223399994429201, 831880.467000003205612 ], [ 2801813.293700000271201, 831875.672099996125326 ], [ 2801831.333100000862032, 831861.42209999775514 ], [ 2801879.929200001992285, 831823.029700003331527 ], [ 2801891.561199998948723, 831813.840499998535961 ], [ 2801907.340600000694394, 831801.375600000610575 ], [ 2801927.201899995096028, 831785.686099996324629 ], [ 2801966.705300000496209, 831754.476500000339001 ], [ 2802019.068899999372661, 831713.107900000875816 ], [ 2802046.292499997653067, 831691.601299997419119 ], [ 2802080.87889999942854, 831662.743900003843009 ], [ 2802123.427000002004206, 831623.420100000454113 ], [ 2802135.279900001827627, 831613.770700002321973 ], [ 2802175.992399996612221, 831582.467799997888505 ], [ 2802183.60800000326708, 831576.236999997403473 ], [ 2802225.585199998691678, 831541.889700002269819 ], [ 2802261.476800004020333, 831512.522299999836832 ], [ 2802268.208800000604242, 831507.014500001212582 ], [ 2802303.602799996268004, 831478.337099995231256 ], [ 2802316.529899995774031, 831468.663100000703707 ], [ 2802332.742200002074242, 831456.532800001092255 ], [ 2802350.117200002539903, 831445.059500000905246 ], [ 2802359.199700000230223, 831439.8883 ], [ 2802376.10480000032112, 831431.937200000276789 ], [ 2802395.751999996602535, 831422.866600001929328 ], [ 2802402.887399999890476, 831420.212999999523163 ], [ 2802418.478200003039092, 831414.713699997868389 ], [ 2802456.015399997588247, 831401.471599998418242 ], [ 2802469.704700003843755, 831396.642099998658523 ], [ 2802494.924900003708899, 831387.745299996808171 ], [ 2802501.681699998211116, 831385.361700002336875 ], [ 2802517.784100005868822, 831379.682900004088879 ], [ 2802531.926000002771616, 831374.692199999233708 ], [ 2802560.377400002907962, 831364.656700003892183 ], [ 2802568.831899999640882, 831361.674400004791096 ], [ 2802581.61190000269562, 831357.166200001025572 ], [ 2802603.34099999582395, 831349.500100003555417 ], [ 2802657.675600001588464, 831330.248700002674013 ], [ 2802663.068400006741285, 831346.355800001649186 ], [ 2802681.948099999688566, 831339.52549999859184 ], [ 2802699.8534, 831332.996700000483543 ], [ 2802697.423900000751019, 831323.25600000214763 ], [ 2802697.421300005167723, 831323.24540000082925 ], [ 2802694.966300006490201, 831313.40289999707602 ], [ 2802694.970299996435642, 831313.401500002713874 ], [ 2802745.146399996243417, 831295.280000000493601 ], [ 2802765.486100005917251, 831287.980300005758181 ], [ 2802789.647299993317574, 831279.308200003346428 ], [ 2802832.757099996786565, 831263.833900002064183 ], [ 2802850.840700000524521, 831257.342700004577637 ], [ 2802877.467100002337247, 831247.784799999790266 ], [ 2802890.637499999720603, 831243.057200001552701 ], [ 2802899.785700001753867, 831239.773399997269735 ], [ 2802921.295299995224923, 831232.051500004250556 ], [ 2802965.292499997187406, 831216.258800000417978 ], [ 2803013.172499997075647, 831199.070899999234825 ], [ 2803033.576099995989352, 831191.676700003445148 ], [ 2803100.471000003628433, 831167.431200004182756 ], [ 2803146.130999999120831, 831150.882099998416379 ], [ 2803166.854400003328919, 831143.370999997714534 ], [ 2803190.767800003290176, 831134.703400002559647 ], [ 2803232.851899998262525, 831119.450100000249222 ], [ 2803270.223700005561113, 831105.957500003743917 ], [ 2803282.491999999154359, 831101.527999999467283 ], [ 2803333.011000001337379, 831083.289300002623349 ], [ 2803369.093000003136694, 831070.263200004119426 ], [ 2803394.430800000671297, 831061.078199999639764 ], [ 2803395.1796, 831060.807100004516542 ], [ 2803395.182700003962964, 831060.805999999633059 ], [ 2803404.837300002109259, 831057.315400001825765 ], [ 2803449.14630000339821, 831041.2764999975916 ], [ 2803454.174800001550466, 831039.463899998227134 ], [ 2803457.284199995454401, 831038.255000001983717 ], [ 2803460.312700006179512, 831037.53129999851808 ], [ 2803488.115500007290393, 831031.463099997257814 ], [ 2803517.3978, 831027.844599998323247 ], [ 2803542.283699999097735, 831027.293499999213964 ], [ 2803552.279100003652275, 831027.50000000349246 ], [ 2803573.547799993306398, 831029.139999998500571 ], [ 2803622.501199994701892, 831039.09399999701418 ], [ 2803631.785400000400841, 831041.899200002197176 ], [ 2803666.236199993174523, 831056.11650000186637 ], [ 2803706.356799996457994, 831072.67320000147447 ], [ 2803720.298899997025728, 831078.426400002557784 ], [ 2803762.996700000483543, 831096.37940000439994 ], [ 2803811.324399998411536, 831116.696200001053512 ], [ 2803822.981899994891137, 831121.597399994265288 ], [ 2803865.009800000116229, 831139.267700000200421 ], [ 2803915.830300007481128, 831160.634399998001754 ], [ 2803959.817399999126792, 831179.12620000494644 ], [ 2804021.179600005038083, 831204.93590000201948 ], [ 2804024.196900000330061, 831206.206999995280057 ], [ 2804080.923900004010648, 831230.271499998634681 ], [ 2804091.7881, 831234.880900002550334 ], [ 2804130.207699995022267, 831248.16900000302121 ], [ 2804147.077699993737042, 831252.508199997711927 ], [ 2804169.270699998363853, 831256.261900002136827 ], [ 2804201.233800002373755, 831257.846800002967939 ], [ 2804231.019199994392693, 831256.312100003473461 ], [ 2804247.347499993629754, 831254.1944000038784 ], [ 2804252.938600004650652, 831253.468799997819588 ], [ 2804281.946000005118549, 831246.661399998702109 ], [ 2804306.313500004354864, 831238.456199998036027 ], [ 2804331.215300001669675, 831225.282000003848225 ], [ 2804340.360299994237721, 831218.303900003433228 ], [ 2804366.430699995253235, 831198.419500003103167 ], [ 2804384.046599999535829, 831182.497899998445064 ], [ 2804422.015199999790639, 831148.199799996102229 ], [ 2804444.053600002545863, 831128.295499999541789 ], [ 2804460.643000000622123, 831112.700899999588728 ], [ 2804484.016500008292496, 831090.733999997610226 ], [ 2804494.234099995344877, 831081.130800002254546 ], [ 2804512.498499993700534, 831063.964700000127777 ], [ 2804526.424500003922731, 831050.876299999421462 ], [ 2804564.090499994345009, 831015.47290000342764 ], [ 2804582.352900001686066, 830998.309500002069399 ], [ 2804604.584499997552484, 830977.416700003203005 ], [ 2804642.786899999249727, 830941.50990000157617 ], [ 2804675.970700002741069, 830910.322299997555092 ], [ 2804682.855499994941056, 830903.851699997903779 ], [ 2804713.174299998674542, 830875.354700000258163 ], [ 2804756.629500003531575, 830834.513099994510412 ], [ 2804771.566900002770126, 830820.473900005919859 ], [ 2804794.155700002331287, 830800.014899997739121 ], [ 2804812.624899995047599, 830782.055500003276393 ], [ 2804839.292299999389797, 830756.124099995940924 ], [ 2804870.143700000364333, 830726.180100003723055 ], [ 2804890.65169999981299, 830703.231699997093529 ], [ 2804913.328699996229261, 830677.856299999170005 ], [ 2804938.230300000403076, 830639.454300002893433 ], [ 2804954.075999993830919, 830607.626899994909763 ], [ 2804983.568899994716048, 830630.617499996908009 ], [ 2805143.893700005952269, 830755.590299997711554 ], [ 2805144.821500002406538, 830756.283500003162771 ], [ 2805258.57190000358969, 830841.25990000134334 ], [ 2805292.761299999430776, 830868.337299998151138 ], [ 2805381.952499998733401, 830938.96029999689199 ], [ 2805409.120899997651577, 830960.472699996316805 ], [ 2805495.465899997856468, 831029.331299997633323 ], [ 2805534.119899999350309, 831060.157100002747029 ], [ 2805572.942900001537055, 831088.732500001788139 ], [ 2805601.551499999128282, 831105.477699994575232 ], [ 2805631.503999996930361, 831103.628899998031557 ], [ 2805661.021500003058463, 831097.175700004212558 ], [ 2805765.194100002758205, 831068.859000001102686 ], [ 2805791.254499998409301, 831066.800999999511987 ], [ 2805830.753000001888722, 831064.813700000289828 ], [ 2805893.32170000160113, 831066.132699997164309 ], [ 2806011.471300001721829, 831026.237199996830896 ], [ 2806141.43150000134483, 830982.352600003359839 ], [ 2806172.368199996184558, 830971.906000002287328 ], [ 2806188.163300002459437, 830966.910399995744228 ], [ 2806272.974799995310605, 830938.515799999702722 ], [ 2806646.819900001399219, 830810.562699998961762 ], [ 2806700.636099997907877, 830792.14349999721162 ], [ 2806763.662700002081692, 830770.571800003293902 ], [ 2806827.173400002997369, 830748.834399997489527 ], [ 2806895.375699997879565, 830725.491300000110641 ], [ 2806904.491499999072403, 830723.911300000967458 ], [ 2806918.269299999810755, 830721.983900001272559 ], [ 2806935.3528, 830720.793199999956414 ], [ 2806948.62250000378117, 830722.204900000244379 ], [ 2806978.3511, 830730.128599997609854 ], [ 2807021.869099997915328, 830746.415399994701147 ], [ 2807038.39500000141561, 830734.443199995905161 ], [ 2807247.153899993747473, 830661.790500001050532 ], [ 2807309.830399996601045, 830639.977499999571592 ], [ 2807376.229299999307841, 830616.86989999609068 ], [ 2807438.638300002086908, 830595.148000002140179 ], [ 2807504.736900001298636, 830572.145099997520447 ], [ 2807524.139000001829118, 830565.392199996393174 ], [ 2807559.755800003185868, 830552.998000000836328 ], [ 2807568.577799998689443, 830556.60780000151135 ], [ 2807660.055699997581542, 830594.037999999942258 ], [ 2807754.457000005058944, 830632.66500000259839 ], [ 2807850.996899998746812, 830672.162499997531995 ], [ 2807942.832999992650002, 830709.744200002634898 ], [ 2808004.902999995276332, 830735.142499995650724 ], [ 2808005.808599997777492, 830735.513099998701364 ], [ 2808072.8405, 830762.939899995457381 ], [ 2808103.502899999264628, 830776.019799998961389 ], [ 2808190.578800001647323, 830813.164399998961017 ], [ 2808207.427100006490946, 830820.351500002900138 ], [ 2808229.471100002992898, 830829.6970999983605 ], [ 2808263.795699995942414, 830844.249100001528859 ], [ 2808276.09859999967739, 830849.517899998929352 ], [ 2808350.766899999696761, 830881.49529999634251 ], [ 2808430.542400005739182, 830915.175200001336634 ], [ 2808492.49909999826923, 830940.872099997010082 ], [ 2808569.085899997502565, 830974.625299999956042 ], [ 2808600.41380000161007, 831010.645400002831593 ], [ 2808621.901600004639477, 831035.695300004445016 ], [ 2808631.569899999536574, 831046.466700000455603 ], [ 2808675.775999999605119, 831097.102000002749264 ], [ 2808714.971499998588115, 831142.165500003611669 ], [ 2808719.361599995754659, 831146.961599994450808 ], [ 2808742.592799995094538, 831172.380699995905161 ], [ 2808742.596100001130253, 831172.374699997948483 ], [ 2808746.277099994942546, 831165.66200000164099 ], [ 2808746.47810000134632, 831165.294199995929375 ], [ 2808747.690800003241748, 831163.075800004880875 ], [ 2808755.873699996154755, 831148.106300003593788 ], [ 2808757.172799997031689, 831145.729800002882257 ], [ 2808761.687499998603016, 831137.47079999698326 ], [ 2808843.249200000893325, 830988.264500001445413 ], [ 2808858.190200003795326, 830960.932100000558421 ], [ 2808864.229399998206645, 830949.887600001413375 ], [ 2808907.438400002662092, 830870.842199999606237 ], [ 2808957.207000000867993, 830779.796800002222881 ], [ 2808965.97140000294894, 830763.763299999525771 ], [ 2808976.116400002501905, 830745.204799997154623 ], [ 2809062.529299999121577, 830587.127099994337186 ], [ 2809066.172700001392514, 830580.461300001945347 ], [ 2809072.798499999567866, 830568.34059999557212 ], [ 2809110.128100002650172, 830500.051900002174079 ], [ 2809119.841600000392646, 830482.28290000394918 ], [ 2809121.566300001461059, 830479.127900003921241 ], [ 2809148.823099998291582, 830402.42290000198409 ], [ 2809221.926600004080683, 830319.325399994850159 ], [ 2809202.415600003674626, 830285.699100002180785 ], [ 2809202.409100006334484, 830285.687899995595217 ], [ 2809180.305200001224875, 830247.635500001022592 ], [ 2809146.681500004138798, 830189.751300001284108 ], [ 2809141.55430000461638, 830180.924700002186 ], [ 2809088.467399997171015, 830089.533700001658872 ], [ 2809044.929599999450147, 830014.580100001534447 ], [ 2809020.717400003690273, 829958.227699998999014 ], [ 2808872.978700000792742, 829614.384500003186986 ], [ 2808809.767300003673881, 829467.267999996198341 ], [ 2808770.825700004119426, 829364.660400000866503 ], [ 2808737.087600001133978, 829275.763700000243261 ], [ 2808633.906300000846386, 829003.891200000187382 ], [ 2808623.748700000345707, 828978.753499997081235 ], [ 2808607.011899999342859, 828937.338300000643358 ], [ 2808467.953599993605167, 828588.646299995947629 ], [ 2808462.013999994844198, 828574.525800003437325 ], [ 2808444.108900005463511, 828531.953200000803918 ], [ 2808428.441200000233948, 828494.700599995907396 ], [ 2808427.870099999476224, 828493.344300005584955 ], [ 2808399.560499999206513, 828426.032600001199171 ], [ 2808394.806999998167157, 828414.733899995684624 ], [ 2808385.867899995762855, 828393.479499999433756 ], [ 2808374.46009999839589, 828366.355900000082329 ], [ 2808348.291100001428276, 828304.139899997739121 ], [ 2808338.73530000122264, 828264.437699995934963 ], [ 2808338.281700002029538, 828262.553900003200397 ], [ 2808307.23149999557063, 828133.563700003782287 ], [ 2808291.346100005786866, 828067.570300003746524 ], [ 2808278.336499992758036, 828072.213099999120459 ], [ 2808264.036100000143051, 828077.316499999957159 ], [ 2808256.398700003046542, 828063.511900002136827 ], [ 2808254.476099999621511, 828060.037099996814504 ], [ 2808247.764200001489371, 828045.665500002214685 ], [ 2808239.763800003565848, 828032.716100003803149 ], [ 2808229.342299998737872, 828019.184700005454943 ], [ 2808211.826300005428493, 828002.307299997191876 ], [ 2808196.200800004415214, 827988.647300004959106 ], [ 2808184.319599999114871, 827979.126500000944361 ], [ 2808174.22459999890998, 827972.745900003705174 ], [ 2808163.558600003365427, 827965.770500004058704 ], [ 2808153.202600001357496, 827959.299500000895932 ], [ 2808139.008500003721565, 827952.947299997089431 ], [ 2808124.281400005798787, 827946.288300000596792 ], [ 2808106.56740000564605, 827939.196100000990555 ], [ 2808088.260600001551211, 827931.501100001623854 ], [ 2808076.838599998503923, 827926.85409999708645 ], [ 2808070.590499997604638, 827924.558699998771772 ], [ 2807867.708499998319894, 827915.633899998385459 ], [ 2807679.240799997933209, 827910.145899999653921 ], [ 2807468.209200000856072, 827904.000499998219311 ], [ 2807352.093400000594556, 827903.112699996447191 ], [ 2807253.269900002516806, 827900.355900003341958 ], [ 2807028.373099997639656, 827894.086500002769753 ], [ 2807020.623399998992682, 827893.830900002270937 ], [ 2806991.046800000593066, 827890.39350000442937 ], [ 2806969.54070000583306, 827885.132700004149228 ], [ 2806938.213099999818951, 827873.638900002697483 ], [ 2806909.401100001763552, 827860.75610000314191 ], [ 2806881.290600004605949, 827843.749699997715652 ], [ 2806860.325800005812198, 827829.793100002221763 ], [ 2806833.105300002731383, 827807.355899996589869 ], [ 2806816.662699993699789, 827787.117099998285994 ], [ 2806777.221500002779067, 827721.267699998570606 ], [ 2806746.187200002837926, 827668.215300004929304 ], [ 2806737.815899995621294, 827654.091999997617677 ], [ 2806673.160800001118332, 827545.010100002167746 ], [ 2806666.05170000391081, 827532.006100000813603 ], [ 2806663.789700005669147, 827527.868099996587262 ], [ 2806661.477699999231845, 827523.743599996203557 ], [ 2806608.291199996136129, 827428.859499998623505 ], [ 2806608.265500003937632, 827428.813699999358505 ], [ 2806584.762400002684444, 827386.884399999165908 ], [ 2806579.439800000283867, 827377.3886999997776 ], [ 2806490.0840999991633, 827219.970800002338365 ], [ 2806485.00800000410527, 827211.028099996270612 ], [ 2806481.689800000283867, 827205.172500002197921 ], [ 2806479.042800000868738, 827200.501299995929003 ], [ 2806477.085999999195337, 827197.067699995124713 ], [ 2806472.506499996874481, 827188.188500001095235 ], [ 2806465.458899994846433, 827176.154599996516481 ], [ 2806464.052700001746416, 827173.753499999409541 ], [ 2806456.569399997591972, 827165.093999997945502 ], [ 2806453.226099997293204, 827161.225299999816343 ], [ 2806426.428099999669939, 827114.965300001902506 ], [ 2806402.064099999610335, 827073.740899995900691 ], [ 2806359.435099996160716, 827002.846899998607114 ], [ 2806327.214500005822629, 826947.878699997439981 ], [ 2806302.271199997048825, 826906.035100003238767 ], [ 2806292.231500001624227, 826889.193100003059953 ], [ 2806273.284499999601394, 826856.127300000749528 ], [ 2806256.289899996481836, 826825.9949000030756 ], [ 2806237.54209999460727, 826793.421099998289719 ], [ 2806211.705700005404651, 826748.534499998670071 ], [ 2806189.666500004939735, 826712.528699997579679 ], [ 2806168.355499997735023, 826680.749099997105077 ], [ 2806166.407899994403124, 826677.844900001306087 ], [ 2806137.828100002370775, 826632.132899998221546 ], [ 2806132.000999997835606, 826622.812500003958121 ], [ 2806129.36330000218004, 826618.486699999077246 ], [ 2806126.59650000417605, 826613.948999997228384 ], [ 2806118.619799999520183, 826600.867299996083602 ], [ 2806113.226300002075732, 826592.021699995035306 ], [ 2806109.985299997963011, 826586.706700003938749 ], [ 2806108.6354, 826584.359400003449991 ], [ 2806107.814900007098913, 826582.932600003201514 ], [ 2806106.409199995920062, 826580.488000004552305 ], [ 2806105.413000003434718, 826578.755700000794604 ], [ 2806099.231599997263402, 826568.006700000260025 ], [ 2806088.281099999323487, 826549.192099997540936 ], [ 2806078.729499999433756, 826535.533299997681752 ], [ 2806076.941200007218868, 826532.976000002818182 ], [ 2806068.655900003854185, 826521.127999996067956 ], [ 2806068.251299995463341, 826520.549500003457069 ], [ 2806088.059300002176315, 826510.219700002111495 ], [ 2806091.618499998468906, 826508.334499997552484 ], [ 2806045.113700002897531, 826426.031099998159334 ], [ 2806001.63370000012219, 826365.462700001895428 ], [ 2805989.845200006850064, 826360.567299995804206 ], [ 2805986.7525, 826359.28310000221245 ], [ 2805974.431500006001443, 826354.166499995626509 ], [ 2805945.13520000083372, 826347.152100001228973 ], [ 2805897.196800000965595, 826351.356699995463714 ], [ 2805887.313699997961521, 826346.976699999766424 ], [ 2805847.156999993603677, 826335.105499999364838 ], [ 2805819.278700002003461, 826330.914500005543232 ], [ 2805812.574899997096509, 826330.956700000911951 ], [ 2805800.139600002672523, 826330.815100002801046 ], [ 2805766.796900000423193, 826331.690499996999279 ], [ 2805703.356999998446554, 826338.500100005650893 ], [ 2805698.431900001596659, 826339.095899999141693 ], [ 2805679.062799997162074, 826341.438999999547377 ], [ 2805655.737899994943291, 826344.260699998820201 ], [ 2805642.468900002073497, 826345.842199997510761 ], [ 2805625.765500001143664, 826347.833000004058704 ], [ 2805587.418700003996491, 826352.403500001179054 ], [ 2805527.898200001101941, 826359.497700000181794 ], [ 2805469.739300002343953, 826367.050500005017966 ], [ 2805410.943400005809963, 826374.684500000206754 ], [ 2805408.958700002171099, 826374.942300001624972 ], [ 2805400.157300004269928, 826376.085399997187778 ], [ 2805357.903700000140816, 826381.573500001104549 ], [ 2805296.117999998386949, 826389.315900004468858 ], [ 2805237.559600003995001, 826396.655100002419204 ], [ 2805188.33770000282675, 826402.983400002587587 ], [ 2805187.277400001883507, 826403.119699995499104 ], [ 2805178.471100002527237, 826404.251900000264868 ], [ 2805175.647200002335012, 826404.614999997196719 ], [ 2805120.419299996457994, 826411.715500000631437 ], [ 2805068.651299998164177, 826418.371900001773611 ], [ 2805007.267300002276897, 826426.263899999903515 ], [ 2804923.537299995310605, 826437.23090000054799 ], [ 2804856.151699996553361, 826446.276700001209974 ], [ 2804789.951300001237541, 826455.162499997997656 ], [ 2804717.067000005859882, 826464.94429999566637 ], [ 2804713.015100001823157, 826465.488099999027327 ], [ 2804708.177400003187358, 826466.137499995762482 ], [ 2804701.507499998435378, 826467.03290000022389 ], [ 2804690.787899999413639, 826468.471899997675791 ], [ 2804629.948200006503612, 826476.63890000176616 ], [ 2804572.885900002438575, 826484.298099998151883 ], [ 2804567.811700001824647, 826484.977899996330962 ], [ 2804526.765000003390014, 826490.488500000908971 ], [ 2804495.027900005225092, 826494.749300002818927 ], [ 2804468.6233, 826498.293399998918176 ], [ 2804461.547799996566027, 826499.24309999961406 ], [ 2804423.727300000376999, 826504.31950000138022 ], [ 2804422.5737, 826504.474800005089492 ], [ 2804419.600500002503395, 826504.875099998898804 ], [ 2804412.736900004558265, 826505.712900001322851 ], [ 2804372.723899994045496, 826510.597300002351403 ], [ 2804330.057299999054521, 826515.810100002447143 ], [ 2804286.050899998750538, 826521.183500002138317 ], [ 2804240.765500004403293, 826526.71330000157468 ], [ 2804197.374300003051758, 826532.013499999884516 ], [ 2804153.000299998559058, 826537.4349 ], [ 2804141.069199998863041, 826538.891300003277138 ], [ 2804097.328100006096065, 826544.101700000697747 ], [ 2804065.366099997889251, 826546.827300003031269 ], [ 2804007.588200001977384, 826547.498599995626137 ], [ 2804002.692100003361702, 826547.555500004906207 ], [ 2803999.776299997698516, 826547.570299997692928 ], [ 2803999.666500004008412, 826547.570900002727285 ], [ 2803993.913500004447997, 826547.599699999438599 ], [ 2803993.803700001910329, 826547.600299995625392 ], [ 2803985.552500000223517, 826547.641700001666322 ], [ 2803982.380099994130433, 826547.657699995907024 ], [ 2803949.181299996096641, 826546.28009999752976 ], [ 2803922.769500000867993, 826544.443900001468137 ], [ 2803910.909100004006177, 826543.619300004793331 ], [ 2803904.247500002849847, 826543.15610000374727 ], [ 2803903.153300002217293, 826543.057299997424707 ], [ 2803896.229800004512072, 826542.431900000665337 ], [ 2803892.706100004725158, 826518.823500004364178 ], [ 2803888.939000001642853, 826518.392599998740479 ], [ 2803806.230899997521192, 826508.932900004088879 ], [ 2803780.690400001127273, 826503.538199996110052 ], [ 2803725.787100006360561, 826491.941300000296906 ], [ 2803579.345499995630234, 826457.846500001614913 ], [ 2803493.728299994021654, 826437.872500002151355 ], [ 2803398.025599997490644, 826414.898700000951067 ], [ 2803324.358099994249642, 826397.33949999534525 ], [ 2803192.836699995677918, 826365.106499997200444 ], [ 2803107.919699997175485, 826344.179500000318512 ], [ 2803059.030900003854185, 826332.480700002517551 ], [ 2802921.947900001425296, 826299.68610000051558 ], [ 2802634.020800000987947, 826230.498300002189353 ], [ 2802421.67920000385493, 826181.589299996849149 ], [ 2802354.036199998110533, 826166.015500005101785 ], [ 2802316.788300001993775, 826157.437299998942763 ], [ 2802286.975499999709427, 826148.712899999693036 ], [ 2802286.659499999601394, 826148.598500002641231 ], [ 2802278.492600000929087, 826145.645100005203858 ], [ 2802271.13830000301823, 826142.240300000878051 ], [ 2802248.435500000603497, 826138.335700003430247 ], [ 2802189.559099997859448, 826122.997500001918525 ], [ 2802187.418700004927814, 826122.440000001806766 ], [ 2802173.449, 826118.801700002746657 ], [ 2802172.676400002092123, 826118.692600001813844 ], [ 2802121.670400000177324, 826111.489100000355393 ], [ 2802071.026500004343688, 826109.323100002715364 ], [ 2801984.2389000011608, 826107.003000002587214 ], [ 2801984.18630000622943, 826107.001699996180832 ], [ 2801947.026900004595518, 826106.009399996837601 ], [ 2801946.974300000816584, 826106.008099999045953 ], [ 2801896.365500006359071, 826104.656500000040978 ], [ 2801896.312900002580136, 826104.655299998586997 ], [ 2801806.1023, 826101.590999993961304 ], [ 2801729.879900004249066, 826099.001899994676933 ], [ 2801640.591599999461323, 826081.417699998244643 ], [ 2801590.446400000713766, 826071.354500002460554 ], [ 2801560.638499999884516, 826065.753700002329424 ], [ 2801499.293300005141646, 826054.226100005907938 ], [ 2801489.095600005239248, 826052.667899997206405 ], [ 2801438.296899997163564, 826041.614100003382191 ], [ 2801438.258400002028793, 826041.605700002750382 ], [ 2801438.207, 826041.594500005012378 ], [ 2801437.137900003697723, 826041.399600001983345 ], [ 2801426.204300003126264, 826039.406100003048778 ], [ 2801367.625500003807247, 826029.079500002553686 ], [ 2801264.000100000761449, 826006.886499998159707 ], [ 2801215.814400004222989, 825995.980000001844019 ], [ 2801195.047300005331635, 825991.279499999247491 ], [ 2801024.80679999710992, 825956.358999998774379 ], [ 2801020.593600000720471, 825955.49480000231415 ], [ 2801014.022599998861551, 825954.14689999492839 ], [ 2801011.274300002492964, 825953.635200002696365 ], [ 2801011.185900004580617, 825953.618699999758974 ], [ 2800991.602200002875179, 826048.486699998145923 ], [ 2800958.7319, 826211.729200000641868 ], [ 2800954.450799998361617, 826228.030000001424924 ], [ 2800944.869400002062321, 826265.8628 ], [ 2800930.921300003305078, 826328.624600005103275 ], [ 2800914.040500001516193, 826385.615600001532584 ], [ 2800892.142600001301616, 826447.147100005764514 ], [ 2800846.964500001631677, 826467.04230000032112 ], [ 2800846.680999998934567, 826479.209499998949468 ], [ 2800846.680600004270673, 826479.225399996619672 ], [ 2800846.300199997611344, 826495.549499996006489 ], [ 2800845.32490000128746, 826507.059899996966124 ], [ 2800845.318899994716048, 826507.131099999183789 ], [ 2800844.466899995692074, 826517.185999999754131 ], [ 2800844.466399995610118, 826517.191600003046915 ], [ 2800843.258900002576411, 826531.443300002487376 ], [ 2800833.446300000417978, 826571.484999995445833 ], [ 2800831.138599999248981, 826580.902100000297651 ], [ 2800817.5735999988392, 826629.005000002449378 ], [ 2800798.91450000135228, 826688.765699999406934 ], [ 2800798.905599992256612, 826688.794100001454353 ], [ 2800798.213299998547882, 826691.011299999896437 ], [ 2800796.949000001419336, 826695.8719999990426 ], [ 2800786.755700003355742, 826735.060500000603497 ], [ 2800779.078899999149144, 826775.111800004262477 ], [ 2800768.609700001310557, 826826.346800002269447 ], [ 2800767.570499998051673, 826831.069799996912479 ], [ 2800750.646799999289215, 826907.981199997942895 ], [ 2800748.466999999713153, 826913.89649999840185 ], [ 2800736.362400001380593, 826946.742300001205876 ], [ 2800733.875899996608496, 826953.489399997517467 ], [ 2800728.442299999296665, 826988.939199997810647 ], [ 2800739.295499999076128, 827076.967099998146296 ], [ 2800755.8175999969244, 827186.077900004340336 ], [ 2800762.377600003033876, 827232.268499997677281 ], [ 2800767.477100001648068, 827275.250699997879565 ], [ 2800781.321099997498095, 827391.939199994783849 ], [ 2800800.327200001571327, 827533.352200001943856 ], [ 2800803.480200001969934, 827567.590200003469363 ], [ 2800824.837300006765872, 827721.494099999079481 ], [ 2800837.792299999389797, 827762.86569999740459 ], [ 2800880.184399997349828, 827868.482399998232722 ], [ 2800916.330600003711879, 827956.05090000317432 ], [ 2800930.538800001144409, 827986.710399999981746 ], [ 2800937.958300003781915, 827999.158400000538677 ], [ 2800948.279200004413724, 828068.764399998355657 ], [ 2800959.752699997741729, 828164.058499996783212 ], [ 2800972.041599997784942, 828272.791000001132488 ], [ 2800972.878499996848404, 828278.70189999951981 ], [ 2800975.512900004629046, 828295.766899997834116 ], [ 2800980.297499999403954, 828328.625300001585856 ], [ 2800984.210400001145899, 828393.628200000151992 ], [ 2800985.593900001142174, 828404.809400004101917 ], [ 2800989.645800004713237, 828431.158399997511879 ], [ 2801004.397700000554323, 828525.992499995743856 ], [ 2801012.132299999706447, 828601.901800002902746 ], [ 2801018.040199999231845, 828643.96550000179559 ], [ 2801025.544500004034489, 828695.523199999006465 ], [ 2801033.875000001862645, 828764.018000002019107 ], [ 2801036.639599998947233, 828786.390099999494851 ], [ 2801048.538900002837181, 828879.598000004887581 ], [ 2801052.710700002033263, 828927.330900000408292 ], [ 2801061.87850000243634, 829007.687800001585856 ], [ 2801071.670100003480911, 829098.49850000324659 ], [ 2801088.502200003247708, 829222.243399996776134 ], [ 2801102.600399997085333, 829309.530300002079457 ], [ 2801112.516099993605167, 829405.038900001905859 ], [ 2801112.569799993187189, 829405.555600001243874 ], [ 2801112.57030000211671, 829405.560000003082678 ], [ 2801112.645300000905991, 829406.282899999758229 ], [ 2801124.344599998556077, 829498.340399996144697 ], [ 2801140.242599997669458, 829617.485800003167242 ], [ 2801154.838499997276813, 829744.041299994802102 ], [ 2801169.184199997689575, 829845.518599997041747 ], [ 2801176.244499996770173, 829908.684799999929965 ], [ 2801177.041400001384318, 829915.813700005412102 ], [ 2801184.844700003508478, 829989.097100002225488 ], [ 2801194.293700000271201, 830069.606899995589629 ], [ 2801200.993900001514703, 830170.691799995722249 ], [ 2801200.9932, 830170.6949 ], [ 2801196.879800000693649, 830188.76289999531582 ], [ 2801124.701199997682124, 830288.278899997705594 ], [ 2801117.129199997987598, 830303.859399997396395 ], [ 2801104.410400000400841, 830329.842100002104416 ], [ 2801095.02909999853, 830349.006799997529015 ], [ 2801079.960900004953146, 830379.788699997356161 ], [ 2801048.590800005476922, 830441.651800001040101 ], [ 2800950.719699999783188, 830624.089400000404567 ], [ 2800928.416799996513873, 830656.98130000079982 ], [ 2800915.565700004808605, 830675.933599999407306 ], [ 2800902.302700000815094, 830699.524899996584281 ], [ 2800898.311599999200553, 830706.624000005889684 ], [ 2800891.194100001826882, 830730.070999995572492 ], [ 2800890.89549999916926, 830749.480400000931695 ], [ 2800894.232000004034489, 830792.8739 ], [ 2800913.224999998230487, 830906.817099999636412 ], [ 2800925.80460000038147, 830975.473800000268966 ], [ 2800932.450699998065829, 831016.344700002344325 ], [ 2800958.618600007612258, 831114.231199997244403 ], [ 2800973.072800003923476, 831148.598500002874061 ], [ 2800977.434900002554059, 831158.43809999525547 ], [ 2800978.272399998269975, 831160.327200001804158 ], [ 2801001.617500003892928, 831216.963599998271093 ], [ 2801036.325900005176663, 831364.112300004344434 ], [ 2801049.781499997712672, 831448.514199999626726 ], [ 2801060.552100004628301, 831498.133500000927597 ], [ 2801066.226299999281764, 831525.820300000254065 ], [ 2801097.533000000286847, 831662.748700000345707 ], [ 2801106.170199994463474, 831707.039900001138449 ], [ 2801106.173299998510629, 831707.055099997436628 ], [ 2801115.969400006812066, 831773.391499996418133 ], [ 2801137.228099999483675, 831884.212200002046302 ], [ 2801139.874399997293949, 831898.1360999988392 ], [ 2801154.9572, 831937.903100001858547 ], [ 2801189.456500001717359, 831992.748600001679733 ], [ 2801250.352399993687868, 832080.02530000009574 ], [ 2801250.362199997063726, 832080.039299994939938 ], [ 2801257.170100004412234, 832076.851200001779944 ] ] ] ] } },
{ "type": "Feature", "properties": { "CVEGEO": "09014", "CVE_ENT": "09", "CVE_MUN": "014", "NOMGEO": "Benito Juárez" }, "geometry": { "type": "MultiPolygon", "coordinates": [ [ [ [ 2798801.483900002203882, 825870.901300000958145 ], [ 2798883.49950000224635, 825868.095299997599795 ], [ 2798895.7031, 825867.839100000681356 ], [ 2798973.993599999230355, 825864.002600001636893 ], [ 2798993.700900005642325, 825863.036800001515076 ], [ 2799009.362400002311915, 825862.494999997317791 ], [ 2799078.363100001588464, 825860.107900004135445 ], [ 2799157.783200000878423, 825857.300299996044487 ], [ 2799222.722599996253848, 825855.271599999628961 ], [ 2799235.034400000236928, 825854.887000001734123 ], [ 2799243.475200000219047, 825854.557900001294911 ], [ 2799331.824099998921156, 825851.112699999241158 ], [ 2799421.551700000651181, 825847.530500002903864 ], [ 2799497.53490000218153, 825845.171600001165643 ], [ 2799510.2856, 825844.7757000005804 ], [ 2799518.56319999601692, 825844.425200004363433 ], [ 2799605.3144, 825840.751600002404302 ], [ 2799691.566399998497218, 825837.277299996931106 ], [ 2799703.610200003255159, 825836.792200000258163 ], [ 2799712.749499996192753, 825836.464800001122057 ], [ 2799762.542699999175966, 825834.680799996713176 ], [ 2799787.171599995344877, 825833.402699997415766 ], [ 2799793.729000005405396, 825830.736099999863654 ], [ 2799795.052900004200637, 825829.1700999957975 ], [ 2799801.613799995742738, 825821.409299995750189 ], [ 2799805.427599992603064, 825816.898100001737475 ], [ 2799809.117299993988127, 825809.176499998196959 ], [ 2799812.089599996805191, 825802.95620000269264 ], [ 2799817.60180000634864, 825789.626300001516938 ], [ 2799827.169699998572469, 825778.411800002679229 ], [ 2799842.220600000582635, 825770.500800002599135 ], [ 2799851.998399999458343, 825767.717799999751151 ], [ 2799862.485200005583465, 825764.733000001404434 ], [ 2799874.314400003291667, 825763.192800003802404 ], [ 2799855.406500000972301, 825624.252599995583296 ], [ 2799853.199100005906075, 825600.500199998728931 ], [ 2799847.179700002539903, 825554.387299996800721 ], [ 2799831.63569999858737, 825435.882700002053753 ], [ 2799820.001799998339266, 825363.3990999951493 ], [ 2799910.800800002645701, 825358.25349999894388 ], [ 2799960.411799999885261, 825356.405999999959022 ], [ 2800020.87749999621883, 825355.460900003090501 ], [ 2800078.865400004200637, 825354.220500000519678 ], [ 2800148.957400002051145, 825351.696500000543892 ], [ 2800211.089800002984703, 825351.698499999940395 ], [ 2800263.768200000282377, 825351.582499997923151 ], [ 2800316.434500005561858, 825349.760799996787682 ], [ 2800377.44749999511987, 825348.429600002476946 ], [ 2800413.226000001188368, 825348.754399997415021 ], [ 2800473.948799998033792, 825349.310100000118837 ], [ 2800474.269900001119822, 825203.984400001820177 ], [ 2800469.272900000214577, 825103.5656999994535 ], [ 2800456.175399997737259, 825082.482100001070648 ], [ 2800443.287100000306964, 825052.999100000364706 ], [ 2800429.802500000689179, 824994.18929999647662 ], [ 2800425.472399999387562, 824972.786600002786145 ], [ 2800408.674199999310076, 824876.41290000337176 ], [ 2800405.62459999974817, 824858.767299999017268 ], [ 2800404.776500002946705, 824853.828899999847636 ], [ 2800404.306199999060482, 824851.091100000077859 ], [ 2800392.895800006110221, 824784.65709999599494 ], [ 2800392.012999993748963, 824779.516900001326576 ], [ 2800389.383000005502254, 824764.204300004756078 ], [ 2800387.219900001771748, 824750.675599998328835 ], [ 2800386.032699998933822, 824743.972699996549636 ], [ 2800372.417499997653067, 824667.10729999630712 ], [ 2800370.315700004808605, 824652.610500001348555 ], [ 2800368.819399994798005, 824645.638999995077029 ], [ 2800366.901600005570799, 824636.703800003742799 ], [ 2800366.641000006813556, 824635.488600002601743 ], [ 2800366.639700000174344, 824635.482900002971292 ], [ 2800366.255400000605732, 824633.692600002745166 ], [ 2800365.988600002136081, 824632.240600001299754 ], [ 2800342.221100005786866, 824502.916600001510233 ], [ 2800341.488300000317395, 824499.291299997828901 ], [ 2800338.760600002016872, 824485.798099996056408 ], [ 2800337.467700000852346, 824480.600099997827783 ], [ 2800311.971100001130253, 824378.096999999834225 ], [ 2800311.617299999110401, 824376.094399999128655 ], [ 2800307.921499995049089, 824355.175100001040846 ], [ 2800304.041900006122887, 824330.604999999748543 ], [ 2800303.669100001920015, 824328.244899996789172 ], [ 2800292.684699995443225, 824269.499299997696653 ], [ 2800280.791199996136129, 824198.266700003528967 ], [ 2800279.766800003126264, 824192.195000003557652 ], [ 2800277.132600006181747, 824176.583600002573803 ], [ 2800261.190899995155632, 824079.405000000959262 ], [ 2800242.673900004010648, 823986.623199996072799 ], [ 2800238.456600003875792, 823966.313200004165992 ], [ 2800226.704099997412413, 823909.744700004113838 ], [ 2800223.274100000504404, 823894.292599996551871 ], [ 2800222.083899999037385, 823888.930900003062561 ], [ 2800221.119999993126839, 823883.956799997482449 ], [ 2800220.700999995693564, 823881.795700001530349 ], [ 2800198.265999999828637, 823766.075399998575449 ], [ 2800196.676299993414432, 823758.405999995302409 ], [ 2800194.531000007875264, 823748.055700001539662 ], [ 2800194.210900004021823, 823746.51069999858737 ], [ 2800193.845599997323006, 823744.749099998502061 ], [ 2800172.852700003422797, 823627.668699999339879 ], [ 2800171.179599997587502, 823618.807200000621378 ], [ 2800169.971900002565235, 823612.411300002131611 ], [ 2800167.605800001416355, 823599.879400002071634 ], [ 2800156.107099998276681, 823527.439900001976639 ], [ 2800149.703100006096065, 823489.816000001737848 ], [ 2800148.858400002587587, 823485.189400002127513 ], [ 2800145.606700000818819, 823467.378699999768287 ], [ 2800145.0173, 823463.554099999601021 ], [ 2800134.055100004188716, 823392.432000000728294 ], [ 2800120.318299997597933, 823313.796000003581867 ], [ 2800095.960500005632639, 823185.956099998904392 ], [ 2800095.344000000506639, 823182.720800003502518 ], [ 2800092.860200005117804, 823169.684699999867007 ], [ 2800092.584999997634441, 823168.240300000878051 ], [ 2800060.580199997872114, 823023.326499997638166 ], [ 2800050.108400003984571, 822961.847099997336045 ], [ 2800045.979300000239164, 822937.605099996784702 ], [ 2800022.74880000250414, 822827.245999996317551 ], [ 2800016.33609999390319, 822791.756900003179908 ], [ 2800003.025200003758073, 822720.637600001413375 ], [ 2799997.412699997425079, 822681.013399997958913 ], [ 2799975.702299999073148, 822567.419700003461912 ], [ 2799954.339899998158216, 822459.358700002077967 ], [ 2799928.50870000012219, 822321.374999999068677 ], [ 2799908.924400001764297, 822228.662200004328042 ], [ 2799885.688800000585616, 822098.596400002483279 ], [ 2799862.709399996325374, 821988.121300000231713 ], [ 2799849.430800001136959, 821920.812200000043958 ], [ 2799832.217100002337247, 821832.000699996948242 ], [ 2799823.796800003852695, 821775.832499999552965 ], [ 2799812.508699999656528, 821707.945800001267344 ], [ 2799800.332800002768636, 821642.748599995858967 ], [ 2799786.284199996385723, 821577.137600001180544 ], [ 2799771.213500003796071, 821507.969799995888025 ], [ 2799758.329700004775077, 821435.22219999670051 ], [ 2799747.144099998753518, 821374.244500000961125 ], [ 2799734.962799999862909, 821305.560500003164634 ], [ 2799722.071500003803521, 821233.217700005043298 ], [ 2799709.2774, 821157.682900002924725 ], [ 2799695.211800000164658, 821086.73210000153631 ], [ 2799675.097299998626113, 820981.548799996962771 ], [ 2799650.849300000350922, 820850.435899999924004 ], [ 2799628.139000000432134, 820741.344099995680153 ], [ 2799629.177500002551824, 820716.01799999573268 ], [ 2799635.191399998962879, 820691.581500004045665 ], [ 2799573.485200003255159, 820695.24610000057146 ], [ 2799536.893700001761317, 820697.419200001051649 ], [ 2799520.943800000473857, 820698.36659999541007 ], [ 2799501.110799993854016, 820700.493800000054762 ], [ 2799461.289199996739626, 820704.785199996316805 ], [ 2799410.723399995360523, 820710.190800003707409 ], [ 2799378.916900001000613, 820713.496199996676296 ], [ 2799368.571799998171628, 820713.935899997362867 ], [ 2799314.270199998281896, 820716.243300000205636 ], [ 2799250.716399998869747, 820719.673900002380833 ], [ 2799213.23910000314936, 820721.280100002419204 ], [ 2799192.519000004976988, 820721.867699997033924 ], [ 2799158.191200002562255, 820723.869099996518344 ], [ 2799115.144100004807115, 820725.647400001063943 ], [ 2799085.595100001432002, 820726.104600004153326 ], [ 2799053.040200002025813, 820726.615499998442829 ], [ 2799030.116100002545863, 820726.975299998186529 ], [ 2798967.00950000109151, 820727.588499997742474 ], [ 2798945.816500003449619, 820727.825900003081188 ], [ 2798911.483000001404434, 820728.210299999220297 ], [ 2798890.579699997790158, 820728.33470000163652 ], [ 2798859.372800002340227, 820728.520500002894551 ], [ 2798838.000200002919883, 820728.998199998633936 ], [ 2798818.843300003092736, 820729.426299998303875 ], [ 2798773.225199996028095, 820730.445900003425777 ], [ 2798766.766500004101545, 820730.685500001069158 ], [ 2798684.643700005952269, 820733.732199997873977 ], [ 2798602.505599997472018, 820736.654599997680634 ], [ 2798561.779399997554719, 820738.137299998663366 ], [ 2798519.643499996513128, 820739.896600001258776 ], [ 2798492.246600001584738, 820740.778099998598918 ], [ 2798436.590400003362447, 820742.568800002103671 ], [ 2798426.012400002218783, 820742.733900000341237 ], [ 2798415.51399999530986, 820742.897599995601922 ], [ 2798357.81629999820143, 820745.804599997354671 ], [ 2798237.747900000307709, 820749.900099999504164 ], [ 2798204.769500005058944, 820751.593499996233732 ], [ 2798180.681599997915328, 820752.830300003523007 ], [ 2798152.674999993294477, 820753.486999996006489 ], [ 2798119.068700002040714, 820754.27479999884963 ], [ 2798102.5793999992311, 820754.703499994706362 ], [ 2798086.291800003964454, 820755.126999999629334 ], [ 2797985.5071000023745, 820759.055500000715256 ], [ 2797984.046999998390675, 820759.112400001147762 ], [ 2797918.962100003380328, 820761.649399996502325 ], [ 2797856.57319999858737, 820764.079799998551607 ], [ 2797848.483799997717142, 820764.17009999928996 ], [ 2797839.997199998702854, 820764.265700004994869 ], [ 2797818.655599997378886, 820765.238099999260157 ], [ 2797762.662500003352761, 820767.790099997771904 ], [ 2797721.853799997828901, 820769.649999995715916 ], [ 2797648.641999998129904, 820772.902500004274771 ], [ 2797614.471900002099574, 820774.42149999900721 ], [ 2797571.198200001846999, 820776.027400000952184 ], [ 2797510.821900002658367, 820778.269699995871633 ], [ 2797471.327599999494851, 820779.736400002380833 ], [ 2797341.976300002541393, 820784.231699998723343 ], [ 2797330.11029999377206, 820784.64369999896735 ], [ 2797153.429600004572421, 820791.888099997770041 ], [ 2797089.898299996741116, 820794.767800002591684 ], [ 2797002.037800000514835, 820798.750199996400625 ], [ 2796855.475000005681068, 820803.962499996414408 ], [ 2796770.305599998217076, 820807.46330000134185 ], [ 2796752.194700006395578, 820808.065100001404062 ], [ 2796705.801000002305955, 820809.607299998169765 ], [ 2796623.864299994893372, 820812.261900000041351 ], [ 2796561.589299995917827, 820815.58619999838993 ], [ 2796555.756000000983477, 820815.8975999946706 ], [ 2796496.408100002445281, 820821.441000003367662 ], [ 2796494.641699996776879, 820821.628699998604134 ], [ 2796454.906999998260289, 820830.7835999999661 ], [ 2796429.076399996411055, 820839.256399997044355 ], [ 2796417.535499997902662, 820843.531200002646074 ], [ 2796412.903699998278171, 820845.245999995153397 ], [ 2796383.781400000210851, 820861.964999995660037 ], [ 2796292.666900005191565, 820916.95099999755621 ], [ 2796291.095200001262128, 820917.900399999925867 ], [ 2796168.792900000233203, 820992.493799996795133 ], [ 2796145.083699998445809, 821009.886399996001273 ], [ 2796124.360100001562387, 821029.080300000263378 ], [ 2796078.142500000540167, 821081.750700000440702 ], [ 2796048.806700000539422, 821116.073699997272342 ], [ 2795992.216799996327609, 821182.284099998185411 ], [ 2795975.994599998462945, 821198.47540000337176 ], [ 2795960.852599998004735, 821213.39629999967292 ], [ 2795928.518100001849234, 821244.306300002150238 ], [ 2795863.181400002446026, 821306.747399998595938 ], [ 2795826.58590000262484, 821341.721099999034777 ], [ 2795758.983099992852658, 821406.32809999701567 ], [ 2795755.868799997493625, 821409.304300001822412 ], [ 2795751.390500003937632, 821413.927400002721697 ], [ 2795705.386299999430776, 821461.419200001051649 ], [ 2795646.762500007171184, 821520.510499999625608 ], [ 2795635.972399998921901, 821510.980600002221763 ], [ 2795604.731299996376038, 821483.388100002193823 ], [ 2795581.124700006563216, 821459.004600000102073 ], [ 2795536.754900002386421, 821412.266500002937391 ], [ 2795496.544499998446554, 821370.230800002580509 ], [ 2795480.166199999395758, 821330.15109999710694 ], [ 2795470.247000004164875, 821308.330000002169982 ], [ 2795456.401999999769032, 821296.869399999035522 ], [ 2795436.034300000406802, 821283.91150000388734 ], [ 2795414.91399999614805, 821275.600099995965138 ], [ 2795394.189399999566376, 821270.876800003228709 ], [ 2795357.780200000386685, 821267.886499998159707 ], [ 2795313.199499999172986, 821269.508499999530613 ], [ 2795289.613700000103563, 821267.099599998211488 ], [ 2795253.679700006265193, 821256.667900004191324 ], [ 2795221.706799998413771, 821243.825399996945634 ], [ 2795172.175399994943291, 821225.635699999984354 ], [ 2795135.993299998342991, 821201.96409999858588 ], [ 2795090.911199999041855, 821169.372399996733293 ], [ 2795047.159699997864664, 821137.742499996442348 ], [ 2795028.859600001946092, 821130.405499999411404 ], [ 2795011.14349999697879, 821128.647700004978105 ], [ 2794911.322800006717443, 821134.970299996901304 ], [ 2794893.97020000172779, 821133.803900002501905 ], [ 2794854.796599998138845, 821128.722500002477318 ], [ 2794837.243000004906207, 821126.747299995506182 ], [ 2794822.19789999909699, 821127.070399997988716 ], [ 2794723.136899998877198, 821163.253500003367662 ], [ 2794705.187500000931323, 821172.21609999705106 ], [ 2794682.784300000872463, 821183.820599995320663 ], [ 2794593.477599999401718, 821250.499599998584017 ], [ 2794576.600400001741946, 821256.998199997004122 ], [ 2794565.066399995237589, 821260.656100002815947 ], [ 2794554.565900001209229, 821263.065600000321865 ], [ 2794544.999700001440942, 821264.21170000359416 ], [ 2794530.231899999082088, 821265.255899996263906 ], [ 2794506.320499998051673, 821261.286299996078014 ], [ 2794458.183700005058199, 821262.30769999884069 ], [ 2794351.12510000448674, 821284.119900002144277 ], [ 2794314.199699996970594, 821293.247600002912804 ], [ 2794251.905199996661395, 821310.768400001339614 ], [ 2794265.3986, 821459.614000002620742 ], [ 2794274.692500003613532, 821572.010200000135228 ], [ 2794278.329899999778718, 821636.440099995350465 ], [ 2794280.084700003731996, 821675.503199994796887 ], [ 2794278.832799996715039, 821686.345699996687472 ], [ 2794276.877999994438142, 821697.719799995888025 ], [ 2794274.898999999277294, 821708.242199994158 ], [ 2794269.835199998226017, 821727.214099999750033 ], [ 2794262.861100004985929, 821745.073199996957555 ], [ 2794252.200900005642325, 821764.00500000291504 ], [ 2794228.869499996770173, 821806.10069999913685 ], [ 2794205.665999998338521, 821849.435500000137836 ], [ 2794195.04889999749139, 821867.828299999237061 ], [ 2794184.639399996958673, 821892.47289999993518 ], [ 2794180.935700000263751, 821903.105000004172325 ], [ 2794173.427099998574704, 821927.508299997309223 ], [ 2794169.313900001347065, 821945.307500003837049 ], [ 2794165.342500003520399, 821969.341799998655915 ], [ 2794162.970200003124774, 821997.920600000070408 ], [ 2794162.193599998019636, 822024.41429999563843 ], [ 2794163.479700003284961, 822044.458799995947629 ], [ 2794168.500899997074157, 822103.247300000395626 ], [ 2794176.545100003480911, 822194.878100000321865 ], [ 2794176.926500000525266, 822210.710799998370931 ], [ 2794174.889399994630367, 822234.426100003300235 ], [ 2794172.165899996645749, 822248.296899996697903 ], [ 2794166.899899996817112, 822266.327300000237301 ], [ 2794155.711000002454966, 822294.296199999283999 ], [ 2794145.689900005236268, 822317.583700002869591 ], [ 2794136.109499999787658, 822337.848200002452359 ], [ 2794125.490899999625981, 822369.019999996526167 ], [ 2794123.737599994987249, 822379.846000004326925 ], [ 2794121.331900002900511, 822393.974599999142811 ], [ 2794120.762699996586889, 822402.710599999409169 ], [ 2794120.991800006479025, 822424.189500002190471 ], [ 2794128.16139999916777, 822496.06180000375025 ], [ 2794141.071699997410178, 822610.728899999521673 ], [ 2794151.404999997466803, 822703.586300000082701 ], [ 2794152.954599995166063, 822719.208800002234057 ], [ 2794164.789399996399879, 822846.456 ], [ 2794165.490999993868172, 822874.506299999309704 ], [ 2794164.540899998508394, 822898.091599998762831 ], [ 2794163.184500002767891, 822917.438400003826246 ], [ 2794155.773699999321252, 822998.506000004475936 ], [ 2794154.458499999251217, 823013.444299997761846 ], [ 2794147.463000001385808, 823091.01680000196211 ], [ 2794146.133200001437217, 823171.014299998059869 ], [ 2794145.176500003319234, 823223.237700002035126 ], [ 2794144.733600001782179, 823279.293099998030812 ], [ 2794144.31349999923259, 823311.819100004155189 ], [ 2794143.324299995787442, 823427.386799995554611 ], [ 2794146.538599998690188, 823453.28029999579303 ], [ 2794147.77189999865368, 823459.904300004942343 ], [ 2794148.976999998092651, 823466.040900002466515 ], [ 2794176.916399999056011, 823542.388400002149865 ], [ 2794183.937599997967482, 823560.757599995704368 ], [ 2794191.119099998380989, 823579.54510000301525 ], [ 2794191.400199998635799, 823580.279199997428805 ], [ 2794216.144900003448129, 823645.017299996921793 ], [ 2794232.367499995511025, 823687.459900002926588 ], [ 2794275.590699996799231, 823797.582700002705678 ], [ 2794281.825100000947714, 823817.380500002764165 ], [ 2794298.476700005121529, 823891.000900000333786 ], [ 2794315.77870000526309, 823965.692700000246987 ], [ 2794330.092699998058379, 824028.298700002254918 ], [ 2794332.96149999415502, 824040.465900000650436 ], [ 2794347.560699999798089, 824103.48070000205189 ], [ 2794363.111100004985929, 824172.955699994694442 ], [ 2794365.685900002717972, 824184.302499996731058 ], [ 2794380.547100001014769, 824250.612200003582984 ], [ 2794407.36889999685809, 824367.640099995303899 ], [ 2794428.717699998058379, 824463.655300001613796 ], [ 2794438.834100002422929, 824500.86970000108704 ], [ 2794468.249499996192753, 824598.406499997712672 ], [ 2794472.299500006251037, 824621.445899997837842 ], [ 2794472.513499998953193, 824643.014499996323138 ], [ 2794471.250499999150634, 824663.294499999145046 ], [ 2794468.855300003662705, 824674.480700001353398 ], [ 2794466.426900000777096, 824685.380299996584654 ], [ 2794462.269700001459569, 824697.418699999572709 ], [ 2794449.348300002049655, 824728.862299998756498 ], [ 2794437.219700003508478, 824757.312900000950322 ], [ 2794434.244700000155717, 824765.271900001214817 ], [ 2794395.921800006646663, 824857.55339999566786 ], [ 2794396.598700002301484, 824857.636900000739843 ], [ 2794441.746600002516061, 824863.207799999276176 ], [ 2794452.869999994058162, 824864.701000005239621 ], [ 2794524.852500001434237, 824869.904700003098696 ], [ 2794548.27610000455752, 824871.798099997686222 ], [ 2794553.464100006502122, 824871.937399998307228 ], [ 2794664.467699993401766, 824868.46239999984391 ], [ 2794676.352399997413158, 824869.484999995213002 ], [ 2794719.519599992316216, 824881.752799997804686 ], [ 2794787.184500002302229, 824903.092999996384606 ], [ 2794797.953199997544289, 824906.638399998890236 ], [ 2794869.209599999245256, 824923.625699997181073 ], [ 2794892.798000002745539, 824927.312699997797608 ], [ 2794913.899099994450808, 824930.321300003444776 ], [ 2794984.587899994105101, 824959.66060000192374 ], [ 2795083.674900002311915, 825000.328699999954551 ], [ 2795106.542399999685585, 825012.49030000413768 ], [ 2795121.152999995741993, 825023.151700004702434 ], [ 2795161.687899996526539, 825027.579299997305498 ], [ 2795214.244999995455146, 825039.463500001700595 ], [ 2795240.626500003505498, 825040.350999996531755 ], [ 2795324.862400006037205, 825061.440699998056516 ], [ 2795391.381700003985316, 825076.924199997913092 ], [ 2795455.162699993234128, 825074.721099999500439 ], [ 2795528.33059999672696, 825092.878700002795085 ], [ 2795572.531099993735552, 825103.57039999961853 ], [ 2795577.729600000660866, 825104.827699999557808 ], [ 2795682.440699998755008, 825130.273799999849871 ], [ 2795691.068099997937679, 825132.368999998783693 ], [ 2795753.00740000186488, 825148.090799998259172 ], [ 2795806.566999998409301, 825161.686999997822568 ], [ 2795911.740599995944649, 825212.960799997439608 ], [ 2795916.917000005487353, 825214.751799999270588 ], [ 2795918.656599996145815, 825215.354699995368719 ], [ 2795957.771099998150021, 825228.890899999067187 ], [ 2795966.972, 825232.075099998852238 ], [ 2796030.001500006765127, 825253.889300001552328 ], [ 2796058.620700005907565, 825263.732600003248081 ], [ 2796147.349000002257526, 825294.249800000572577 ], [ 2796336.598600004334003, 825359.339599997503683 ], [ 2796356.396899995394051, 825364.674000002676621 ], [ 2796371.117299993988127, 825368.639900002395734 ], [ 2796491.505800004117191, 825401.074399997945875 ], [ 2796569.934100004378706, 825422.205400000093505 ], [ 2796583.182, 825425.774800003040582 ], [ 2796586.73219999903813, 825426.731099997647107 ], [ 2796594.179999998304993, 825428.737399998819456 ], [ 2796601.08060000045225, 825430.596200000494719 ], [ 2796615.880000005476177, 825435.116699998034164 ], [ 2796637.994800000917166, 825441.871700003743172 ], [ 2796681.710799997672439, 825458.706800002837554 ], [ 2796748.6442, 825487.706399999326095 ], [ 2796811.618200000375509, 825513.760900002671406 ], [ 2796843.095199999865144, 825526.897699998226017 ], [ 2796874.570900001563132, 825540.033899997128174 ], [ 2796926.816799997352064, 825563.323300003539771 ], [ 2796971.534900005441159, 825584.48569999798201 ], [ 2797026.122400002088398, 825606.682400002842769 ], [ 2797084.269599994644523, 825629.286499995272607 ], [ 2797108.276600000914186, 825637.839299998478964 ], [ 2797142.74859999679029, 825650.465400001499802 ], [ 2797171.949699999764562, 825660.580600004876032 ], [ 2797184.324400002136827, 825664.867199995554984 ], [ 2797197.144100001547486, 825669.600599998841062 ], [ 2797237.805399995297194, 825684.613999996567145 ], [ 2797283.703100003302097, 825700.0234999966342 ], [ 2797329.993199995718896, 825716.03370000096038 ], [ 2797342.374099997337908, 825720.316199996741489 ], [ 2797372.509900006465614, 825730.730399997206405 ], [ 2797386.950700004119426, 825735.720699998782948 ], [ 2797401.006599997170269, 825740.341099998913705 ], [ 2797454.710400004405528, 825757.994400002062321 ], [ 2797527.317799999844283, 825782.915700000943616 ], [ 2797574.315800002776086, 825798.592900002608076 ], [ 2797614.889400000218302, 825811.989200000651181 ], [ 2797658.499600001610816, 825826.606899999314919 ], [ 2797716.247799998149276, 825844.046599995577708 ], [ 2797738.843400002457201, 825849.995799995958805 ], [ 2797765.580700003076345, 825855.061000000219792 ], [ 2797804.386799998581409, 825860.163699999684468 ], [ 2797821.500400002114475, 825860.15420000301674 ], [ 2797883.237599995452911, 825861.385499994968995 ], [ 2797902.211999999824911, 825861.763900001998991 ], [ 2797919.839000005740672, 825862.073700002161786 ], [ 2798141.638499999884516, 825865.969899999210611 ], [ 2798213.941200007218868, 825867.699099998688325 ], [ 2798281.47730000410229, 825869.135299998801202 ], [ 2798337.964299998711795, 825869.552999998675659 ], [ 2798347.635899999178946, 825869.616000002250075 ], [ 2798427.804300006944686, 825871.066300002625212 ], [ 2798445.69229999743402, 825871.389899996109307 ], [ 2798446.256800003815442, 825871.389899996109307 ], [ 2798450.19609999936074, 825871.390000001527369 ], [ 2798461.431500003207475, 825871.390200003050268 ], [ 2798494.793100001756102, 825871.390900004655123 ], [ 2798595.585800000466406, 825872.524700005305931 ], [ 2798613.044299996923655, 825872.720699995756149 ], [ 2798624.8303, 825872.601700003724545 ], [ 2798682.342399997636676, 825872.780600004130974 ], [ 2798716.061300005763769, 825872.885899999411777 ], [ 2798801.483900002203882, 825870.901300000958145 ] ] ] ] } }
]
}
